id,name,brand,department,category,subcategory,price,compare_at_price,description,details,style,material,color_family,colors,use_case,room,occasion,fit,season,price_tier,tags,variants,images,url
fd-top-01,Static Oversized Tee,SEOM,unisex,Tops,T-shirts,68,,"A 300 gsm cotton tee cut wide through the body with dropped shoulders and a thick ribbed collar that keeps its shape. The front carries a hand-drawn TV-static graphic in screen-printed red and cobalt over washed black, with a small SEOM tab at the hem. Loud, boxy and made to sit over cargos or under an open puffer.","100% combed cotton jersey, 300 gsm | Oversized boxy fit; size down for a regular cut | Model is 6'0"" and wears L | Screen-printed front graphic, plastisol inks | Machine wash cold inside out, do not tumble dry | Made in South Korea",streetwear,heavyweight cotton,black | bold,washed black | red | cobalt,everyday | layering under outerwear,,everyday | weekend | night out,oversized,all-season,budget,heavyweight | graphic | oversized | made in korea,XS:yes | S:yes | M:yes | L:yes | XL:no,http://localhost:3002/fold/fd-top-01.jpg,http://localhost:3002/fold/p/seom-static-oversized-tee
fd-top-02,Sportswear Max90 Tee,Nike,men,Tops,T-shirts,45,,"Nike's Max90 is a thick, dry-handed cotton tee with a roomy body, dropped shoulders and a slightly longer sleeve. This one comes in University Red with an oversized Swoosh across the chest in white. Sporty and bold, it works on its own with track pants or wide jeans and a fresh pair of sneakers.","100% cotton jersey | Loose fit with dropped shoulders | Model is 6'1"" and wears L | Screen-printed Swoosh graphic | Machine wash cold | Imported",streetwear | athletic,cotton,bold,university red | white,everyday | sneaker outfits,,everyday | weekend | campus,oversized,spring | summer,budget,logo | boxy | bold color | sporty,S:yes | M:yes | L:yes | XL:yes | XXL:yes,http://localhost:3002/fold/fd-top-02.jpg,http://localhost:3002/fold/p/nike-sportswear-max90-tee
fd-top-03,Halo Baby Tee,SEOM,women,Tops,T-shirts,48,,"A cropped baby tee in stretch cotton rib that fits close through the body and stops just above the navel. It comes in a pale lilac with a small chrome-foil halo printed at the chest and contrast binding at the neck and cuffs. Pure early-2000s: wear it with low-rise cargos, a slim belt and retro runners.","95% cotton, 5% elastane rib, 200 gsm | Slim, cropped fit; body length 17 in on size S | Model is 5'7"" and wears S | Metallic foil print, wash inside out | Made in South Korea",y2k-retro | streetwear,stretch cotton rib,pastel,lilac | chrome silver,going out | layering,,night out | festival | weekend,slim,spring | summer,budget,baby tee | cropped | metallic | new season,XS:yes | S:yes | M:no | L:yes | XL:yes,http://localhost:3002/fold/fd-top-03.jpg,http://localhost:3002/fold/p/seom-halo-baby-tee
fd-top-04,Schatten Long Tee,Asche,unisex,Tops,T-shirts,95,,"A long-line tee in heavy, fluid modal-cotton jersey that drapes rather than stands away from the body. It runs past the hip with a curved hem, raw-edge neckline and sleeves that fall to the elbow, all garment-dyed to a soft washed black. Moody and quiet, it layers under a long coat or a leather jacket with silver at the throat.","60% cotton, 40% modal jersey, 240 gsm | Relaxed, elongated fit; back length 31 in on size M | Garment-dyed; color settles after the first wash | Wash cold with darks, line dry | Cut and sewn in Berlin",dark-gothic,cotton | modal,black,washed black,layering | everyday,,everyday | night out,relaxed,all-season,mid,drape | longline | garment-dyed | made in germany,XS:yes | S:yes | M:yes | L:yes | XL:yes,http://localhost:3002/fold/fd-top-04.jpg,http://localhost:3002/fold/p/asche-schatten-long-tee
fd-top-05,Heavyweight Boxy Tee,Studio Nicholson,men,Tops,T-shirts,95,,"A clean, logo-free tee in dense Japanese cotton with a short, square body and a sleeve that sits just above the elbow. The neck is a narrow, flat rib and the ecru color is undyed, so the fabric has a soft, slightly natural tone. It looks considered with pleated trousers and loafers, and better after a few washes.","100% cotton jersey from a Japanese mill, 280 gsm | Boxy, cropped fit; take your usual size | Model is 6'0"" and wears M | Machine wash 30C, reshape while damp | Made in Portugal",quiet-minimal,cotton,neutral,ecru,everyday | office layering,,everyday | office | weekend,relaxed,all-season,mid,no logo | japanese cotton | boxy | heavyweight,S:no | M:yes | L:yes | XL:yes | XXL:yes,http://localhost:3002/fold/fd-top-05.jpg,http://localhost:3002/fold/p/studio-nicholson-heavyweight-boxy-tee
fd-top-06,Deià Linen Tee,Sóller,women,Tops,T-shirts,78,,"A loose tee knitted from linen-cotton jersey, so it breathes like a linen shirt but pulls on like a tee. The body is wide and slightly cropped with a soft boat neck and rolled sleeves, garment-dyed a sun-faded sand. It is made for hot afternoons, tucked loosely into linen trousers or worn over a swimsuit on the way to the water.","55% linen, 45% cotton jersey, 160 gsm | Relaxed, slightly cropped fit | Model is 5'8"" and wears S | Garment-dyed for a faded finish | Machine wash cold, line dry | Made in Portugal",coastal-resort | quiet-minimal,linen | cotton,neutral | earth,sand,hot weather | vacation,,beach | travel | weekend,relaxed,spring | summer,mid,linen | breathable | vacation | garment-dyed,XS:yes | S:yes | M:yes | L:no | XL:yes,http://localhost:3002/fold/fd-top-06.jpg,http://localhost:3002/fold/p/soller-deia-linen-tee
fd-top-07,P-6 Logo Responsibili-Tee,Patagonia,men,Tops,T-shirts,45,,"Patagonia's classic P-6 tee, made from a blend of recycled cotton and recycled polyester that keeps old clothes and bottles out of landfill. It has a regular, easy fit and the mountain-and-sky P-6 logo printed on the chest, here on a faded sage. A trailhead favorite that goes just as well with shorts in town.","50% recycled cotton, 50% recycled polyester, 160 gsm | Regular fit | Model is 6'0"" and wears M | Screen-printed with PVC- and phthalate-free inks | Fair Trade Certified sewn | Machine wash cold",gorpcore-outdoor,recycled cotton | recycled polyester,earth,sage | orange | navy,outdoors | everyday,,hiking | camping | weekend,regular,spring | summer | fall,budget,recycled | logo | fair trade | outdoor,S:yes | M:yes | L:yes | XL:yes | XXL:yes,http://localhost:3002/fold/fd-top-07.jpg,http://localhost:3002/fold/p/patagonia-p-6-logo-responsibili-tee
fd-top-08,Dri-FIT Miler Running Top,Nike,men,Tops,T-shirts,35,,"A light, quick-drying running tee in sweat-wicking Dri-FIT jersey with mesh panels down the back. It has a standard fit that stays out of the way, a reflective Swoosh for early or late runs and flatlock seams that don't chafe. Bright white with volt accents, it handles everything from intervals to gym days.","100% recycled polyester Dri-FIT jersey | Standard fit | Mesh back panel for ventilation | Reflective details | Machine wash cold, do not iron print",athletic,recycled polyester | mesh,white | bold,white | volt,training | running,,running | gym,regular,all-season,budget,running | sweat-wicking | reflective | recycled,S:yes | M:no | L:yes | XL:yes | XXL:yes,http://localhost:3002/fold/fd-top-08.jpg,http://localhost:3002/fold/p/nike-dri-fit-miler-running-top
fd-top-09,365 Midweight T-Shirt,Pangaia,unisex,Tops,T-shirts,85,,"Pangaia's everyday tee in organic cotton jersey, finished with a peppermint-oil treatment that keeps it fresher between washes. It has a relaxed, straight body and comes in a saturated cobalt blue from plant-based dyes. Soft and easy, it goes from a morning stretch or gym warm-up to a weekend coffee without changing.","100% organic cotton jersey, 180 gsm | Relaxed fit; unisex sizing | PPRMINT oil treatment for freshness | Machine wash cold, wash less | Made in Portugal",athletic | quiet-minimal,organic cotton,bold | cool,cobalt blue,lounging | light training,,gym | everyday | weekend,relaxed,all-season,mid,organic | plant-dyed | loungewear | low impact,XS:yes | S:yes | M:yes | L:yes | XL:no,http://localhost:3002/fold/fd-top-09.jpg,http://localhost:3002/fold/p/pangaia-365-midweight-t-shirt
fd-top-10,Belmont Pocket Tee,Burnside Canvas,men,Tops,T-shirts,55,,"A heavy slub-cotton work tee with a reinforced chest pocket, a tubular body and double-needle stitching at every hem. It is garment-dyed a deep tobacco brown that fades unevenly at the seams the more it is worn and washed. Rugged and plain, it is the shirt under a chore coat or double-knees on a workshop Saturday.","100% slub cotton, 260 gsm, tubular knit | Regular fit with a slightly long body | Model is 6'1"" and wears L | Bartacked chest pocket | Wash warm, tumble dry low; expect 3% shrinkage | Made in Portland, Oregon",heritage-workwear,slub cotton,earth,tobacco brown | oatmeal | faded indigo,everyday | workshop,,everyday | weekend | camping,regular,all-season,budget,heavyweight | pocket tee | made in usa | garment-dyed,S:yes | M:yes | L:yes | XL:yes | XXL:yes,http://localhost:3002/fold/fd-top-10.jpg,http://localhost:3002/fold/p/burnside-canvas-belmont-pocket-tee
fd-top-11,Bristol Oxford Shirt,Cranmore,men,Tops,Shirts,125,,"A button-down oxford shirt in a heavy, slightly slubby American oxford cloth that softens with every wash. It has a full, unlined collar roll, a box pleat and locker loop at the back, and a long tail that stays tucked. Crisp and easy in classic blue, it goes with chinos and a shetland on campus or under a navy blazer at the office.","100% cotton oxford cloth, 140 gsm | Regular fit with a full chest | Unlined button-down collar with a soft roll | Box pleat, locker loop, mother-of-pearl buttons | Machine wash warm, hang dry, iron while damp | Made in Fall River, Massachusetts",preppy-ivy,cotton oxford,cool,oxford blue | white | university stripe,office | campus,,office | campus | weekend,regular,all-season,mid,oxford cloth | button-down | made in usa | ivy,S:yes | M:yes | L:no | XL:yes | XXL:yes,http://localhost:3002/fold/fd-top-11.jpg,http://localhost:3002/fold/p/cranmore-bristol-oxford-shirt
fd-top-12,Newport Oversized Oxford Shirt,Cranmore,women,Tops,Shirts,135,,"Cranmore's oxford cut wide for women: a borrowed-from-him shape with dropped shoulders, a curved tail and a button-down collar that can be worn open. The cloth is a crisp university stripe in pink and white that softens into a lived-in feel. It works tucked into a pleated skirt with loafers or half-tucked into straight jeans with a cable knit over the shoulders.","100% cotton oxford cloth | Oversized fit; size down for a closer shape | Model is 5'9"" and wears S | Button-down collar, single chest pocket | Machine wash warm, hang dry | Made in Fall River, Massachusetts",preppy-ivy,cotton oxford,pastel | white,pink stripe | white,office | campus,,office | campus | weekend,oversized,spring | summer | fall,mid,oxford cloth | striped | oversized | made in usa,XS:yes | S:yes | M:yes | L:yes | XL:yes,http://localhost:3002/fold/fd-top-12.jpg,http://localhost:3002/fold/p/cranmore-newport-oversized-oxford-shirt
fd-top-13,Valldemossa Linen Shirt,Sóller,men,Tops,Shirts,145,,"A loose camp-collar shirt in washed European linen with a straight hem made to be worn out. The weave is light and open, the color a soft sky blue that looks faded by sun and salt, and the shell buttons are left a little loose for air. It belongs on a terrace with drawstring trousers and espadrilles, and travels crumpled without minding.","100% European linen, 150 gsm, stonewashed | Relaxed fit with a camp collar | Model is 6'0"" and wears M | Corozo nut buttons | Machine wash cold, line dry; wrinkles are part of it | Made in Portugal",coastal-resort,linen,cool | white,sky blue | white | sand,vacation | hot weather,,beach | travel | wedding guest,relaxed,spring | summer,mid,linen | camp collar | vacation | breathable,S:no | M:yes | L:yes | XL:yes | XXL:yes,http://localhost:3002/fold/fd-top-13.jpg,http://localhost:3002/fold/p/soller-valldemossa-linen-shirt
fd-top-14,Liv Broderie Blouse,Hedda Vang,women,Tops,Shirts,185,,"A soft white blouse in cotton broderie anglaise, with full puff sleeves gathered into narrow cuffs and a scalloped edge at the round neck. The body is loose and falls to the hip, so it floats over jeans or tucks into a gathered skirt. Romantic and a little undone, it is made for summer evenings, picnics and garden weddings.","100% cotton broderie anglaise, lined at the body | Relaxed fit; puff sleeves with elastic cuffs | Model is 5'8"" and wears S | Covered buttons at the back neck | Hand wash cold or delicate cycle, line dry | Made in small runs in Portugal",romantic-boho,cotton broderie anglaise,white,white | cream,summer evenings | special occasions,,date night | wedding guest | weekend,relaxed,spring | summer,mid,broderie | puff sleeve | feminine | made in portugal,XS:yes | S:yes | M:yes | L:no | XL:yes,http://localhost:3002/fold/fd-top-14.jpg,http://localhost:3002/fold/p/hedda-vang-liv-broderie-blouse
fd-top-15,Tove Gingham Smocked Blouse,Hedda Vang,women,Tops,Shirts,145,175,"A cropped blouse in light cotton seersucker gingham with a smocked, stretchy bodice, a square neck and short balloon sleeves that can sit on or off the shoulder. The check is a small rose-and-cream gingham that reads soft and sweet rather than picnic-blanket. Wear it with a long skirt and sandals or with wide trousers for something a little more grown-up.","100% cotton seersucker | Fitted, smocked bodice; cropped length | Model is 5'7"" and wears XS | Elastic at neckline and sleeves | Machine wash cold, line dry | Made in small runs in Portugal",romantic-boho | y2k-retro,cotton seersucker,pastel | warm,rose gingham | cream,summer | festivals,,festival | date night | weekend,slim,summer,mid,gingham | smocked | square neck | on sale,XS:yes | S:yes | M:yes | L:yes | XL:yes,http://localhost:3002/fold/fd-top-15.jpg,http://localhost:3002/fold/p/hedda-vang-tove-gingham-smocked-blouse
fd-top-16,Oversized Poplin Shirt,Studio Nicholson,women,Tops,Shirts,235,,"A big, boxy shirt in crisp Japanese cotton poplin with a deep yoke, dropped shoulders and long sleeves meant to be pushed up. There is no chest pocket and no visible branding, just a hidden placket and a slightly longer back. In pure white it looks clean with wide pleated trousers and works as a light jacket over a tank in summer.","100% cotton poplin woven in Japan | Oversized fit; take your usual size | Model is 5'10"" and wears S | Concealed button placket | Machine wash 30C, iron on medium | Made in Portugal",quiet-minimal,cotton poplin,white,optic white | ecru | navy,office | everyday,,office | everyday | travel,oversized,all-season,mid,no logo | japanese fabric | oversized | poplin,XS:yes | S:no | M:yes | L:yes | XL:yes,http://localhost:3002/fold/fd-top-16.jpg,http://localhost:3002/fold/p/studio-nicholson-oversized-poplin-shirt
fd-top-17,Relaxed Linen Shirt,Arket,women,Tops,Shirts,88,,"A relaxed shirt in mid-weight washed linen with a classic collar, a single chest pocket and a gently rounded hem. The color is a warm oatmeal that sits easily with white, navy and stripes. Breezy and plain, it gets worn open over a swimsuit on holiday and buttoned up with tailored trousers back in the city.","100% linen, garment-washed | Relaxed fit | Model is 5'9"" and wears S | Machine wash 40C, line dry | Made in India",quiet-minimal | coastal-resort,linen,neutral,oatmeal | white | light blue,vacation | everyday,,everyday | beach | travel,relaxed,spring | summer,mid,linen | easy fit | neutral | summer,XS:yes | S:yes | M:yes | L:yes | XL:no,http://localhost:3002/fold/fd-top-17.jpg,http://localhost:3002/fold/p/arket-relaxed-linen-shirt
fd-top-18,Hawthorne Flannel Shirt,Burnside Canvas,men,Tops,Shirts,138,,"A heavy brushed-cotton flannel shirt with two flap pockets, a single-needle yoke and a long tail that works tucked or worn as a light overshirt. The plaid is a muted rust, olive and black that hides sawdust and woodsmoke. It breaks in like a favorite blanket and suits a cabin weekend, a hike or a cold morning at the workbench.","100% cotton flannel, 8 oz, double-brushed | Regular fit with room to layer a tee | Model is 6'1"" and wears L | Flap pockets with brass snaps | Wash warm, tumble dry low | Made in Portland, Oregon",heritage-workwear | gorpcore-outdoor,cotton flannel,earth,rust plaid | olive | black,outdoors | layering,,camping | hiking | weekend,regular,fall | winter,mid,flannel | plaid | made in usa | heavyweight,S:yes | M:yes | L:yes | XL:yes | XXL:yes,http://localhost:3002/fold/fd-top-18.jpg,http://localhost:3002/fold/p/burnside-canvas-hawthorne-flannel-shirt
fd-top-19,TAKIBI Light Ripstop Shirt,Snow Peak,unisex,Tops,Shirts,210,,"A camp shirt cut from Snow Peak's TAKIBI fabric, a flame-resistant cotton and aramid ripstop that shrugs off sparks from the fire. It has a boxy, relaxed shape, two zip chest pockets and roll-tab sleeves, in a dusty olive that sits well with other earth tones. Technical without looking it, it goes from the campsite to the city unchanged.","TAKIBI ripstop: 93% cotton, 7% aramid | Relaxed, boxy fit; unisex sizing | Spark-resistant for campfire use | Zip chest pockets, roll-tab sleeves | Machine wash cold, hang dry | Designed in Niigata, made in Japan",gorpcore-outdoor | heritage-workwear,cotton ripstop | aramid,earth,olive | black | coyote brown,camping | outdoors,,camping | hiking | travel,relaxed,spring | summer | fall,mid,flame resistant | ripstop | camp | made in japan,XS:yes | S:yes | M:no | L:yes | XL:yes,http://localhost:3002/fold/fd-top-19.jpg,http://localhost:3002/fold/p/snow-peak-takibi-light-ripstop-shirt
fd-top-20,Alfama Fisherman Cable Sweater,Malha Lisboa,women,Tops,Knitwear,265,,"A heavy fisherman sweater hand-finished at the family mill, worked in thick undyed Portuguese wool with honeycomb and rope cables down the front. It has a relaxed body, a rolled crew neck and slightly long sleeves to pull over your hands. In natural cream it looks right with a pleated skirt and loafers, or with jeans and a waxed jacket by the sea.","100% Portuguese wool, 5-gauge | Relaxed fit; take your usual size | Model is 5'8"" and wears S | Linked seams, hand-finished | Hand wash cold, dry flat | Knitted in Portugal",preppy-ivy | coastal-resort,wool,neutral,cream | ecru,cold weather | layering,,weekend | campus | travel,relaxed,fall | winter,premium,cable knit | hand-finished | made in portugal | fisherman,XS:yes | S:yes | M:yes | L:yes | XL:yes,http://localhost:3002/fold/fd-top-20.jpg,http://localhost:3002/fold/p/malha-lisboa-alfama-fisherman-cable-sweater
fd-top-21,Graça Crochet Cardigan,Malha Lisboa,women,Tops,Knitwear,195,,"A cropped cardigan crocheted by hand from soft mercerized cotton in an open flower-square pattern. It closes with five small shell buttons and has a gently puffed sleeve, in a warm cream with a faded rose trim. Romantic and light, it layers over a slip dress or a camisole on summer evenings.","100% mercerized cotton, hand-crocheted | Cropped, relaxed fit | Model is 5'7"" and wears XS | Shell buttons | Hand wash cold, dry flat | Crocheted in Portugal",romantic-boho,cotton,neutral | pastel,cream | faded rose,summer evenings | layering,,festival | date night | weekend,relaxed,spring | summer,mid,crochet | handmade | made in portugal | cardigan,XS:no | S:yes | M:yes | L:yes | XL:yes,http://localhost:3002/fold/fd-top-21.jpg,http://localhost:3002/fold/p/malha-lisboa-graca-crochet-cardigan
fd-top-22,Kennebunk Cable Crew,Cranmore,men,Tops,Knitwear,225,,"A classic cable crewneck in soft Shetland-type lambswool, with a center panel of rope cables flanked by moss stitch. It has a saddle shoulder, a comfortable regular fit and ribbing that holds its shape. In bottle green it pairs with an oxford shirt and corduroy, and it gets better looking as it ages.","100% lambswool, 7-gauge | Regular fit with saddle shoulders | Model is 6'0"" and wears M | Hand wash cold or wool cycle, dry flat | Knitted in Scotland for Cranmore",preppy-ivy,lambswool,earth | cool,bottle green | navy | oatmeal,office | layering,,campus | office | weekend,regular,fall | winter,mid,cable knit | lambswool | ivy | gift,S:yes | M:yes | L:yes | XL:no | XXL:yes,http://localhost:3002/fold/fd-top-22.jpg,http://localhost:3002/fold/p/cranmore-kennebunk-cable-crew
fd-top-23,Sigfred Lambswool Sweater,Norse Projects,men,Tops,Knitwear,210,,"Norse Projects' Sigfred is a brushed lambswool crewneck with a soft, slightly hairy hand and a clean, regular fit. It has ribbed trims, a small tonal label at the hem and nothing else. In heather grey it is the knit that works over a tee, a shirt or under a coat for most of the year.","100% lambswool, brushed | Regular fit | Model is 6'1"" and wears M | Hand wash cold, dry flat | Made in Lithuania",quiet-minimal,lambswool,neutral,light grey melange | navy | dark olive,office | everyday,,office | everyday | commute,regular,fall | winter,mid,lambswool | no logo | scandinavian | brushed,S:yes | M:yes | L:yes | XL:yes | XXL:yes,http://localhost:3002/fold/fd-top-23.jpg,http://localhost:3002/fold/p/norse-projects-sigfred-lambswool-sweater
fd-top-24,Cashmere Crew-Neck Jumper,Arket,women,Tops,Knitwear,178,220,"A light, fine-gauge crewneck in pure Mongolian cashmere with a slightly relaxed body and fully fashioned shoulders. The color is a soft camel that looks warm against ecru, grey and denim. Quiet and comfortable, it sits under a coat in winter and over a shirt collar at the office.","100% cashmere, 12-gauge | Relaxed fit | Model is 5'9"" and wears S | Hand wash cold, dry flat | Made in China",quiet-minimal,cashmere,neutral | warm,camel | light grey | black,office | layering,,office | everyday | travel,relaxed,fall | winter,mid,cashmere | fine knit | on sale | gift,XS:yes | S:no | M:yes | L:yes | XL:yes,http://localhost:3002/fold/fd-top-24.jpg,http://localhost:3002/fold/p/arket-cashmere-crew-neck-jumper
fd-top-25,Riss Ladder-Knit Sweater,Asche,women,Tops,Knitwear,295,,"A long, heavy sweater in mohair and wool, knitted with deliberate dropped stitches so it falls in ladders and gaps down the body and sleeves. It is dyed pure black and sits long over the hips with sleeves that run past the wrist. Moody and textured, it is meant to be layered over a slip dress or a long tee with heavy boots and silver.","55% mohair, 35% wool, 10% polyamide | Oversized, longline fit; back length 30 in on size S | Model is 5'10"" and wears S | Hand wash cold, dry flat | Knitted in Germany",dark-gothic,mohair | wool,black,black,layering | going out,,night out | everyday,oversized,fall | winter,premium,mohair | distressed | longline | made in germany,XS:yes | S:yes | M:yes | L:yes | XL:no,http://localhost:3002/fold/fd-top-25.jpg,http://localhost:3002/fold/p/asche-riss-ladder-knit-sweater
fd-top-26,Pollença Knitted Polo,Sóller,men,Tops,Knitwear,138,,"A short-sleeved polo knitted from a cool, dry linen and cotton yarn in a fine, open stitch. It has a soft open collar with no buttons, ribbed trims and a straight hem for wearing loose, in a creamy white with a thin navy tipping. It is made for long lunches by the sea with linen trousers and suede loafers.","60% cotton, 40% linen, 12-gauge knit | Regular fit | Model is 6'0"" and wears M | Hand wash or wool cycle cold, dry flat | Knitted in Portugal",coastal-resort | preppy-ivy,linen | cotton,white | cool,cream | navy,vacation | summer evenings,,beach | date night | travel,regular,spring | summer,mid,knitted polo | linen | resort | made in portugal,S:yes | M:yes | L:yes | XL:yes | XXL:yes,http://localhost:3002/fold/fd-top-26.jpg,http://localhost:3002/fold/p/soller-pollenca-knitted-polo
fd-top-27,Recycled Wool-Blend Crewneck Sweater,Patagonia,unisex,Tops,Knitwear,148,180,"A rugged crewneck knitted from recycled wool and nylon in a mid-gauge stitch with a marled, earthy look. The fit is easy and roomy enough for a base layer underneath, and the color is a warm mixed brown with flecks of rust. Warm on a cold trail morning and easy to wear in town with canvas pants and boots.","90% recycled wool, 10% recycled nylon | Relaxed fit; unisex sizing | Model is 6'0"" and wears M | Fair Trade Certified sewn | Hand wash cold, dry flat",gorpcore-outdoor,recycled wool | recycled nylon,earth,moose brown | rust | forge grey,outdoors | cold weather,,hiking | camping | weekend,relaxed,fall | winter,mid,recycled | wool | on sale | fair trade,XS:yes | S:yes | M:no | L:yes | XL:yes,http://localhost:3002/fold/fd-top-27.jpg,http://localhost:3002/fold/p/patagonia-recycled-wool-blend-crewneck-sweater
fd-top-28,Flicker Cropped Cardigan,SEOM,women,Tops,Knitwear,115,,"A short, fitted cardigan in a fluffy brushed-acrylic and nylon yarn with a slight sheen. It fastens with five chrome-look buttons and comes in baby blue with a thin contrast white edge. Very early 2000s, it looks right buttoned up as a top with a low-rise skirt or worn open over a baby tee.","60% acrylic, 30% nylon, 10% wool, brushed | Slim, cropped fit; body length 16 in on size S | Model is 5'6"" and wears S | Hand wash cold, dry flat | Made in South Korea",y2k-retro,brushed acrylic blend,pastel,baby blue | white,going out | layering,,night out | campus | weekend,slim,spring | fall,mid,cropped | fuzzy | cardigan | made in korea,XS:yes | S:yes | M:yes | L:yes | XL:yes,http://localhost:3002/fold/fd-top-28.jpg,http://localhost:3002/fold/p/seom-flicker-cropped-cardigan
fd-top-29,Sportswear Phoenix Fleece Oversized Hoodie,Nike,women,Tops,Sweatshirts & hoodies,70,,"Nike's Phoenix Fleece is a thick, brushed-back cotton blend that feels soft inside and holds its shape outside. This hoodie is cut extra roomy with dropped shoulders, a deep hood and a stacked hem, in black with a small embroidered Swoosh. Sporty and slouchy, it goes over leggings after the gym or with baggy jeans and sneakers.","80% cotton, 20% polyester brushed fleece | Oversized fit; size down for a closer cut | Model is 5'9"" and wears S | Kangaroo pocket, double-layer hood | Machine wash cold",athletic | streetwear,cotton fleece,black,black | sail,post-workout | lounging,,gym | everyday | campus,oversized,fall | winter | spring,budget,fleece | oversized | logo | cozy,XS:no | S:yes | M:yes | L:yes | XL:yes,http://localhost:3002/fold/fd-top-29.jpg,http://localhost:3002/fold/p/nike-sportswear-phoenix-fleece-oversized-hoodie
fd-top-30,Adicolor Classics Firebird Track Top,Adidas,women,Tops,Sweatshirts & hoodies,85,,"The Firebird is Adidas' archive track top in shiny tricot, with the 3-Stripes running down each sleeve and a stand-up collar. It has a slim, slightly cropped fit and comes in pale blue with white stripes. Sporty and retro, it zips up over a baby tee with low-rise track pants or jeans and Sambas.","100% recycled polyester tricot | Slim fit | Model is 5'7"" and wears S | Full zip, ribbed cuffs and hem | Machine wash cold",y2k-retro | athletic,recycled polyester tricot,pastel,clear sky blue | white,sporty layers | everyday,,weekend | festival | everyday,slim,spring | fall,mid,track top | 3-stripes | retro | recycled,XS:yes | S:yes | M:yes | L:no | XL:yes,http://localhost:3002/fold/fd-top-30.jpg,http://localhost:3002/fold/p/adidas-adicolor-classics-firebird-track-top
fd-top-31,Athletics French Terry Crewneck,New Balance,unisex,Tops,Sweatshirts & hoodies,80,,"A loopback French terry crewneck with the NB Athletics varsity arch printed across the chest. It has a relaxed fit, ribbed side panels and a soft, worn-in hand, in heather grey with a navy print. Half gym kit, half campus classic, it goes with running shorts or chinos and grey suede sneakers.","100% cotton French terry, 340 gsm | Relaxed fit; unisex sizing | Model is 6'0"" and wears M | Ribbed side gussets | Machine wash cold, tumble dry low",athletic | preppy-ivy,cotton french terry,neutral,athletic grey | navy,training | everyday,,campus | gym | weekend,relaxed,fall | spring,mid,varsity | french terry | grey marl | new arrival,XS:yes | S:yes | M:yes | L:yes | XL:yes,http://localhost:3002/fold/fd-top-31.jpg,http://localhost:3002/fold/p/new-balance-athletics-french-terry-crewneck
fd-top-32,365 Midweight Hoodie,Pangaia,unisex,Tops,Sweatshirts & hoodies,150,,"Pangaia's 365 hoodie is a midweight organic cotton fleece with a recycled cotton blend, a deep two-panel hood and a kangaroo pocket, cut relaxed through the body. It comes in a saturated summit green from plant-based dyes, with a small tonal print on the chest. Built for lounging and slow mornings, it is just as good on the walk to yoga or a recovery run.","Organic and recycled cotton fleece, 450 gsm | Relaxed fit; unisex sizing | PPRMINT oil treatment for freshness | Machine wash cold, wash less | Made in Portugal",athletic | quiet-minimal,organic cotton | recycled cotton,bold | cool,summit green | black,lounging | light training,,gym | everyday | travel,relaxed,all-season,mid,organic | loungewear | plant-dyed | recycled,XS:yes | S:no | M:yes | L:yes | XL:yes,http://localhost:3002/fold/fd-top-32.jpg,http://localhost:3002/fold/p/pangaia-365-midweight-hoodie
fd-top-33,Signal Boxy Hoodie,SEOM,unisex,Tops,Sweatshirts & hoodies,135,165,"A heavyweight 500 gsm fleece hoodie with a short, wide body, an oversized double hood and a cracked puff-print graphic across the back. It is pigment-dyed a washed black that fades unevenly at the seams and cuffs, so it looks dark and worn-in from day one. Loud from behind and moody from the front, it sits over cargos or under a long black coat.","100% cotton brushed fleece, 500 gsm | Boxy, cropped fit; size up for more length | Model is 6'0"" and wears L | Puff-print back graphic | Wash cold inside out, line dry | Made in South Korea",streetwear | dark-gothic,heavyweight cotton fleece,black,washed black,everyday | layering,,everyday | night out | festival,oversized,fall | winter,mid,heavyweight | graphic | pigment-dyed | on sale,XS:yes | S:yes | M:yes | L:yes | XL:no,http://localhost:3002/fold/fd-top-33.jpg,http://localhost:3002/fold/p/seom-signal-boxy-hoodie
fd-top-34,Hooded Chase Sweatshirt,Carhartt WIP,men,Tops,Sweatshirts & hoodies,115,,"Carhartt WIP's Chase hoodie is a dense cotton-polyester fleece with a two-panel hood, a kangaroo pocket and a small gold C logo embroidered at the chest. The fit is regular and straight, and the dark brown color goes with canvas, denim and duck. Plain and hard-wearing, it lives under a Detroit jacket or on its own with double-knees.","58% cotton, 42% polyester fleece, 320 gsm | Regular fit | Model is 6'1"" and wears L | Embroidered C logo | Machine wash 30C",heritage-workwear | streetwear,cotton fleece | polyester,earth,tobacco | gold,everyday | layering,,everyday | weekend | commute,regular,fall | winter | spring,mid,hoodie | embroidered logo | workwear | fleece,S:yes | M:yes | L:yes | XL:yes | XXL:yes,http://localhost:3002/fold/fd-top-34.jpg,http://localhost:3002/fold/p/carhartt-wip-hooded-chase-sweatshirt
fd-top-35,Mystic Rugby Shirt,Cranmore,unisex,Tops,Sweatshirts & hoodies,145,,"A heavyweight rugby shirt knitted from tightly twisted cotton jersey, with bold navy and gold hoops, a white twill collar and rubber buttons at the placket. It has a regular, slightly long fit and reinforced side vents, so it handles a muddy Saturday or a weekend in the country. Wear it with chinos and loafers or with straight jeans and beat-up sneakers.","100% cotton jersey, 14 oz | Regular fit; unisex sizing | Model is 5'11"" and wears M | Cotton twill collar, rubber buttons | Machine wash cold, tumble dry low | Made in Portugal",preppy-ivy,heavyweight cotton jersey | cotton twill,cool | bold,navy | gold | white,weekend | campus,,campus | weekend | travel,regular,fall | spring | winter,mid,rugby stripe | heavyweight | ivy | gift,XS:yes | S:yes | M:no | L:yes | XL:yes,http://localhost:3002/fold/fd-top-35.jpg,http://localhost:3002/fold/p/cranmore-mystic-rugby-shirt
fd-bot-01,501 Original Jeans,Levi's,men,Bottoms,Jeans,98,,"The original button-fly jean, cut straight through the seat and thigh with a leg that sits at the ankle without stacking. This one is a mid-weight non-stretch denim in a medium stonewash with honest whiskering and fading, so it looks broken in from day one and keeps softening with every wash. Rugged and plain in the best way, it goes with a work jacket, a grey sweatshirt or a white tee and boots.","100% cotton non-stretch denim, 12.5 oz | Regular straight fit, sits at the waist; five-button fly | Leg opening 16 in on W32; inseam 32 in | Model is 6'1"" and wears W32 L32 | Machine wash cold inside out, hang dry | Made in Pakistan",heritage-workwear,cotton denim,cool,medium stonewash | faded indigo,daily wear | breaking in | pairing with boots,,everyday | weekend | commute,regular,all-season,mid,button fly | non-stretch | straight leg | classic,W28:yes | W30:no | W32:yes | W34:yes | W36:yes | W38:yes,http://localhost:3002/fold/fd-bot-01.jpg,http://localhost:3002/fold/p/levis-501-original-jeans
fd-bot-02,Superlow Bootcut Jeans,Levi's,women,Bottoms,Jeans,90,,"A properly low-rise jean that sits on the hips, slim through the thigh and kicking out into a bootcut flare at the hem. The light blue wash has a little stretch, faded highs on the thighs and a frayed-look hem, all very early-2000s without trying too hard. Wear it with a baby tee, a cropped zip-up and slim sneakers or pointed boots.","99% cotton, 1% elastane comfort-stretch denim | Low rise, 7.5 in front rise on W27 | Slim through hip and thigh, bootcut leg; inseam 32 in | Model is 5'8"" and wears W26 | Machine wash cold, tumble dry low | Made in Bangladesh",y2k-retro,stretch denim,cool | pastel,light blue wash | faded denim,going out | festival outfits | layering with crop tops,,night out | festival | weekend,slim,spring | summer | fall,mid,low rise | bootcut | y2k | stretch,W26:yes | W27:yes | W28:yes | W29:yes | W30:yes | W32:yes,http://localhost:3002/fold/fd-bot-02.jpg,http://localhost:3002/fold/p/levis-superlow-bootcut-jeans
fd-bot-03,14oz Denim Monkey Cisco Jeans (Black),Kapital,unisex,Bottoms,Jeans,290,,"Kapital's Monkey Cisco is a relaxed straight jean with a cinch-back, a curved patch pocket and the label's signature hand-stitched rainbow detailing on the back. This pair is 14 oz Japanese denim dyed with sulfur black and washed down to a smoky, uneven charcoal that fades at every seam. Heavy, moody and full of character, it sits as easily with a black leather jacket as with a patched chore coat.","100% cotton Japanese denim, 14 oz, sulfur-dyed black | Relaxed straight fit with cinch-back belt; button fly | Hand-stitched back pocket detailing, no two exactly alike | Expect color to bleed for the first few washes; wash separately | Made in Kojima, Japan",heritage-workwear | dark-gothic,japanese denim | cotton,black,washed black | smoke charcoal,collecting | statement denim | all-black outfits,,everyday | weekend | night out,relaxed,all-season,premium,made in japan | sulfur dyed | cinch back | hand-stitched,W28:yes | W30:yes | W32:no | W34:yes | W36:yes,http://localhost:3002/fold/fd-bot-03.jpg,http://localhost:3002/fold/p/kapital-14oz-denim-monkey-cisco-jeans-black
fd-bot-04,Drop Baggy Jeans,SEOM,unisex,Bottoms,Jeans,135,,"An extra-wide, low-slung jean that drops off the hips and pools over sneakers, cut in rigid 13 oz denim with a deep acid-wash and bleached-out knees. Oversized cargo-style back pockets and a slightly longer rise at the back keep it sitting low without slipping. Loud, baggy and very Seongsu, it wants a boxy graphic tee, a nylon jacket and chunky or slim retro sneakers.","100% cotton rigid denim, 13 oz | Baggy fit with low rise; take your usual size and wear on the hips | Leg opening 23 in on W30; inseam 33 in | Model is 5'11"" and wears W30 | Wash cold inside out; some bleach marks vary per pair | Made in South Korea",streetwear | y2k-retro,cotton denim,cool | black,acid wash grey | bleached blue,skating | streetwear fits | everyday,,everyday | weekend | campus,oversized,all-season,mid,baggy | acid wash | low rise | skater,W26:yes | W28:yes | W30:yes | W32:yes | W34:no | W36:yes,http://localhost:3002/fold/fd-bot-04.jpg,http://localhost:3002/fold/p/seom-drop-baggy-jeans
fd-bot-05,Spree Straight Jeans,Asche,men,Bottoms,Jeans,195,,"A narrow straight jean in Italian stretch-free denim, garment-dyed black and stone-washed until it turns a soft, uneven graphite. Matte black hardware, a single silver ring at the coin pocket and a long inseam meant to break and stack over boots. Moody and severe, it is built to sit under a long coat or a washed leather jacket with heavy boots.","100% cotton Italian denim, 13.5 oz, garment-dyed | Straight leg with a slightly narrow opening; inseam 34 in to stack over boots | Matte black shank button and rivets, sterling silver pocket ring | Wash cold inside out with dark colors | Cut and sewn in Berlin",dark-gothic,cotton denim | sterling silver,black,washed black | graphite,all-black outfits | pairing with boots | concerts,,night out | everyday | date night,slim,fall | winter | spring,mid,garment dyed | washed black | made in germany | long inseam,W28:yes | W30:yes | W32:yes | W34:yes | W36:no | W38:yes,http://localhost:3002/fold/fd-bot-05.jpg,http://localhost:3002/fold/p/asche-spree-straight-jeans
fd-bot-06,Wide Leg Jeans (Ecru),Arket,women,Bottoms,Jeans,90,,"A high-waisted, wide-leg jean in undyed ecru denim with clean seams, no distressing and a slightly cropped length that shows a little ankle. The rigid organic cotton softens over a few wears and keeps its sharp, column-like shape. Quiet and easy, it pairs with a navy knit, a white poplin shirt or loafers and a long wool coat.","100% organic cotton rigid denim, 12 oz | High rise, wide leg; inseam 29 in (cropped) | Zip fly, five pockets, tonal stitching | Model is 5'9"" and wears W27 | Wash at 40°C with light colors | Made in Turkey",quiet-minimal,organic cotton denim,neutral | white,ecru | undyed cream,office outfits | everyday | minimal capsule,,everyday | office | weekend,relaxed,spring | summer | fall,mid,organic cotton | high rise | wide leg | undyed,W26:yes | W27:yes | W28:yes | W29:yes | W30:yes | W32:yes,http://localhost:3002/fold/fd-bot-06.jpg,http://localhost:3002/fold/p/arket-wide-leg-jeans-ecru
fd-bot-07,Landon Pant,Carhartt WIP,men,Bottoms,Jeans,125,,"A loose, baggy five-pocket jean in 13.5 oz Smith denim with a wide straight leg and a low crotch that drapes over sneakers. Washed in a pale stone blue, it carries the square Carhartt WIP label on the back pocket and has the easy, slouchy shape that skaters lean on. Throw it on with a heavyweight hoodie, a Detroit jacket or a boxy tee.","100% cotton 'Smith' denim, 13.5 oz | Loose fit, wide straight leg; inseam 32 in | Zip fly, five pockets, back-pocket square label | Model is 6'0"" and wears W32 | Machine wash cold inside out | Made in Tunisia",streetwear,cotton denim,cool,blue stone washed | pale indigo,skating | everyday | streetwear fits,,everyday | weekend | campus,oversized,all-season,mid,baggy | skate | stone washed | loose fit,W28:yes | W30:yes | W32:yes | W34:yes | W36:yes | W38:yes,http://localhost:3002/fold/fd-bot-07.jpg,http://localhost:3002/fold/p/carhartt-wip-landon-pant
fd-bot-08,Double Knee Pant,Carhartt WIP,men,Bottoms,Trousers,135,,"The workwear pant that crossed over: a straight, roomy leg in stiff 12 oz Dearborn canvas with a reinforced double layer at the knees, a hammer loop and a tool pocket on the thigh. It starts out boardy and breaks in to fade along every crease. Rugged and utilitarian, it goes with a Detroit jacket and boots on site, or a hoodie and skate shoes in town.","100% organic cotton 'Dearborn' canvas, 12 oz | Relaxed straight fit; double-layer knee with utility pocket | Hammer loop, triple-stitched seams, zip fly | Model is 6'0"" and wears W32 L32 | Wash cold; expect natural fading at seams | Made in Tunisia",heritage-workwear | streetwear,cotton canvas,earth,hamilton brown rinsed | black rinsed | dusty brown,workwear | skating | daily wear,,everyday | weekend | commute,relaxed,all-season,mid,double knee | canvas | organic cotton | breaks in,W28:yes | W30:yes | W32:yes | W34:no | W36:yes | W38:yes,http://localhost:3002/fold/fd-bot-08.jpg,http://localhost:3002/fold/p/carhartt-wip-double-knee-pant
fd-bot-09,Tillamook Ripstop Double-Knee Pant,Burnside Canvas,unisex,Bottoms,Trousers,165,,"A lighter take on the work pant, cut from a dense cotton-nylon ripstop that sheds brush and dries fast, with a double-layer knee, gusseted crotch and a deep zip cargo pocket on the right thigh. The olive is garment-dyed so it fades softly at the edges, and the ankle has a hidden drawcord to cinch over trail shoes. Tough enough for a day of clearing trail, plain enough for the city, it suits a fleece and a waxed cap.","65% cotton, 35% nylon ripstop, 7.5 oz; DWR finish | Relaxed fit with gusseted crotch and double-layer knee | Zip thigh cargo pocket, hammer loop, ankle drawcords | Unisex sizing; women typically size down one | Machine wash cold, line dry; free repairs for life | Made in Portland, Oregon",heritage-workwear | gorpcore-outdoor,cotton-nylon ripstop,earth,olive | tobacco brown,trail days | workshop | travel,,hiking | camping | everyday,relaxed,spring | summer | fall,mid,ripstop | double knee | made in usa | repairable | garment dyed,XS:yes | S:yes | M:yes | L:yes | XL:yes,http://localhost:3002/fold/fd-bot-09.jpg,http://localhost:3002/fold/p/burnside-canvas-tillamook-ripstop-double-knee-pant
fd-bot-10,TAKIBI Pants,Snow Peak,unisex,Bottoms,Trousers,260,,"Built for sitting close to a campfire, these relaxed trousers are made from Snow Peak's flame-resistant TAKIBI fabric, a tight cotton-aramid weave that shrugs off sparks and embers. They have a wide tapered leg, an elastic-backed waist with a belt and a deep cargo pocket, and they wash down to a soft matte khaki. Quietly technical, they look as right in town with a shell and boots as they do at camp.","Flame-resistant TAKIBI fabric: 87% cotton, 13% aramid | Relaxed tapered fit, elastic back waist with webbing belt | Two side pockets, two back pockets, one cargo pocket | Unisex Japanese sizing; check the size chart | Machine wash cold, hang dry | Made in China, designed in Niigata",gorpcore-outdoor,cotton | aramid,earth | neutral,khaki | olive | black,camping | campfire cooking | travel,,camping | hiking | weekend,relaxed,spring | fall | winter,premium,flame resistant | camp | technical | japanese design,S:no | M:yes | L:yes | XL:yes,http://localhost:3002/fold/fd-bot-10.jpg,http://localhost:3002/fold/p/snow-peak-takibi-pants
fd-bot-11,Static Nylon Cargo Pants,SEOM,women,Bottoms,Trousers,145,180,"A low-rise parachute cargo in crinkly nylon taffeta with oversized bellows pockets, toggle drawcords at the hem and a reflective SEOM wordmark on the back of the knee. The wide leg balloons and swishes as you walk, and the drawstring waist sits right on the hips. Loud and a bit early-2000s, it suits a baby tee or a cropped puffer and slim retro sneakers.","100% nylon taffeta shell, mesh-lined pockets | Low rise, drawstring waist with elastic back | Oversized fit with toggle hems to shape the leg | Model is 5'7"" and wears S | Machine wash cold, hang dry | Made in South Korea",streetwear | y2k-retro,nylon,black | cool,black | silver grey | baby blue,festival outfits | dancing | streetwear fits,,festival | night out | campus,oversized,spring | summer | fall,mid,parachute pants | cargo | low rise | nylon | reflective,XS:yes | S:yes | M:yes | L:yes | XL:yes,http://localhost:3002/fold/fd-bot-11.jpg,http://localhost:3002/fold/p/seom-static-nylon-cargo-pants
fd-bot-12,Sorte Pleated Wide Trousers (Linen),Studio Nicholson,women,Bottoms,Trousers,320,,"Studio Nicholson's Sorte is a deep double-pleated trouser with a high waist and a full, wide leg that falls straight to the floor. This version is a crisp Italian linen-cotton in a pale sand, with a hook-and-bar fly and clean side-seam pockets. Relaxed, considered and entirely logo-free, it works with a boxy poplin shirt, a fine knit or a simple tee and leather slides.","55% linen, 45% cotton, woven in Italy | High waist, double front pleats, wide straight leg | Hook-and-bar and zip fly; side-seam and back welt pockets | Model is 5'10"" and wears XS; generous through the hip | Dry clean or hand wash cold | Made in Portugal",quiet-minimal,linen | cotton,neutral,sand | ecru | navy,office outfits | summer tailoring | travel,,office | everyday | date night,relaxed,spring | summer,premium,pleated | wide leg | italian fabric | no logo,XS:yes | S:yes | M:yes | L:yes | XL:no,http://localhost:3002/fold/fd-bot-12.jpg,http://localhost:3002/fold/p/studio-nicholson-sorte-pleated-wide-trousers-linen
fd-bot-13,Deià Linen Drawstring Trousers,Sóller,women,Bottoms,Trousers,140,,"Loose, breezy pull-on trousers in washed Mallorcan-weight linen, with a wide drawstring waist and a long, swishy leg that catches the wind. They are softened in the wash and sun-faded to a chalky white that creases beautifully. Made for hot days and salt air, they go with a striped tee, a raffia bag and espadrilles.","100% European linen, 190 gsm, stone washed | Mid rise, elasticated drawstring waist | Relaxed wide leg; inseam 31 in | Model is 5'8"" and wears S | Machine wash 30°C; best line dried | Made in Spain",coastal-resort | quiet-minimal,linen,white | neutral,chalk white | sand | sky blue,vacation | hot weather | beach to dinner,,beach | travel | weekend,relaxed,spring | summer,mid,linen | pull-on | made in spain | resort,XS:yes | S:yes | M:yes | L:yes | XL:yes,http://localhost:3002/fold/fd-bot-13.jpg,http://localhost:3002/fold/p/soller-deia-linen-drawstring-trousers
fd-bot-14,Adicolor Classics Firebird Track Pants,Adidas,men,Bottoms,Trousers,80,95,"The Firebird track pant in shiny recycled tricot, with the 3-Stripes running down each leg, a slim tapered cut and zips at the ankle. It is soft and smooth on the inside with a bit of stretch, and the black with white stripes looks straight off a 90s terrace. Sporty and retro, it pairs with the matching track top, Sambas and a plain white tee.","100% recycled polyester tricot | Slim tapered fit, elastic waist with drawcord | Zip side pockets and ankle zips | Model is 6'1"" and wears M | Machine wash cold, do not tumble dry | Made in Cambodia",athletic | y2k-retro,recycled polyester tricot,black | white,black | white stripes | navy,warm-ups | lounging | terrace fits,,gym | everyday | campus,slim,all-season,mid,track pants | 3-stripes | recycled | retro,S:yes | M:yes | L:yes | XL:yes | XXL:no,http://localhost:3002/fold/fd-bot-14.jpg,http://localhost:3002/fold/p/adidas-adicolor-classics-firebird-track-pants
fd-bot-15,Wickford Pleated Chinos,Cranmore,men,Bottoms,Trousers,165,,"A proper single-pleat chino in a dense, garment-washed cotton twill, high in the rise with a roomy thigh that tapers to a cuffed hem. The stone color has the faint chalkiness of trousers that have been around a campus for years. Crisp but easy, it goes with an oxford shirt, a cable crewneck and penny loafers.","100% cotton twill, 9.5 oz, garment washed | Mid-high rise, single forward pleat, tapered leg | 1.5 in turn-up cuff; side and button-through back pockets | Model is 6'0"" and wears W32 | Machine wash cold, warm iron | Made in Portugal",preppy-ivy | quiet-minimal,cotton twill,neutral,stone | navy | olive,campus | office outfits | weekend,,office | campus | weekend,regular,all-season,mid,chinos | pleated | cuffed | ivy,W28:yes | W30:yes | W32:yes | W34:yes | W36:yes | W38:yes,http://localhost:3002/fold/fd-bot-15.jpg,http://localhost:3002/fold/p/cranmore-wickford-pleated-chinos
fd-bot-16,"Baggies Shorts 5""",Patagonia,men,Bottoms,Shorts,65,,"The do-everything short: quick-drying recycled nylon with a DWR finish, a mesh liner and an elastic drawcord waist, so it goes from river to trail to beach bar without changing. The 5-inch inseam and bright, slightly faded colors give it its sun-bleached seventies look. Wear it with a tee and sandals for camp or a linen shirt by the sea.","100% recycled nylon with DWR finish | 5 in inseam, mesh liner, elastic waist with drawcord | Two side pockets, one snap back pocket | Model is 6'0"" and wears M | Machine wash cold, line dry | Fair Trade Certified sewn, made in Vietnam",gorpcore-outdoor | coastal-resort,recycled nylon,bold | earth,tidepool blue | fatigue green | sunset orange,swimming | hiking | vacation,,beach | hiking | camping,regular,spring | summer,budget,quick dry | recycled | swim ready | fair trade,S:no | M:yes | L:yes | XL:yes | XXL:yes,http://localhost:3002/fold/fd-bot-16.jpg,http://localhost:3002/fold/p/patagonia-baggies-shorts-5
fd-bot-17,Tempo Running Shorts,Nike,women,Bottoms,Shorts,40,,"Lightweight Dri-FIT running shorts with a 3-inch inseam, split side hems and a built-in brief, so they move with you on intervals and long runs. The white ones have a contrast trim and a small Swoosh, and they look as good with a crop tee at the track as with an oversized sweatshirt on the way to brunch. Breathable and sporty.","100% recycled polyester Dri-FIT | 3 in inseam, built-in brief, split side hems | Elastic waist with internal drawcord and key pocket | Model is 5'7"" and wears S | Machine wash cold | Made in Vietnam",athletic,recycled polyester,white | bold,white | black | hyper pink,running | training | summer errands,,running | gym | everyday,regular,spring | summer,budget,running | dri-fit | lined | lightweight,XS:yes | S:yes | M:yes | L:yes | XL:yes,http://localhost:3002/fold/fd-bot-17.jpg,http://localhost:3002/fold/p/nike-tempo-running-shorts
fd-bot-18,"RC Shorts 5""",New Balance,men,Bottoms,Shorts,60,,"New Balance's race-day short in a soft, featherweight woven with a 5-inch inseam, brief liner and a stretch waistband with a zip back pocket for a gel or key. The grey-and-white colorway with a reflective NB logo has a clean, old-school track look. Built to run, but neat enough for a coffee after.","100% recycled polyester woven with stretch | 5 in inseam, brief liner | Zip back pocket, two liner pockets | Reflective logo and back trim | Model is 6'0"" and wears M | Made in Indonesia",athletic,recycled polyester,neutral | white,athletic grey | white | black,running | racing | training,,running | gym,regular,spring | summer | fall,budget,running | lined | reflective | quick dry,S:yes | M:yes | L:yes | XL:yes | XXL:no,http://localhost:3002/fold/fd-bot-18.jpg,http://localhost:3002/fold/p/new-balance-rc-shorts-5
fd-bot-19,Cala Linen Shorts,Sóller,men,Bottoms,Shorts,95,120,"Easy, pull-on linen shorts with a drawstring waist, a 6-inch inseam and a soft garment-washed hand that only gets better in the sun. The faded sky blue and sand colors look like they have spent a few summers by the harbor. Wear them with a camp-collar linen shirt and espadrilles, or a striped tee and a straw hat.","100% linen, 200 gsm, garment washed | 6 in inseam, elastic drawstring waist | Slant side pockets and one patch back pocket | Model is 6'1"" and wears M | Machine wash 30°C, line dry | Made in Spain",coastal-resort,linen,cool | neutral,faded sky blue | sand | white,vacation | hot weather | beach to dinner,,beach | travel | weekend,relaxed,summer,mid,linen | drawstring | made in spain | resort,S:yes | M:yes | L:yes | XL:yes | XXL:yes,http://localhost:3002/fold/fd-bot-19.jpg,http://localhost:3002/fold/p/soller-cala-linen-shorts
fd-bot-20,Foundry Utility Shorts,Burnside Canvas,unisex,Bottoms,Shorts,110,,"A heavy duck-canvas work short with a 9-inch inseam, a tool pocket and hammer loop on the leg and bar-tacked stress points throughout. The tobacco brown starts stiff and breaks in to a soft, worn-in canvas that fades along every seam. Rugged and roomy, it suits a hike, a day in the workshop or a summer evening at camp with a tee and boots.","100% cotton duck canvas, 12 oz | 9 in inseam, relaxed fit, zip fly | Tool pocket, hammer loop, bar-tacked seams | Unisex sizing; women typically size down one | Machine wash cold; free repairs for life | Made in Portland, Oregon",heritage-workwear | gorpcore-outdoor,cotton duck canvas,earth,tobacco brown | olive | natural,workshop | camping | summer hikes,,camping | hiking | weekend,relaxed,summer,mid,duck canvas | made in usa | breaks in | repairable,XS:no | S:yes | M:yes | L:yes | XL:yes,http://localhost:3002/fold/fd-bot-20.jpg,http://localhost:3002/fold/p/burnside-canvas-foundry-utility-shorts
fd-bot-21,Kennebunk Pleated Mini Skirt,Cranmore,women,Bottoms,Skirts,140,,"A knife-pleated mini skirt in a soft Scottish lambswool tartan of navy, green and a fine cream line, with a side zip and a narrow waistband. The pleats are stitched down at the hip so it lies flat and swings at the hem. Crisp and collegiate, it goes with an oxford shirt, a cable crewneck, knee socks and loafers.","100% lambswool, woven in Scotland | Knife pleats, stitched at the hip; 16 in length on S | Side zip and button; half-lined in cupro | Model is 5'8"" and wears S | Dry clean | Made in Portugal",preppy-ivy,lambswool | cupro,cool | earth,navy tartan | green | cream,campus | fall outfits | layering with knits,,campus | office | weekend,regular,fall | winter,mid,pleated | tartan | lambswool | mini,XS:no | S:yes | M:yes | L:yes | XL:yes,http://localhost:3002/fold/fd-bot-21.jpg,http://localhost:3002/fold/p/cranmore-kennebunk-pleated-mini-skirt
fd-bot-22,Solveig Gingham Pleated Midi Skirt,Hedda Vang,women,Bottoms,Skirts,175,,"A full, soft-pleated midi skirt in a crisp cotton poplin gingham of green and cream, with a high smocked back waist and deep side pockets. It swishes when you walk and has a sweet, slightly old-fashioned feel. Wear it with a puff-sleeve blouse and ballet flats, or a navy cardigan and loafers.","100% organic cotton poplin | High waist with smocked back; soft unpressed pleats | Midi length, 31 in on S; side pockets | Model is 5'9"" and wears S | Machine wash 30°C, warm iron | Made in small runs in Portugal",romantic-boho | preppy-ivy,organic cotton poplin,earth | white,green gingham | cream,picnics | weddings | summer outfits,,wedding guest | weekend | date night,relaxed,spring | summer,mid,gingham | midi | smocked | organic cotton | pockets,XS:yes | S:yes | M:yes | L:yes | XL:yes,http://localhost:3002/fold/fd-bot-22.jpg,http://localhost:3002/fold/p/hedda-vang-solveig-gingham-pleated-midi-skirt
fd-bot-23,Mitte Draped Maxi Skirt,Asche,women,Bottoms,Skirts,185,,"A long, column maxi skirt in heavy draped viscose jersey with a bias-cut swirl at the hem and a high, wide waistband that folds over. It falls past the ankle and moves like liquid, catching the light only at the folds. Moody and dramatic, it wants a cropped leather jacket, silver rings and heavy boots.","95% viscose, 5% elastane jersey, 280 gsm | High fold-over waistband, bias-cut hem | Ankle-grazing to floor length; 40 in on S | Model is 5'10"" and wears S | Hand wash cold, dry flat | Cut and sewn in Berlin",dark-gothic,viscose jersey,black,black | deep graphite,concerts | evenings | layering,,night out | date night | everyday,relaxed,fall | winter | spring,mid,maxi | draped | jersey | made in germany,XS:yes | S:yes | M:yes | L:no | XL:yes,http://localhost:3002/fold/fd-bot-23.jpg,http://localhost:3002/fold/p/asche-mitte-draped-maxi-skirt
fd-bot-24,Glitch Low-Rise Cargo Mini Skirt,SEOM,women,Bottoms,Skirts,95,,"A low-slung mini skirt in washed nylon twill with two big bellows cargo pockets, a silver-toned D-ring belt and an adjustable bungee hem. It sits on the hips and is short in that early-2000s way. Pair it with a baby tee, a cropped puffer and slim retro sneakers or chunky boots.","100% nylon twill, washed | Low rise, 14 in length on S | Bellows cargo pockets, D-ring webbing belt included | Model is 5'7"" and wears S | Machine wash cold, hang dry | Made in South Korea",y2k-retro | streetwear,nylon twill,black | pastel,washed black | silver grey | lilac,festival outfits | going out | streetwear fits,,festival | night out | campus,slim,spring | summer,mid,cargo | mini | low rise | y2k,XS:yes | S:yes | M:yes | L:yes | XL:yes,http://localhost:3002/fold/fd-bot-24.jpg,http://localhost:3002/fold/p/seom-glitch-low-rise-cargo-mini-skirt
fd-bot-25,Alfama Crochet Midi Skirt,Malha Lisboa,women,Bottoms,Skirts,165,,"An open-stitch crochet midi skirt hand-finished in soft mercerized cotton, with a scalloped hem and a slip lining you can wear or leave out. The cream yarn has a slight sheen and the pattern is a traditional Portuguese shell stitch. Soft and summery, it pairs with a linen shirt knotted at the waist, a bikini top or a fine knit tank.","100% mercerized cotton crochet, hand-finished | Elasticated waist; removable cotton slip lining | Midi length, 30 in on S | Model is 5'8"" and wears S | Hand wash cold, dry flat | Knitted and finished outside Lisbon, Portugal",romantic-boho | coastal-resort,mercerized cotton | crochet,white | neutral,cream | terracotta,vacation | summer evenings | festivals,,beach | festival | date night,relaxed,spring | summer,mid,crochet | handmade | made in portugal | lined,XS:yes | S:yes | M:yes | L:yes | XL:yes,http://localhost:3002/fold/fd-bot-25.jpg,http://localhost:3002/fold/p/malha-lisboa-alfama-crochet-midi-skirt
fd-out-01,Detroit Jacket,Carhartt WIP,men,Outerwear,Jackets,235,,"Carhartt WIP's Detroit Jacket is a short, boxy work jacket in rinsed organic cotton Dearborn canvas that starts stiff and fades along the seams and pocket edges as it wears in. A corduroy collar and a quilted lining keep it on rotation from September until the first hard frost. Rugged with double-knees and boots, and just as good thrown over a hoodie with baggy denim.","100% organic cotton Dearborn canvas, 12 oz | Quilted polyester lining; corduroy collar | Boxy, cropped fit; true to size | Metal snap front, zip chest pocket, two hand pockets | Machine wash cold, line dry",heritage-workwear | streetwear,organic cotton canvas | corduroy | polyester lining,earth,hamilton brown | black rinsed,layering | cold mornings | workwear,,everyday | weekend | commute,regular,fall | spring,mid,canvas | workwear | corduroy collar | organic cotton,S:yes | M:no | L:yes | XL:yes | XXL:yes,http://localhost:3002/fold/fd-out-01.jpg,http://localhost:3002/fold/p/carhartt-wip-detroit-jacket
fd-out-02,Halo Cropped Puffer,SEOM,women,Outerwear,Jackets,195,,"A short, high-gloss puffer that stops right at the waist and is cut wide through the body, so it sits boxy over a baby tee or a cropped hoodie. The shell is a liquid-shine recycled nylon with a stand collar that zips up past the chin and a small reflective tab at the back. Loud in metallic silver, sharp in black, and very early-2000s with low-rise cargos and slim sneakers.","Shell: 100% recycled nylon ripstop, gloss finish | Fill: 120 g recycled polyester insulation | Cropped, boxy fit; hits at the natural waist | Two-way front zip, snap hand pockets | Machine wash cold on gentle, tumble dry low | Made in South Korea",streetwear | y2k-retro,recycled nylon | recycled polyester insulation,cool | black,metallic silver | black,cold nights | layering over hoodies,,night out | campus | weekend,oversized,winter | fall,mid,cropped | puffer | metallic | recycled nylon | made in korea,XS:yes | S:no | M:yes | L:yes | XL:yes,http://localhost:3002/fold/fd-out-02.jpg,http://localhost:3002/fold/p/seom-halo-cropped-puffer
fd-out-03,Firebird Track Top,Adidas,women,Outerwear,Jackets,95,,"The Firebird is Adidas' archive track top, in smooth recycled tricot with the three stripes running down the sleeves and a contrast stand collar. It is cut slim through the body with ribbed cuffs and hem, so it zips up neatly over a tee and looks right with matching track pants, a pleated mini or baggy jeans. Sporty, a little retro and easy to throw on.","100% recycled polyester tricot | Slim fit; size up for a looser look | Full zip with stand collar, zip hand pockets | Ribbed cuffs and hem | Machine wash cold",athletic | y2k-retro,recycled polyester tricot,black | white,black | white,warm-ups | everyday layering,,everyday | gym | weekend,slim,spring | fall,mid,track top | three stripes | archive | recycled,XS:yes | S:yes | M:yes | L:yes | XL:yes,http://localhost:3002/fold/fd-out-03.jpg,http://localhost:3002/fold/p/adidas-firebird-track-top
fd-out-04,Hawthorne Waxed Chore Coat,Burnside Canvas,men,Outerwear,Jackets,295,,"The Hawthorne is a hip-length chore coat in 10 oz waxed cotton canvas, deep tobacco brown, with four patch pockets, a blanket-lined body and triple-stitched seams. The wax sheds drizzle and picks up creases and scuffs that make each coat look like its owner's, and the workshop will re-wax and repair it for life. Boxy and utilitarian, it goes over a flannel on a trail weekend or a hoodie in town.","10 oz waxed cotton canvas, woven in the USA | Wool-blend blanket lining in body; cotton-lined sleeves | Relaxed, boxy fit; sized to layer over a sweater | Brass snaps, four patch pockets, interior map pocket | Re-wax yearly; spot clean only | Cut and sewn in Portland, Oregon",heritage-workwear | gorpcore-outdoor,waxed cotton canvas | wool-blend blanket lining | brass,earth,tobacco brown | field olive,light rain | layering | outdoor work,,everyday | camping | weekend,relaxed,fall | winter | spring,premium,waxed canvas | chore coat | made in usa | repairable | blanket lined,S:yes | M:yes | L:no | XL:yes | XXL:yes,http://localhost:3002/fold/fd-out-04.jpg,http://localhost:3002/fold/p/burnside-canvas-hawthorne-waxed-chore-coat
fd-out-05,Kennebunk Barn Jacket,Cranmore,men,Outerwear,Jackets,345,395,"The Kennebunk is a New England barn jacket in khaki waxed cotton with a chocolate corduroy collar and a brushed tartan flannel lining. It falls just past the hip with bellows pockets and a straight, easy shape that layers over an oxford shirt and a shetland crewneck. Crisp on day one, it softens into the kind of jacket that gets handed down.","8 oz waxed cotton; 100% cotton corduroy collar | Lined in brushed cotton tartan flannel | Regular fit; room for a sweater underneath | Brass two-way zip with storm flap, snap-down bellows pockets | Re-wax when needed; do not machine wash | Made in Portugal",preppy-ivy | heritage-workwear,waxed cotton | corduroy | cotton flannel,earth | neutral,khaki tan | chocolate | green tartan,country weekends | layering | light rain,,weekend | campus | everyday,regular,fall | spring,premium,barn jacket | corduroy collar | tartan lining | waxed cotton,S:yes | M:yes | L:yes | XL:yes | XXL:no,http://localhost:3002/fold/fd-out-05.jpg,http://localhost:3002/fold/p/cranmore-kennebunk-barn-jacket
fd-out-06,Hanover Varsity Jacket,Cranmore,unisex,Outerwear,Jackets,420,,"A proper varsity jacket in heavy navy melton wool with cream leather sleeves, striped knit trims and a chenille letter patch on the chest. It is cut regular through the body with snap closures and a quilted satin lining, so it reads collegiate with chinos and loafers or louder over a hoodie and wide jeans. The leather softens and creases with years of wear.","Body: 80% wool, 20% nylon melton, 24 oz | Sleeves: cowhide leather | Quilted satin lining; striped rib collar, cuffs and hem | Regular fit; true to size | Specialist leather clean only | Made in the USA",preppy-ivy | streetwear,wool melton | cowhide leather | chenille,cool | neutral,navy | cream,campus | cold days,,campus | weekend | everyday,regular,fall | winter,premium,varsity | melton wool | leather sleeves | chenille | made in usa,XS:no | S:yes | M:yes | L:yes | XL:yes,http://localhost:3002/fold/fd-out-06.jpg,http://localhost:3002/fold/p/cranmore-hanover-varsity-jacket
fd-out-07,Deià Linen Chore Jacket,Sóller,men,Outerwear,Jackets,185,,"An unlined chore jacket in washed European linen, garment-dyed a pale sand so it already looks a summer old. It hangs loose and boxy with three patch pockets and corozo buttons, light enough to throw over a tee on a breezy evening by the water or to pack flat for a trip. Creases are part of the look.","100% European linen, 210 gsm, garment-washed | Unlined; boxy, relaxed fit | Corozo buttons, three patch pockets | Machine wash cool, line dry | Made in Spain",coastal-resort | quiet-minimal,linen | corozo,neutral | cool,sand | sun-faded sky blue,warm evenings | travel | layering over tees,,travel | beach | weekend,relaxed,spring | summer,mid,linen | unlined | garment-dyed | made in spain | resort,S:yes | M:yes | L:yes | XL:yes | XXL:yes,http://localhost:3002/fold/fd-out-07.jpg,http://localhost:3002/fold/p/soller-dei-linen-chore-jacket
fd-out-08,Frøya Quilted Floral Jacket,Hedda Vang,women,Outerwear,Jackets,275,,"The Frøya is a lightweight quilted jacket in printed cotton voile, scattered with small faded roses on a cream ground and finished with a scalloped edge and a ribbon tie at the neck. It is channel-quilted over a thin cotton wadding, so it feels more like a padded blouse than a coat, and sits loose at the hip. Soft and romantic over a prairie dress, or with jeans and a broderie top.","Shell and lining: 100% cotton voile | Thin cotton wadding, channel-quilted | Relaxed fit; hip length | Ribbon tie at neck, covered-button front, scalloped hem | Gentle machine wash cold, dry flat | Made in Portugal",romantic-boho,cotton voile | cotton wadding,pastel | neutral,cream | faded rose | sage,cool spring days | layering over dresses,,weekend | date night | everyday,relaxed,spring | fall,premium,floral | quilted | cotton voile | scalloped | made in portugal,XS:yes | S:yes | M:no | L:yes | XL:yes,http://localhost:3002/fold/fd-out-08.jpg,http://localhost:3002/fold/p/hedda-vang-froya-quilted-floral-jacket
fd-out-09,Rauch Washed Leather Biker,Asche,women,Outerwear,Jackets,540,,"Asche's Rauch biker is cut from lambskin that is washed and tumbled until it goes soft and faintly crackled, in a black that turns almost charcoal at the creases. The asymmetric zip, belted hem and antiqued silver hardware are heavy on purpose, and the shoulders are cut a little sharp. Moody over long drape jersey with heavy boots.","100% lambskin leather, washed and tumbled | Lining: 100% cupro | Regular fit with a slightly cropped body | Antiqued silver zips and buckles | Specialist leather clean only | Made in Germany",dark-gothic,lambskin leather | cupro,black,washed black | antiqued silver,nights out | layering | transitional weather,,night out | date night | everyday,regular,fall | spring,premium,leather | biker | silver hardware | washed | made in germany,XS:no | S:yes | M:yes | L:yes | XL:yes,http://localhost:3002/fold/fd-out-09.jpg,http://localhost:3002/fold/p/asche-rauch-washed-leather-biker
fd-out-10,'90s Trucker Jacket,Levi's,women,Outerwear,Jackets,110,,"Levi's '90s Trucker takes the Type III shape and blows it out, with dropped shoulders, a roomy body and a slightly shorter length in a light vintage wash with fading at the elbows and seams. It is rigid cotton denim with pleated front panels, flap chest pockets and the red tab. Wear it over a baby tee with low-rise jeans, or with a slip skirt and slim sneakers.","100% cotton denim, non-stretch | Oversized, dropped-shoulder fit | Button front, flap chest pockets, welt hand pockets | Machine wash cold, inside out",y2k-retro | heritage-workwear,cotton denim,cool,light vintage indigo | faded indigo,layering | spring evenings,,everyday | weekend | festival,oversized,spring | fall,mid,denim | trucker | vintage wash | oversized,XS:yes | S:yes | M:yes | L:yes | XL:yes,http://localhost:3002/fold/fd-out-10.jpg,http://localhost:3002/fold/p/levis-90s-trucker-jacket
fd-out-11,Sashiko Boro Coverall Jacket,Kapital,men,Outerwear,Jackets,545,,"Kapital builds this coverall jacket from hand-dyed indigo cotton, patched with scraps of older boro cloth and stitched over by hand in white sashiko thread. No two are alike: the patches, fades and running stitches change from jacket to jacket, and the indigo keeps shifting as it is worn and washed. A boxy work-coat shape with four patch pockets, it carries a whole outfit with plain trousers and a white tee.","100% cotton, hand-dyed indigo with patchwork panels | Hand sashiko stitching; each piece is unique | Boxy, relaxed fit | Wooden buttons, four patch pockets | Hand wash cold separately; indigo will transfer | Made in Japan",heritage-workwear,indigo cotton | sashiko thread | wood,cool,indigo | faded indigo | ecru stitching,statement layer | everyday wear,,everyday | weekend,relaxed,spring | fall,premium,indigo | sashiko | boro | made in japan | one of a kind,S:no | M:yes | L:yes | XL:yes | XXL:yes,http://localhost:3002/fold/fd-out-11.jpg,http://localhost:3002/fold/p/kapital-sashiko-boro-coverall-jacket
fd-out-12,Schatten Long Wool Coat,Asche,unisex,Outerwear,Coats,620,,"A long single-breasted coat in heavy black boiled wool that falls to mid-calf, with a high notch lapel, concealed buttons and a deep back vent so it moves when you walk. There is no logo and almost no detail; the length and the weight do the work. It layers over a hoodie as easily as over a suit, for anyone who wears black all winter.","90% virgin wool, 10% cashmere boiled wool, 680 gsm | Lining: 100% cupro | Relaxed fit; mid-calf length (125 cm on size M) | Concealed button placket, side-seam pockets | Dry clean only | Made in Germany",dark-gothic | quiet-minimal,boiled wool | cashmere | cupro,black,black,cold commutes | layering over tailoring,,everyday | office | night out,relaxed,fall | winter,premium,long coat | boiled wool | cashmere blend | no logo | made in germany,XS:yes | S:yes | M:yes | L:no | XL:yes,http://localhost:3002/fold/fd-out-12.jpg,http://localhost:3002/fold/p/asche-schatten-long-wool-coat
fd-out-13,Kohle Long Leather Coat,Asche,men,Outerwear,Coats,650,,"The Kohle is a long leather coat in washed black cowhide that reaches below the knee, with a wide collar, a self-tie belt and heavy silver buckles at the cuffs. The hide is tumbled to a soft, uneven matte so it looks lived-in from the first wear. Dramatic and moody over black denim and combat boots.","100% cowhide leather, washed and tumbled | Lining: viscose twill | Regular fit; below-knee length | Antiqued silver cuff buckles, horn buttons | Specialist leather clean only | Made in Germany",dark-gothic,cowhide leather | viscose,black,washed black,statement layer | cold nights,,night out | date night | everyday,regular,fall | winter,premium,leather | long coat | belted | silver hardware,S:yes | M:yes | L:yes | XL:yes | XXL:yes,http://localhost:3002/fold/fd-out-13.jpg,http://localhost:3002/fold/p/asche-kohle-long-leather-coat
fd-out-14,Hayle Oversized Wool Coat,Studio Nicholson,women,Outerwear,Coats,640,,"An oversized single-breasted overcoat in Italian wool-cashmere melton, cut long and dropped at the shoulder so it drapes rather than holds a shape. It comes in a warm undyed ecru with dark horn buttons and is half-lined for a lighter feel. Calm and considered over wide pleated trousers and a fine-gauge knit.","80% wool, 20% cashmere melton, woven in Italy | Half-lined in cupro | Oversized fit with dropped shoulder; size down for a closer fit | Horn buttons, deep welt pockets | Dry clean only | Made in Portugal",quiet-minimal,wool | cashmere | cupro | horn,neutral,ecru | dark navy,office | city winters,,office | everyday | travel,oversized,fall | winter,premium,overcoat | wool cashmere | italian cloth | oversized,XS:yes | S:yes | M:yes | L:yes | XL:yes,http://localhost:3002/fold/fd-out-14.jpg,http://localhost:3002/fold/p/studio-nicholson-hayle-oversized-wool-coat
fd-out-15,Wool-Blend Overcoat,Arket,men,Outerwear,Coats,290,345,"A clean single-breasted overcoat in a recycled wool blend that falls just above the knee, with a notch lapel and a straight cut that sits neatly over a suit jacket or a heavy knit. It comes in charcoal melange or deep navy with tonal buttons and no visible branding. Simple, warm and easy to wear every day of the winter.","60% recycled wool, 30% wool, 10% polyamide | Fully lined in recycled polyester | Regular fit; knee length | Three-button front, flap pockets, inside pocket | Dry clean only",quiet-minimal,recycled wool | wool | polyamide,neutral | cool,charcoal melange | navy,commuting | layering over suits,,office | commute | everyday,regular,fall | winter,premium,overcoat | recycled wool | tailored | sale,S:yes | M:no | L:yes | XL:yes | XXL:yes,http://localhost:3002/fold/fd-out-15.jpg,http://localhost:3002/fold/p/arket-wool-blend-overcoat
fd-out-16,Tycho Wool Car Coat,Norse Projects,men,Outerwear,Coats,495,,"A short, hip-length car coat in Italian wool twill with a fly front, a small turn-down collar and a lightly padded lining for raw Nordic wind. The color is a muted espresso brown with tonal buttons, and the cut is straight and slightly roomy so a lambswool crewneck fits underneath. Functional, understated and better the closer you look.","100% wool twill, woven in Italy | Lightly padded recycled polyester lining | Regular fit; hip length | Concealed fly front, slanted hand pockets | Dry clean only",quiet-minimal,wool twill | recycled polyester padding,earth,espresso | dark navy,city commuting | cold wind,,commute | office | everyday,regular,fall | winter,premium,car coat | italian wool | scandinavian | padded,S:yes | M:yes | L:yes | XL:yes | XXL:yes,http://localhost:3002/fold/fd-out-16.jpg,http://localhost:3002/fold/p/norse-projects-tycho-wool-car-coat
fd-out-17,Alfama Crochet-Trim Cardigan Coat,Malha Lisboa,women,Outerwear,Coats,310,,"A long knitted coat in chunky undyed cotton, edged all the way round in a wide hand-crocheted scallop trim and tied loosely at the waist. It has the weight of a blanket but breathes like a summer knit, so it covers bare shoulders on a cool evening by the sea. Soft and a little undone over a slip dress or linen trousers.","100% organic cotton, 7-gauge knit | Hand-crocheted scallop trim | Relaxed fit; knee length | Open front with self-tie belt, two patch pockets | Hand wash cold, dry flat | Knitted and finished in Portugal",romantic-boho | coastal-resort,organic cotton | crochet,neutral | white,ecru | sand,cool evenings | layering over dresses | travel,,weekend | beach | date night,relaxed,spring | summer | fall,premium,crochet | hand-finished | organic cotton | made in portugal | cardigan coat,XS:yes | S:yes | M:yes | L:yes | XL:no,http://localhost:3002/fold/fd-out-17.jpg,http://localhost:3002/fold/p/malha-lisboa-alfama-crochet-trim-cardigan-coat
fd-out-18,Signe Ruffle-Collar Trench,Hedda Vang,women,Outerwear,Coats,385,,"A light cotton trench in pale stone with a soft ruffled collar, gently puffed sleeve heads and a rose gingham lining that shows when the belt hangs loose. It is cut close at the shoulder and flares to the knee, so it moves more like a dress than a raincoat. Romantic over a floral midi, crisp over an oxford shirt and jeans.","100% cotton gabardine with water-repellent finish | Lined in cotton gingham | Regular fit; knee length | Double-breasted, tortoiseshell buttons, removable belt | Machine wash cold, line dry | Made in Portugal",romantic-boho | preppy-ivy,cotton gabardine | cotton gingham,neutral | pastel,pale stone | rose gingham,spring showers | layering over dresses,,everyday | office | wedding guest,regular,spring | fall,premium,trench | ruffle | gingham | made in portugal,XS:no | S:yes | M:yes | L:yes | XL:yes,http://localhost:3002/fold/fd-out-18.jpg,http://localhost:3002/fold/p/hedda-vang-signe-ruffle-collar-trench
fd-out-19,Classic Retro-X Fleece Jacket,Patagonia,men,Outerwear,Shells & fleece,195,,"Patagonia's Retro-X is a deep-pile fleece in recycled polyester, backed with a windproof barrier membrane so it blocks a cold breeze far better than plain fleece. The pile is a natural off-white with contrast nylon trim on the chest pocket, and the cut is easy and regular. It works at a trailhead in October and over a flannel in town all winter.","100% recycled polyester pile fleece | Windproof barrier membrane; recycled polyester mesh lining | Regular fit | Zip chest pocket, zippered handwarmer pockets | Machine wash cold, line dry | Fair Trade Certified sewn",gorpcore-outdoor,recycled polyester fleece | nylon trim,white | neutral,natural | dark natural,trailheads | cold mornings | layering,,hiking | camping | everyday,regular,fall | winter,mid,fleece | recycled | windproof | fair trade,S:yes | M:yes | L:no | XL:yes | XXL:yes,http://localhost:3002/fold/fd-out-19.jpg,http://localhost:3002/fold/p/patagonia-classic-retro-x-fleece-jacket
fd-out-20,Torrentshell 3L Rain Jacket,Patagonia,women,Outerwear,Shells & fleece,180,,"The Torrentshell is a three-layer waterproof, breathable rain shell in recycled nylon that packs into its own pocket and comes out on the first wet morning of every season. It has pit zips for venting, an adjustable hood that rolls away into the collar, and a regular fit with room for a fleece underneath. In a burnt orange that is easy to spot on the trail.","3-layer H2No Performance Standard shell, 100% recycled nylon ripstop | PFC-free water-repellent finish | Regular fit; layers over a midweight fleece | Pit zips, adjustable roll-away hood, stows in hand pocket | Machine wash warm, tumble dry low | Fair Trade Certified sewn",gorpcore-outdoor,recycled nylon ripstop,warm | bold,burnt orange | black,rain | packable layer | travel,,hiking | travel | commute,regular,all-season,mid,waterproof | packable | recycled | rain shell,XS:yes | S:no | M:yes | L:yes | XL:yes,http://localhost:3002/fold/fd-out-20.jpg,http://localhost:3002/fold/p/patagonia-torrentshell-3l-rain-jacket
fd-out-21,Bonatti Waterproof Jacket,Salomon,unisex,Outerwear,Shells & fleece,160,,"Salomon's Bonatti is a featherweight waterproof running shell that stuffs into its own chest pocket. Fully taped seams and a 2.5-layer membrane keep rain out on a mountain run, while a close, athletic cut and elastic cuffs stop it flapping at pace. In deep black with a reflective logo, it looks just as right on the street with trail runners.","2.5-layer waterproof shell, 100% polyamide | Fully taped seams; 10K/10K rating | Slim, athletic fit; size up to layer | Hood with rear volume adjuster; stows into chest pocket | Weight approx. 185 g (size M) | Machine wash cold",gorpcore-outdoor | athletic,polyamide | waterproof membrane,black,deep black,trail running | rain | packable layer,,running | hiking | travel,slim,spring | summer | fall,mid,waterproof | running | packable | lightweight,XS:yes | S:yes | M:yes | L:yes | XL:yes,http://localhost:3002/fold/fd-out-21.jpg,http://localhost:3002/fold/p/salomon-bonatti-waterproof-jacket
fd-out-22,Light Mountain Cloth Parka,Snow Peak,unisex,Outerwear,Shells & fleece,395,,"A long, roomy shell in Snow Peak's light mountain cloth, a dry, matte polyester weave that blocks wind and light rain while feeling closer to cotton than nylon. The shape is simple and boxy with a large hood, a snap-covered zip and deep pockets, in quiet olive or charcoal. Equally at home at a campsite or over tailoring on a damp city day.","100% polyester light mountain cloth, water-repellent | Unlined; packs small | Relaxed, longline fit | Two-way zip under snap placket, adjustable hood | Machine wash cold, line dry | Made in Japan",gorpcore-outdoor | quiet-minimal,polyester,earth | neutral,olive | charcoal,wind | light rain | camping,,camping | commute | travel,relaxed,spring | fall,premium,shell | unlined | water-repellent | longline | made in japan,XS:yes | S:yes | M:yes | L:yes | XL:yes,http://localhost:3002/fold/fd-out-22.jpg,http://localhost:3002/fold/p/snow-peak-light-mountain-cloth-parka
fd-out-23,Signal Packable Anorak,SEOM,unisex,Outerwear,Shells & fleece,145,175,"SEOM's Signal is a half-zip anorak in crinkly, lightweight recycled nylon, cut oversized with a big kangaroo pocket and a toggled hood. A hand-drawn graphic of a broken radio mast runs down one sleeve in reflective ink, and the whole thing packs into its own pocket. Throw it over a heavyweight tee with nylon cargos and trail runners.","100% recycled nylon taffeta, water-repellent | Oversized fit; size down for a regular look | Half zip, kangaroo pocket, toggle hood and hem | Reflective sleeve print | Packs into front pocket | Made in South Korea",streetwear | gorpcore-outdoor,recycled nylon,black | bold,washed black | safety orange,festivals | light rain | packable layer,,everyday | festival | hiking,oversized,spring | summer | fall,mid,anorak | packable | reflective | graphic | recycled nylon,XS:yes | S:yes | M:no | L:yes | XL:yes,http://localhost:3002/fold/fd-out-23.jpg,http://localhost:3002/fold/p/seom-signal-packable-anorak
fd-out-24,Windrunner Jacket,Nike,men,Outerwear,Shells & fleece,110,,"Nike's Windrunner is the 1978 running jacket that never left: a woven nylon-feel shell with the signature chevron yoke across the chest, a hood that stows in the collar and elastic cuffs. It is light and wind-resistant with a mesh lining that breathes on a run or a long walk, and the regular fit layers over a hoodie. Sporty and a little retro with track pants or cargos.","100% recycled polyester woven shell; mesh lining | Regular fit | Full zip; hood stows in the collar | Zip hand pockets, elastic cuffs and hem | Machine wash cold",athletic | streetwear,recycled polyester | mesh,black | bold,black | white | university red,wind | running | layering,,running | everyday | gym,regular,spring | fall,mid,windbreaker | chevron | lightweight | running,S:yes | M:yes | L:yes | XL:yes | XXL:no,http://localhost:3002/fold/fd-out-24.jpg,http://localhost:3002/fold/p/nike-windrunner-jacket
fd-out-25,Impact Run Water Defy Jacket,New Balance,women,Outerwear,Shells & fleece,130,,"A light, water-resistant running jacket with a slim, athletic cut, a dropped back hem for coverage and reflective details for dark mornings. The fabric is a soft, quiet woven that sheds drizzle and blocks wind without rustling, and the jacket packs into its own back pocket. Sporty in a pale sea-salt grey with lime accents.","100% recycled polyester woven, water-repellent finish | Slim, athletic fit | Laser-cut ventilation at back yoke | Zip back pocket doubles as a stuff sack | Reflective logo and trims | Machine wash cold",athletic,recycled polyester,neutral | bold,sea salt grey | lime,early runs | drizzle | commuting,,running | commute | gym,slim,spring | fall,mid,running | water-resistant | reflective | packable,XS:yes | S:yes | M:yes | L:yes | XL:yes,http://localhost:3002/fold/fd-out-25.jpg,http://localhost:3002/fold/p/new-balance-impact-run-water-defy-jacket
fd-dre-01,Astrid Puff-Sleeve Poplin Dress,Hedda Vang,women,Dresses & one-pieces,Dresses,245,,"A full midi dress in crisp organic cotton poplin with big gathered puff sleeves, a square neck and a smocked bodice that gives where you need it. The skirt is tiered and wide, and the cream color has a faint broderie trim at the hem. Romantic and a little bit undone, it suits a garden wedding, a picnic or a summer evening with sandals.","100% organic cotton poplin with broderie anglaise trim | Square neck, elasticated puff sleeves, smocked bodice | Tiered midi skirt, 47 in from shoulder on S; side pockets | Model is 5'9"" and wears S | Machine wash 30°C, warm iron | Made in small runs in Portugal",romantic-boho,organic cotton poplin | broderie anglaise,white | neutral,cream | white,weddings | picnics | summer evenings,,wedding guest | date night | weekend,relaxed,spring | summer,mid,puff sleeve | smocked | broderie | midi | organic cotton,XS:no | S:yes | M:yes | L:yes | XL:yes,http://localhost:3002/fold/fd-dre-01.jpg,http://localhost:3002/fold/p/hedda-vang-astrid-puff-sleeve-poplin-dress
fd-dre-02,Sigrid Gingham Smocked Mini Dress,Hedda Vang,women,Dresses & one-pieces,Dresses,195,230,"A short, fully smocked dress in red-and-cream cotton gingham with tie shoulder straps and a soft ruffle at the hem. It stretches to fit, moves easily and has a sweet, schoolgirl-meets-countryside feel. Wear it with ballet flats and a cardigan over the shoulders, or loafers and white socks.","100% cotton seersucker gingham | Fully smocked bodice; adjustable tie straps | Mini length, 33 in on S; ruffle hem | Model is 5'8"" and wears S | Machine wash 30°C, line dry | Made in small runs in Portugal",romantic-boho | preppy-ivy,cotton seersucker,warm | white,red gingham | cream,picnics | summer outfits | dates,,date night | weekend | wedding guest,slim,summer,mid,gingham | smocked | mini | seersucker,XS:yes | S:yes | M:yes | L:yes | XL:yes,http://localhost:3002/fold/fd-dre-02.jpg,http://localhost:3002/fold/p/hedda-vang-sigrid-gingham-smocked-mini-dress
fd-dre-03,Cupro Slip Dress,Arket,women,Dresses & one-pieces,Dresses,110,,"A bias-cut slip dress in fluid cupro with thin adjustable straps, a low V neck and a midi hem that skims the body. The deep navy has a soft matte sheen and no trims, so it reads quietly from across a room. Wear it alone in summer, or layered over a fine white tee with a long wool coat in autumn.","100% cupro, bias cut | Adjustable straps, V neckline | Midi length, 46 in on S | Model is 5'10"" and wears S | Hand wash cold or dry clean | Made in China",quiet-minimal,cupro,cool | black,navy | black | oat,dinners | layering | minimal capsule,,date night | wedding guest | night out,slim,spring | summer | fall,mid,slip dress | bias cut | midi | layering,XS:yes | S:yes | M:yes | L:yes | XL:yes,http://localhost:3002/fold/fd-dre-03.jpg,http://localhost:3002/fold/p/arket-cupro-slip-dress
fd-dre-04,Kiko Poplin Shirt Dress,Studio Nicholson,women,Dresses & one-pieces,Dresses,350,,"A long, generous shirt dress in a dense Japanese cotton poplin, with a dropped shoulder, a hidden placket and a single curved hem that sits mid-calf. It hangs straight from the shoulder and can be worn loose or belted with its own self-tie. Clean, cool and quietly architectural, it pairs with leather slides or flat black loafers.","100% cotton poplin, woven in Japan | Concealed button placket, dropped shoulder, self-tie belt | Midi-calf length, 49 in from shoulder on S | Model is 5'10"" and wears XS; very relaxed, consider sizing down | Machine wash 30°C, iron while damp | Made in Portugal",quiet-minimal,cotton poplin,white | neutral,optic white | pale grey | navy,office outfits | travel | summer tailoring,,office | everyday | travel,oversized,spring | summer,premium,shirt dress | japanese fabric | no logo | belted,XS:yes | S:no | M:yes | L:yes | XL:yes,http://localhost:3002/fold/fd-dre-04.jpg,http://localhost:3002/fold/p/studio-nicholson-kiko-poplin-shirt-dress
fd-dre-05,Nachtfalter Draped Jersey Dress,Asche,women,Dresses & one-pieces,Dresses,260,,"A long, column dress in heavy black viscose jersey with a high cowl neck, long fitted sleeves and an asymmetric draped wrap at the hip. It falls to the ankle and moves slowly, and the matte fabric takes silver jewelry beautifully. Severe and romantic at once, it is made for dark evenings with heavy boots and a long coat.","95% viscose, 5% elastane jersey, 300 gsm | Cowl neck, long sleeves, draped asymmetric wrap | Maxi length, 56 in from shoulder on S | Model is 5'10"" and wears S | Hand wash cold, dry flat | Cut and sewn in Berlin",dark-gothic,viscose jersey,black,black,concerts | evenings | statement dressing,,night out | date night | wedding guest,slim,fall | winter,premium,maxi | draped | cowl neck | made in germany | long sleeve,XS:yes | S:yes | M:yes | L:yes | XL:yes,http://localhost:3002/fold/fd-dre-05.jpg,http://localhost:3002/fold/p/asche-nachtfalter-draped-jersey-dress
fd-dre-06,Formentor Linen Maxi Dress,Sóller,women,Dresses & one-pieces,Dresses,185,220,"A loose, sleeveless maxi dress in washed linen with a deep scoop back, a drawstring waist and side slits that let it move in the breeze. The sun-faded blue-and-white stripe looks like old Mediterranean awnings. Made for heat, it goes from beach to a late dinner with espadrilles and a raffia tote.","100% European linen, 170 gsm, stone washed | Scoop back, adjustable drawstring waist | Maxi length with side slits; 52 in from shoulder on S | Model is 5'8"" and wears S | Machine wash 30°C, line dry | Made in Spain",coastal-resort,linen,cool | white,sky blue stripe | white | sand,vacation | beach to dinner | hot weather,,beach | travel | date night,relaxed,summer,mid,linen | maxi | striped | made in spain | resort,XS:yes | S:yes | M:no | L:yes | XL:yes,http://localhost:3002/fold/fd-dre-06.jpg,http://localhost:3002/fold/p/soller-formentor-linen-maxi-dress
fd-dre-07,Graça Crochet Midi Dress,Malha Lisboa,women,Dresses & one-pieces,Dresses,240,,"A slim, sleeveless midi dress in open cotton crochet, worked in a traditional Portuguese pineapple stitch with a scalloped neckline and hem. It is hand-finished at the family mill and comes with a slip you can wear or swap for a swimsuit. Soft, textured and summery, it suits a seaside wedding, a festival or a slow evening on a terrace.","100% mercerized cotton crochet, hand-finished | Removable cotton slip | Midi length, 45 in from shoulder on S | Model is 5'9"" and wears S | Hand wash cold, dry flat | Knitted and finished outside Lisbon, Portugal",romantic-boho | coastal-resort,mercerized cotton | crochet,neutral | white,ecru | sand,vacation | festivals | weddings,,beach | festival | wedding guest,slim,spring | summer,mid,crochet | handmade | made in portugal | midi,XS:yes | S:yes | M:yes | L:yes | XL:yes,http://localhost:3002/fold/fd-dre-07.jpg,http://localhost:3002/fold/p/malha-lisboa-graca-crochet-midi-dress
fd-dre-08,NikeCourt Dri-FIT Victory Tennis Dress,Nike,women,Dresses & one-pieces,Dresses,90,,"A sleeveless tennis dress in stretchy Dri-FIT jersey with a racerback, a built-in bra shelf and a flippy pleated skirt over integrated shorts with ball pockets. The clean white with a small black Swoosh looks right on court and just as sharp with a cardigan afterwards. Sporty, breathable and easy to move in.","88% recycled polyester, 12% spandex Dri-FIT jersey | Racerback, built-in shelf bra | Integrated shorts with ball pockets; pleated skirt | Model is 5'8"" and wears S | Machine wash cold | Made in Thailand",athletic,recycled polyester | spandex,white,white | black,tennis | padel | training,,gym | weekend,slim,spring | summer,mid,tennis | dri-fit | built-in shorts | pleated,XS:yes | S:yes | M:yes | L:yes | XL:no,http://localhost:3002/fold/fd-dre-08.jpg,http://localhost:3002/fold/p/nike-nikecourt-dri-fit-victory-tennis-dress
fd-dre-09,Chrome Ruched Mesh Mini Dress,SEOM,women,Dresses & one-pieces,Dresses,95,,"A body-skimming mini in stretch power mesh, ruched along both sides with adjustable drawcords so you can pull the hem as short as you want. It is printed with a hazy chrome graphic drawn by the founders and lined at the body. Shiny, slim and very early-2000s, it wants platform sneakers or boots and a cropped jacket.","90% nylon, 10% elastane power mesh; jersey lining | Side ruching with adjustable drawcords | Mini length, 30–34 in from shoulder on S | Model is 5'7"" and wears S | Hand wash cold | Made in South Korea",y2k-retro | streetwear,nylon mesh | elastane,cool | black,chrome silver | black,going out | parties | festival outfits,,night out | festival,slim,spring | summer,mid,mesh | ruched | mini | graphic | party,XS:yes | S:yes | M:yes | L:yes | XL:yes,http://localhost:3002/fold/fd-dre-09.jpg,http://localhost:3002/fold/p/seom-chrome-ruched-mesh-mini-dress
fd-dre-10,W' Bib Overall Straight,Carhartt WIP,women,Dresses & one-pieces,Jumpsuits,150,,"A straight-leg bib overall in rinsed 12 oz Dearborn canvas, with adjustable buckle straps, a chest pocket and side button openings. It starts stiff and softens into a slouchy, faded fit over months of wear. Utilitarian and a little cool, it goes over a striped long-sleeve tee or a hoodie with chunky boots or skate shoes.","100% organic cotton 'Dearborn' canvas, 12 oz | Adjustable buckle straps; button side openings | Bib pocket, hammer loop, rear patch pockets | Model is 5'8"" and wears S | Machine wash cold; expect fading at seams | Made in Tunisia",heritage-workwear | streetwear,cotton canvas,earth | black,hamilton brown | black rinsed,workshop | everyday | gardening,,everyday | weekend | festival,relaxed,spring | fall,mid,overalls | canvas | organic cotton | breaks in,XS:yes | S:yes | M:no | L:yes | XL:yes,http://localhost:3002/fold/fd-dre-10.jpg,http://localhost:3002/fold/p/carhartt-wip-w-bib-overall-straight
fd-dre-11,Valldemossa Linen Jumpsuit,Sóller,women,Dresses & one-pieces,Jumpsuits,195,,"A sleeveless wide-leg jumpsuit in washed linen with a V neck, a self-tie waist and deep pockets. It drapes loosely and stays cool in real heat, and the sand color is softened to look sun-bleached. Calm and easy, it pairs with flat leather sandals, a straw hat and gold hoops.","100% European linen, 190 gsm, stone washed | V neck, self-tie waist, button back | Wide leg, inseam 29 in on S; side pockets | Model is 5'9"" and wears S | Machine wash 30°C, line dry | Made in Spain",coastal-resort | quiet-minimal,linen,neutral,sand | white | olive,vacation | travel | hot weather,,travel | beach | weekend,relaxed,summer,mid,linen | jumpsuit | pockets | made in spain,XS:yes | S:yes | M:yes | L:yes | XL:yes,http://localhost:3002/fold/fd-dre-11.jpg,http://localhost:3002/fold/p/soller-valldemossa-linen-jumpsuit
fd-dre-12,Mill Coverall,Burnside Canvas,unisex,Dresses & one-pieces,Jumpsuits,245,,"A one-piece work coverall in 10 oz duck canvas with a two-way front zip, action-pleat back and a stack of pockets for pencils, rules and phone. Garment-dyed a deep indigo-washed navy, it fades over time to the soft blue of old work clothes. Rugged and practical, it is made for the workshop or the garden and looks good with boots and a beanie.","100% cotton duck canvas, 10 oz, garment dyed | Two-way brass zip, action-pleat back, elastic back waist | Chest, hip, rule and pencil pockets | Unisex sizing; women typically size down one | Machine wash cold; free repairs for life | Made in Portland, Oregon",heritage-workwear,cotton duck canvas,cool | earth,washed navy | tobacco brown,workshop | gardening | making,,everyday | weekend | camping,relaxed,spring | fall,mid,coverall | boilersuit | duck canvas | made in usa | repairable,XS:yes | S:yes | M:yes | L:yes | XL:no,http://localhost:3002/fold/fd-dre-12.jpg,http://localhost:3002/fold/p/burnside-canvas-mill-coverall
fd-ftw-01,Air Force 1 '07,Nike,unisex,Footwear,Sneakers,115,,"The 1982 basketball shoe that never left the street: a full-grain leather upper in triple white, a chunky cupsole with Air cushioning in the heel and a perforated toe box. It reads loud and clean at once, the shoe that goes under baggy cargos, wide denim and oversized hoodies. Keep it box-fresh or let it crease; both are part of the point.",Full-grain leather upper with stitched overlays | Rubber cupsole with encapsulated Air unit in the heel | Pivot-circle outsole tread | Runs about a half size large; consider sizing down | Wipe clean with a damp cloth,streetwear,leather | rubber,white,triple white,daily wear | pairing with baggy denim | city walking,,everyday | weekend | campus,regular,all-season,mid,court classic | icon | white sneakers | basketball heritage,EU 38:yes | EU 39:yes | EU 40:yes | EU 41:no | EU 42:yes | EU 43:yes | EU 44:yes,http://localhost:3002/fold/fd-ftw-01.jpg,http://localhost:3002/fold/p/nike-air-force-1-07
fd-ftw-02,Pegasus 41,Nike,unisex,Footwear,Sneakers,140,,"Nike's everyday road trainer, with a breathable engineered mesh upper, ReactX foam and Air Zoom units front and back for a springy, protective ride. It handles easy miles, tempo days and the walk to the gym without fuss. White with volt and black accents, it looks the part on a track and does not look out of place after.",Engineered mesh upper with padded collar and tongue | ReactX midsole with forefoot and heel Air Zoom units | 10 mm heel-to-toe drop; about 280 g (men's EU 42) | Waffle-inspired rubber outsole | True to size for most runners,athletic,engineered mesh | foam | rubber,white | bold,white | volt | black,road running | gym sessions | daily training,,running | gym | everyday,regular,all-season,mid,running shoe | neutral cushioning | daily trainer | breathable,EU 38:yes | EU 39:yes | EU 40:yes | EU 41:yes | EU 42:yes | EU 43:yes | EU 44:no,http://localhost:3002/fold/fd-ftw-02.jpg,http://localhost:3002/fold/p/nike-pegasus-41
fd-ftw-03,Cortez Leather,Nike,women,Footwear,Sneakers,78,100,"The slim 1972 runner that became a West Coast street staple, in smooth white leather with a varsity red Swoosh and a blue-striped herringbone sole. It has a low, narrow profile and a slight wedge that sits nicely under flared track pants and low-rise denim. Sporty, a little retro, and easy to wear every day.","Leather upper with synthetic overlays | Foam wedge midsole with herringbone rubber outsole | Slim, narrow last; go half a size up if you have wide feet | Lace-up front with padded collar",y2k-retro,leather | foam | rubber,white | bold,white | varsity red | royal blue,daily wear | pairing with track pants | light walking,,everyday | weekend | campus,slim,spring | summer | fall,mid,retro runner | slim sneaker | 70s archive | sale,EU 36:yes | EU 37:yes | EU 38:no | EU 39:yes | EU 40:yes | EU 41:yes,http://localhost:3002/fold/fd-ftw-03.jpg,http://localhost:3002/fold/p/nike-cortez-leather
fd-ftw-04,Samba OG,Adidas,unisex,Footwear,Sneakers,100,,"Born as a football trainer for icy pitches, the Samba is all low profile: soft white leather, a suede T-toe overlay, black three stripes and a gum rubber sole. It is the terrace shoe that crossed into everything, from baggy jeans and track tops to cropped trousers. Slim through the toe, so it looks sharp rather than chunky.",Leather upper with suede T-toe overlay | Gum rubber cupsole | Synthetic lining | Narrow fit; wide feet should size up half a size | Made in Vietnam,streetwear | y2k-retro,leather | suede | gum rubber,white | black,cloud white | core black | gum,daily wear | city walking | pairing with baggy denim,,everyday | weekend | night out,slim,all-season,mid,terrace | gum sole | low profile | icon,EU 37:yes | EU 38:yes | EU 39:no | EU 40:yes | EU 41:yes | EU 42:no | EU 43:yes,http://localhost:3002/fold/fd-ftw-04.jpg,http://localhost:3002/fold/p/adidas-samba-og
fd-ftw-05,Gazelle Indoor,Adidas,women,Footwear,Sneakers,120,,"The indoor training Gazelle in soft blue fusion suede with white stripes and a translucent blue gum sole. It has a slim, low-slung shape and that slightly flattened toe that sits nicely under low-rise jeans, mini skirts and track pants. Playful color, early-2000s attitude, comfortable all day.",Suede upper with leather three stripes | Translucent gum rubber outsole | Leather lining | Slim fit; true to size for narrow to average feet,y2k-retro,suede | leather | gum rubber,cool | pastel,blue fusion | cloud white | translucent blue gum,daily wear | pairing with skirts | weekends out,,everyday | weekend | night out,slim,spring | summer | fall,mid,suede | colorful | terrace | gum sole,EU 36:yes | EU 37:no | EU 38:yes | EU 39:yes | EU 40:yes | EU 41:yes,http://localhost:3002/fold/fd-ftw-05.jpg,http://localhost:3002/fold/p/adidas-gazelle-indoor
fd-ftw-06,990v6 Made in USA,New Balance,unisex,Footwear,Sneakers,200,,"The grey-suede running shoe, built in New Balance's New England factories with a pigskin suede and mesh upper and a FuelCell and ENCAP midsole that feels cushioned without being soft. In tonal grey it disappears into a neutral outfit: wide trousers, a navy crewneck, a plain overcoat. Built for long days on your feet, whether that is a run or a commute.",Pigskin suede and mesh upper | FuelCell foam with ENCAP heel support | Blown rubber outsole | Made in USA with domestic and imported materials | Regular width; true to size,quiet-minimal | athletic,pigskin suede | mesh | foam,neutral,grey | castlerock | silver,commuting | long walks | light running,,everyday | commute | travel,regular,all-season,mid,made in usa | grey suede | dad shoe | cushioned,EU 38:yes | EU 39:yes | EU 40:no | EU 41:yes | EU 42:yes | EU 43:yes | EU 44:yes,http://localhost:3002/fold/fd-ftw-06.jpg,http://localhost:3002/fold/p/new-balance-990v6-made-in-usa
fd-ftw-07,550,New Balance,unisex,Footwear,Sneakers,120,,"A 1989 basketball shoe brought back from the archive, in white leather with a forest green N and heel tab. It has a low, padded collar and a flat cupsole that make it feel more campus than court. Wear it with chinos and a cable knit, or with a boxy tee and wide cargos.",Leather upper with perforated toe box | Rubber cupsole with pivot point | Padded collar and tongue | Runs true to size; roomy toe box,preppy-ivy | streetwear,leather | rubber,white | earth,white | forest green,daily wear | campus | pairing with chinos,,campus | everyday | weekend,,all-season,mid,court classic | archive | basketball heritage | green and white,EU 37:yes | EU 38:yes | EU 39:yes | EU 40:yes | EU 41:yes | EU 42:yes | EU 43:no,http://localhost:3002/fold/fd-ftw-07.jpg,http://localhost:3002/fold/p/new-balance-550
fd-ftw-08,XT-6,Salomon,unisex,Footwear,Sneakers,200,,"A trail racing shoe from the French Alps, with an anti-debris mesh upper, Quicklace cords and a deep-lugged Contagrip outsole that grips wet rock and gravel. In black and olive night with a phantom-grey midsole, it works on the trail and looks just as right with ripstop pants and a shell in town. Light, technical and stable over rough ground.","Anti-debris mesh upper with welded overlays | Quicklace pull-cord lacing with lace pocket | EnergyCell midsole, 11 mm drop | Contagrip rubber outsole with 4 mm lugs | Narrow fit; consider half a size up",gorpcore-outdoor | athletic,mesh | TPU | rubber,black | earth,black | olive night | phantom grey,trail running | hiking | city wear,,hiking | running | everyday,slim,all-season,mid,trail runner | quicklace | technical | grippy,EU 37:no | EU 38:yes | EU 39:yes | EU 40:yes | EU 41:yes | EU 42:yes | EU 43:yes,http://localhost:3002/fold/fd-ftw-08.jpg,http://localhost:3002/fold/p/salomon-xt-6
fd-ftw-09,V-10 Leather,Veja,unisex,Footwear,Sneakers,175,,"A clean leather court shoe with a quiet V on the side, made with chrome-free leather, organic cotton laces and a sole of Amazonian wild rubber and rice waste. Off-white with a pale sable heel, it is the low-key white sneaker for tailored trousers, straight jeans and linen. It softens and creases into your foot over a few weeks.",Chrome-free leather upper | Wild rubber and rice waste outsole | Recycled polyester and organic cotton lining | Made in Brazil | True to size; slightly snug at first,quiet-minimal,chrome-free leather | wild rubber | organic cotton,white | neutral,extra white | sable,daily wear | pairing with tailoring | travel,,everyday | office | travel,,all-season,mid,chrome-free leather | made in brazil | white sneakers | low key,EU 36:yes | EU 37:yes | EU 38:yes | EU 39:yes | EU 40:yes | EU 41:yes | EU 42:no,http://localhost:3002/fold/fd-ftw-09.jpg,http://localhost:3002/fold/p/veja-v-10-leather
fd-ftw-10,Leather Court Sneaker,Arket,unisex,Footwear,Sneakers,105,140,"A plain low-top in soft off-white calf leather with a stitched cupsole and no visible branding at all. The shape is slim and flat, close to a tennis shoe, so it sits neatly under wide wool trousers or cropped denim. Calm, considered and easy to keep looking good.",Calf leather upper and leather lining | Stitched rubber cupsole | Waxed cotton laces | Made in Portugal | True to size,quiet-minimal,calf leather | rubber,white,off-white,daily wear | office | pairing with tailoring,,everyday | office | commute,slim,all-season,mid,no logo | made in portugal | minimal | sale,EU 37:yes | EU 38:yes | EU 39:yes | EU 40:yes | EU 41:yes | EU 42:yes | EU 43:yes,http://localhost:3002/fold/fd-ftw-10.jpg,http://localhost:3002/fold/p/arket-leather-court-sneaker
fd-ftw-11,Static Suede Trainer,SEOM,unisex,Footwear,Sneakers,135,,"SEOM's slim retro trainer in washed black suede with a cracked-silver side stripe and a thin gum sole, drawn by the founders after the indoor football shoes they wore in Seongsu in the 2000s. It is low, narrow and close to the ground, the opposite of a chunky sneaker. Made to go under oversized tees, nylon cargos and wide denim.",Split suede upper with metallic leather stripe | Thin gum rubber cupsole | Printed founder graphic on the sockliner | Narrow last; size up half a size for wide feet | Made in South Korea,streetwear | y2k-retro,suede | metallic leather | gum rubber,black,washed black | cracked silver | gum,daily wear | pairing with cargos | nights out,,everyday | night out | weekend,slim,all-season,mid,slim sneaker | made in korea | suede | gum sole,EU 37:yes | EU 38:yes | EU 39:yes | EU 40:no | EU 41:yes | EU 42:yes | EU 43:yes,http://localhost:3002/fold/fd-ftw-11.jpg,http://localhost:3002/fold/p/seom-static-suede-trainer
fd-ftw-12,Signal Metallic Runner,SEOM,unisex,Footwear,Sneakers,150,,"A slim, low-slung runner in chrome-silver nylon and mesh with reflective piping and a sculpted white foam sole, modeled on the millennium-era running shoes SEOM's founders grew up wanting. It has real cushioning for a light jog but mostly lives under track pants, baby tees and low-rise denim. Shiny, sporty and a little bit futuristic.",Metallic nylon and mesh upper with 3M reflective piping | EVA foam midsole with rubber outsole pods | Removable OrthoLite insole | Slim fit; true to size | Made in South Korea,y2k-retro | athletic,metallic nylon | mesh | EVA foam,cool | white,chrome silver | white | ice blue,daily wear | light jogging | nights out,,everyday | night out | running,slim,spring | summer | fall,mid,metallic | retro runner | reflective | new season,EU 36:no | EU 37:yes | EU 38:yes | EU 39:yes | EU 40:yes | EU 41:yes | EU 42:yes,http://localhost:3002/fold/fd-ftw-12.jpg,http://localhost:3002/fold/p/seom-signal-metallic-runner
fd-ftw-13,1460 Smooth Leather Boot,Dr. Martens,unisex,Footwear,Boots,170,,"The original eight-eye boot from 1960, in stiff black Smooth leather with yellow welt stitching, a heel loop and the bouncing AirWair sole. It takes a few weeks of wear to soften and then moulds to your foot for years. Heavy, dependable and dark, it suits long black coats, ripped denim and everything in between.","Smooth leather upper | Goodyear-welted with heat-sealed seams | Air-cushioned PVC sole, oil and fat resistant | 8 eyelets with heel loop | Comes in whole sizes; if between sizes, go down",dark-gothic | heritage-workwear,smooth leather | PVC sole,black,black | yellow stitch,daily wear | gigs | rainy days,,everyday | night out | festival,regular,fall | winter | spring,mid,combat boot | goodyear welt | icon | breaks in,EU 37:yes | EU 38:no | EU 39:yes | EU 40:yes | EU 41:yes | EU 42:yes | EU 43:yes,http://localhost:3002/fold/fd-ftw-13.jpg,http://localhost:3002/fold/p/dr-martens-1460-smooth-leather-boot
fd-ftw-14,Jadon Platform Boot,Dr. Martens,women,Footwear,Boots,210,,"The 1460 silhouette on a chunky platform: black Polished Smooth leather, a side zip, eight eyelets and a deeply cleated sole that adds about 5 cm of height. It is the boot for long black slip dresses, leather trousers and layered mesh, heavy and moody without being hard to walk in. The inside zip makes it easy to get on and off.","Polished Smooth leather upper | Goodyear-welted platform sole, 5 cm | Inside zip and 8 eyelets | Air-cushioned PVC sole with deep tread | Whole sizes; if between sizes, go down",dark-gothic | y2k-retro,polished smooth leather | PVC sole,black,black,nights out | gigs | daily wear,,night out | festival | everyday,,fall | winter | spring,mid,platform | side zip | chunky sole | goodyear welt,EU 36:yes | EU 37:yes | EU 38:yes | EU 39:no | EU 40:yes | EU 41:yes,http://localhost:3002/fold/fd-ftw-14.jpg,http://localhost:3002/fold/p/dr-martens-jadon-platform-boot
fd-ftw-15,Alder Moc-Toe Boot,Burnside Canvas,men,Footwear,Boots,320,,"A six-inch moc-toe work boot in oil-tanned brown leather on a white wedge crepe sole, hand-stitched at the toe and Goodyear welted so it can be resoled. The leather is stiff for the first couple of weeks, then darkens and creases into something that is entirely yours. Made for selvedge denim, duck canvas and chore coats, and for actual work.","Oil-tanned full-grain leather, 2.4 mm | Hand-sewn moc toe, Goodyear welt construction | White wedge crepe outsole, fully resoleable | Leather lining and cork footbed | Made in Portland, Oregon; free first resole through our workshop",heritage-workwear,oil-tanned leather | crepe rubber | cork,earth,chestnut brown | white crepe,workshop days | everyday wear | pairing with selvedge denim,,everyday | weekend | commute,regular,fall | winter | spring,premium,moc toe | goodyear welt | resoleable | made in usa | breaks in,EU 40:yes | EU 41:yes | EU 42:yes | EU 43:yes | EU 44:yes | EU 45:yes | EU 46:no,http://localhost:3002/fold/fd-ftw-15.jpg,http://localhost:3002/fold/p/burnside-canvas-alder-moc-toe-boot
fd-ftw-16,Willamette Hiking Boot,Burnside Canvas,unisex,Footwear,Boots,295,,"A mid-height hiker in waxed brown suede and Burnside's own 12 oz waxed canvas, with a waterproof membrane, speed hooks and a lugged Vibram sole. It is lighter than it looks and handles muddy Cascades trails, then goes straight to the pub with ripstop pants and a fleece. Stitch-down construction means it can be rebuilt rather than thrown out.","Waxed suede and 12 oz waxed cotton canvas upper | Waterproof breathable membrane | Vibram Megagrip lugged outsole | Stitch-down construction, resoleable | Made in Portland, Oregon",gorpcore-outdoor | heritage-workwear,waxed suede | waxed canvas | Vibram rubber,earth,tobacco | field olive | rust laces,day hikes | rainy days | camping,,hiking | camping | weekend,regular,fall | winter | spring,premium,waterproof | vibram | waxed canvas | resoleable | new season,EU 38:no | EU 39:yes | EU 40:yes | EU 41:yes | EU 42:yes | EU 43:yes | EU 44:yes,http://localhost:3002/fold/fd-ftw-16.jpg,http://localhost:3002/fold/p/burnside-canvas-willamette-hiking-boot
fd-ftw-17,Kessel Lace-Up Boot,Asche,unisex,Footwear,Boots,340,,"A heavy ten-eye boot in washed black calf leather that looks already worn in, with brushed silver hooks at the top and a stacked commando sole. It is cut long and slim up the shin so it sits under long draped trousers or over black jeans. Dark, weighty and quiet about it.","Washed calf leather with leather lining | Blake-stitched to a lug commando rubber sole, 4.5 cm | Brushed silver eyelets and speed hooks | 10 eyelets; shaft height 19 cm | Made in Portugal for Asche, Berlin",dark-gothic,washed calf leather | rubber | silver-tone hardware,black,washed black | brushed silver,daily wear | nights out | cold weather,,night out | everyday | date night,slim,fall | winter,premium,chunky sole | washed leather | silver hardware | made in portugal,EU 38:yes | EU 39:yes | EU 40:yes | EU 41:yes | EU 42:yes | EU 43:yes | EU 44:no,http://localhost:3002/fold/fd-ftw-17.jpg,http://localhost:3002/fold/p/asche-kessel-lace-up-boot
fd-ftw-18,Spree Chelsea Boot,Asche,women,Footwear,Boots,310,,"A pointed Chelsea boot in soft black glove leather with a slim silver harness ring at the ankle and a 6 cm block heel. The elastic gores are black on black, so the whole boot reads as one long dark line under a maxi skirt or cropped leather trousers. Moody, sharp and comfortable enough to stay out in.","Glove leather upper with leather lining | 6 cm stacked block heel, rubber top lift | Black elastic side gores and pull tab | Sterling-look silver harness ring | Made in Portugal for Asche, Berlin",dark-gothic,glove leather | silver-tone hardware,black,black,nights out | dinners | office,,night out | date night | office,,fall | winter | spring,premium,pointed toe | block heel | harness | new season,EU 36:yes | EU 37:yes | EU 38:yes | EU 39:yes | EU 40:no | EU 41:yes,http://localhost:3002/fold/fd-ftw-18.jpg,http://localhost:3002/fold/p/asche-spree-chelsea-boot
fd-ftw-19,X Ultra 4 Mid Gore-Tex,Salomon,men,Footwear,Boots,185,,"A light mid-height hiking boot with a Gore-Tex membrane, an Advanced Chassis for ankle stability on uneven ground, and a grippy All Terrain Contagrip sole. It feels more like a trail runner than a boot from day one, no break-in. Olive, black and a flash of orange, it suits wet weekend hikes and gorpcore city wear alike.","Synthetic and textile upper with Gore-Tex membrane | EnergyCell midsole with Advanced Chassis | All Terrain Contagrip outsole, 4 mm lugs | Gusseted tongue keeps out debris | True to size with room for hiking socks",gorpcore-outdoor,textile | Gore-Tex | rubber,earth | black,olive night | black | orange,day hikes | rainy days | travel,,hiking | camping | travel,regular,all-season,mid,waterproof | gore-tex | hiking boot | no break-in,EU 40:yes | EU 41:yes | EU 42:yes | EU 43:yes | EU 44:yes | EU 45:yes | EU 46:no,http://localhost:3002/fold/fd-ftw-19.jpg,http://localhost:3002/fold/p/salomon-x-ultra-4-mid-gore-tex
fd-ftw-20,Kittery Duck Boot,Cranmore,unisex,Footwear,Boots,195,,"The New England slush boot: a hand-poured rubber chain-tread bottom bonded to a tan full-grain leather upper, with brass eyelets and a cream wool-blend lining. It keeps your feet dry from the first snow to the April mud, with chinos, a rugby shirt or a quilted jacket. Built to be passed down with a fresh pair of laces.","Full-grain leather upper, rubber shell bottom | Chain-tread rubber outsole | Removable wool-blend felt liner | Brass eyelets and rawhide laces | Made in Rhode Island",preppy-ivy | heritage-workwear,full-grain leather | rubber | wool felt,earth | neutral,tan | brown rubber | cream,snow and slush | rainy days | campus,,campus | commute | weekend,relaxed,fall | winter,mid,duck boot | waterproof | made in usa | new england,EU 38:yes | EU 39:yes | EU 40:yes | EU 41:yes | EU 42:yes | EU 43:yes | EU 44:no,http://localhost:3002/fold/fd-ftw-20.jpg,http://localhost:3002/fold/p/cranmore-kittery-duck-boot
fd-ftw-21,Arizona Soft Footbed Suede,Birkenstock,unisex,Footwear,Sandals,150,,"The two-strap slide on a cork-latex footbed with an extra layer of foam, so it is comfortable from the first wear and shapes itself to your foot over a summer. Taupe suede straps with adjustable brass-tone buckles. Throw it on with linen shorts by the water, or with socks and wide trousers in town.","Suede upper with adjustable pin buckles | Contoured cork-latex footbed with soft foam layer, suede lined | EVA outsole | Regular width; narrow width available on request | Made in Germany",coastal-resort | quiet-minimal,suede | cork | latex | EVA,neutral | earth,taupe,beach days | holiday | everyday summer,,beach | everyday | travel,regular,spring | summer,mid,made in germany | cork footbed | slides | summer,EU 38:yes | EU 39:yes | EU 40:yes | EU 41:yes | EU 42:yes | EU 43:yes | EU 44:yes,http://localhost:3002/fold/fd-ftw-21.jpg,http://localhost:3002/fold/p/birkenstock-arizona-soft-footbed-suede
fd-ftw-22,Boston Suede Clog,Birkenstock,unisex,Footwear,Sandals,160,,"The closed-toe clog on Birkenstock's cork footbed, in oiled mink-grey suede with a single adjustable strap. It slips on in a second, holds its shape for years, and has become a quiet favorite with wool socks, wide trousers and a plain knit. Comfortable enough to wear all day, at home or out.",Suede upper with adjustable buckle | Cork-latex footbed with suede lining | EVA outsole | Regular width; true to Birkenstock sizing | Made in Germany,quiet-minimal,suede | cork | latex | EVA,neutral,mink grey | taupe,errands | working from home | everyday wear,,everyday | weekend | travel,regular,all-season,mid,clog | made in germany | slip-on | cork footbed,EU 37:yes | EU 38:yes | EU 39:no | EU 40:yes | EU 41:yes | EU 42:yes | EU 43:yes,http://localhost:3002/fold/fd-ftw-22.jpg,http://localhost:3002/fold/p/birkenstock-boston-suede-clog
fd-ftw-23,Deià Espadrille,Sóller,unisex,Footwear,Sandals,68,,"A classic flat espadrille in sand-washed linen with a hand-stitched jute sole and a thin rubber tread underneath, made by a family workshop in La Rioja. It molds to your foot, goes sockless with linen trousers or a swim short, and gets better looking as the jute frays a little. Breezy, sun-faded and made for long hot days.",100% linen upper with cotton lining | Hand-stitched natural jute sole with vulcanized rubber tread | Fits snug at first and gives with wear; size down if between sizes | Spot clean only; keep out of standing water | Made in Spain,coastal-resort,linen | jute | rubber,neutral,sand | ecru stripe,beach days | holiday | summer evenings,,beach | weekend | travel,regular,summer,budget,espadrille | jute sole | made in spain | linen,EU 37:yes | EU 38:yes | EU 39:yes | EU 40:yes | EU 41:no | EU 42:yes | EU 43:yes,http://localhost:3002/fold/fd-ftw-23.jpg,http://localhost:3002/fold/p/soller-deia-espadrille
fd-ftw-24,Fornalutx Leather Sandal,Sóller,women,Footwear,Sandals,95,125,"A flat sandal in soft cognac vegetable-tanned leather with woven crossing straps over the toes, a slim ankle strap and a jute-wrapped sole. It looks hand-made because it is, by a small workshop in Inca, Mallorca. Pairs with a white linen dress, a flowy skirt or cropped wide trousers at the beach bar.","Vegetable-tanned leather upper and footbed | Jute-wrapped midsole with rubber outsole | Adjustable ankle buckle | True to size | Made in Mallorca, Spain",coastal-resort | romantic-boho,vegetable-tanned leather | jute | rubber,earth | warm,cognac,holiday | beach days | summer evenings,,beach | travel | date night,,spring | summer,mid,handmade | woven leather | made in spain | sale,EU 36:no | EU 37:yes | EU 38:yes | EU 39:yes | EU 40:yes | EU 41:yes,http://localhost:3002/fold/fd-ftw-24.jpg,http://localhost:3002/fold/p/soller-fornalutx-leather-sandal
fd-ftw-25,Alfama Crochet Sandal,Malha Lisboa,women,Footwear,Sandals,95,,"A flat slide with an open crochet upper hand-worked in cream organic cotton at the Malha Lisboa mill, set on a cork footbed and a stitched leather sole made with a shoemaker in Felgueiras. It has a soft, slightly undone look, like the shawl on your grandmother's chair. Lovely with a broderie dress, a tiered skirt or wide linen trousers.",Hand-crocheted 100% organic cotton upper | Cork footbed with leather lining | Leather and rubber sole | Each pair takes about four hours to crochet; slight variations are normal | Made in Portugal,romantic-boho,organic cotton crochet | cork | leather,neutral | warm,cream | natural,summer weekends | holiday | festivals,,weekend | festival | beach,regular,spring | summer,mid,crochet | handmade | made in portugal | organic cotton | new season,EU 36:yes | EU 37:no | EU 38:yes | EU 39:yes | EU 40:yes | EU 41:yes,http://localhost:3002/fold/fd-ftw-25.jpg,http://localhost:3002/fold/p/malha-lisboa-alfama-crochet-sandal
fd-ftw-26,Adrian Tassel Loafer,Dr. Martens,unisex,Footwear,Dress shoes,170,,"A tassel loafer with a kiltie fringe in black Smooth leather, set on Dr. Martens' air-cushioned sole with yellow welt stitching. It is the ivy loafer made tougher: right with grey flannels and white socks, just as right with a long black coat and slim black jeans. Expect a short break-in, then years of wear.","Smooth leather upper with kiltie fringe and tassels | Goodyear-welted, heat-sealed construction | Air-cushioned PVC sole | Whole sizes; if between sizes, go down | Wipe clean and polish regularly",preppy-ivy | dark-gothic,smooth leather | PVC sole,black,black,office | campus | evenings out,,office | campus | night out,regular,all-season,mid,loafer | tassel | goodyear welt | slip-on,EU 37:yes | EU 38:yes | EU 39:yes | EU 40:yes | EU 41:yes | EU 42:no | EU 43:yes,http://localhost:3002/fold/fd-ftw-26.jpg,http://localhost:3002/fold/p/dr-martens-adrian-tassel-loafer
fd-ftw-27,Wickford Penny Loafer,Cranmore,men,Footwear,Dress shoes,265,,"A hand-sewn penny loafer in burnished burgundy calf leather, with a beefroll saddle, a leather sole and a rubber heel. The shape is slim and low, built on a last Cranmore has used since the 1970s. Wear it with grey flannels, chinos and an oxford shirt, or with jeans and a cable knit.","Burnished calf leather upper, leather lining | Hand-sewn moccasin construction, Blake stitched | Leather sole with rubber heel | Slim last; true to size | Made in Rhode Island",preppy-ivy,burnished calf leather | leather sole,warm | earth,burgundy | oxblood,office | weddings | weekend dinners,,office | wedding guest | date night,slim,all-season,premium,penny loafer | hand-sewn | made in usa | leather sole,EU 40:yes | EU 41:yes | EU 42:yes | EU 43:yes | EU 44:no | EU 45:yes | EU 46:yes,http://localhost:3002/fold/fd-ftw-27.jpg,http://localhost:3002/fold/p/cranmore-wickford-penny-loafer
fd-ftw-28,Watch Hill Boat Shoe,Cranmore,men,Footwear,Dress shoes,140,175,"A two-eye boat shoe in oiled tan leather with rawhide 360-degree lacing and a white siped rubber sole that grips a wet deck. Worn sockless, it softens quickly and darkens with salt and sun. Made for summer sailing weekends, chino shorts and a faded oxford shirt.","Oiled full-grain leather upper, unlined | Rawhide laces with 360-degree lacing | Non-marking siped rubber sole | Hand-sewn moccasin toe | Made in Rhode Island",preppy-ivy | coastal-resort,oiled leather | rawhide | rubber,earth | white,tan | white sole,sailing | summer weekends | holiday,,weekend | beach | travel,regular,spring | summer,mid,boat shoe | hand-sewn | made in usa | sale,EU 40:yes | EU 41:yes | EU 42:yes | EU 43:no | EU 44:yes | EU 45:yes | EU 46:yes,http://localhost:3002/fold/fd-ftw-28.jpg,http://localhost:3002/fold/p/cranmore-watch-hill-boat-shoe
fd-ftw-29,Frogner Mary Jane,Hedda Vang,women,Footwear,Dress shoes,195,,"A round-toe Mary Jane in soft rose-pink patent leather with a thin buckled strap, a small 3 cm heel and a scalloped edge along the throat. It is sweet without being childish, with a gingham dress and white socks, a puff-sleeve blouse and a full skirt, or plain jeans. Made in small runs in Portugal.","Patent calf leather upper, leather lining | 3 cm stacked heel, leather sole with rubber insert | Adjustable buckle strap | Padded leather footbed | Made in Portugal",romantic-boho,patent leather | leather sole,pastel,rose pink | dusty rose,dinners | weddings | weekend outings,,date night | wedding guest | weekend,,spring | summer | fall,mid,mary jane | made in portugal | scalloped | patent,EU 36:yes | EU 37:yes | EU 38:yes | EU 39:yes | EU 40:yes | EU 41:no,http://localhost:3002/fold/fd-ftw-29.jpg,http://localhost:3002/fold/p/hedda-vang-frogner-mary-jane
fd-ftw-30,Bygdøy Ballet Flat,Hedda Vang,women,Footwear,Dress shoes,160,,"A soft ballet flat in cream nappa leather with a gathered drawstring bow at the toe and a flexible leather sole that folds in half. It is light and quiet on the foot, as easy with a broderie dress or a tiered midi skirt as with cropped trousers. Romantic, simple and good for walking all day.",Nappa leather upper and lining | Flexible stitched leather sole with rubber grip pads | Elasticated drawstring throat | Runs slim; size up half a size for wider feet | Made in Portugal,romantic-boho | quiet-minimal,nappa leather | leather sole,neutral | white,cream | ivory,everyday wear | office | summer evenings,,everyday | office | date night,slim,spring | summer | fall,mid,ballet flat | made in portugal | soft leather | bow detail,EU 36:yes | EU 37:yes | EU 38:yes | EU 39:yes | EU 40:yes | EU 41:yes,http://localhost:3002/fold/fd-ftw-30.jpg,http://localhost:3002/fold/p/hedda-vang-bygdoy-ballet-flat
fd-bag-01,Valldemossa Raffia Tote,Sóller,women,Bags,Totes,145,,"A wide, open tote hand-woven from natural raffia on Mallorca, with flat tan leather handles and a cotton-lined zip pocket inside. It holds a towel, a book and a bottle of water without fuss, and gets better as the straw softens and sun-fades. Breezy with linen and espadrilles, from the beach to dinner on the port.","Hand-woven natural raffia | Vegetable-tanned leather handles, 25 cm drop | Cotton lining with zip inner pocket | W 45 cm x H 32 cm x D 16 cm | Spot clean; keep dry | Made in Spain",coastal-resort,raffia | leather | cotton,neutral | earth,natural | tan,beach days | holiday | market runs,,beach | travel | weekend,,spring | summer,mid,raffia | hand-woven | made in spain | beach,One size:yes,http://localhost:3002/fold/fd-bag-01.jpg,http://localhost:3002/fold/p/soller-valldemossa-raffia-tote
fd-bag-02,Nantucket Boat Tote,Cranmore,unisex,Bags,Totes,85,,"A heavy cotton canvas boat tote with colored webbing handles and a reinforced base that stands up on its own. It is cut deep and roomy for a weekend's worth of sweaters, sailing kit or groceries, and the canvas softens and fades with every season. Crisp, collegiate and very New England.","24 oz cotton canvas | Reinforced double-layer base | Cotton webbing handles, 23 cm drop | W 40 cm x H 33 cm x D 18 cm | Machine wash cold, air dry | Made in the USA",preppy-ivy | coastal-resort,cotton canvas | cotton webbing,neutral | cool,natural canvas | navy | forest green,weekends away | groceries | beach,,weekend | beach | travel,,all-season,mid,canvas | boat tote | made in usa | gift,Navy trim:yes | Green trim:yes,http://localhost:3002/fold/fd-bag-02.jpg,http://localhost:3002/fold/p/cranmore-nantucket-boat-tote
fd-bag-03,Canvas Tote Bag,Arket,unisex,Bags,Totes,45,,"A plain, generous tote in heavyweight organic cotton canvas with long shoulder handles and a single slip pocket inside. No logo, no hardware and a neat squared base that keeps a laptop and lunch upright. The kind of bag you stop noticing because it simply works.","100% organic cotton canvas, 450 gsm | Handles 60 cm; fits over the shoulder | Inside slip pocket | W 38 cm x H 42 cm x D 12 cm | Machine wash cold",quiet-minimal,organic cotton canvas,white | black,off-white | black,daily carry | laptop | groceries,,everyday | commute | office,,all-season,budget,organic cotton | no logo | everyday | laptop,Off-white:yes | Black:yes,http://localhost:3002/fold/fd-bag-03.jpg,http://localhost:3002/fold/p/arket-canvas-tote-bag
fd-bag-04,Mitte Washed Leather Tote,Asche,unisex,Bags,Totes,395,,"A large, slouchy tote in black washed cowhide that collapses softly when empty and holds a 15-inch laptop when it isn't. The handles are long enough for the shoulder and joined with heavy antiqued silver rings, and it is unlined, so the raw underside of the leather shows inside. It creases and darkens with wear and belongs with an all-black wardrobe.","Washed cowhide leather, 1.8 mm | Unlined; magnetic snap closure | Antiqued silver-tone rings | W 46 cm x H 38 cm x D 14 cm; handle drop 28 cm | Condition occasionally | Made in Germany",dark-gothic,cowhide leather | silver-tone metal,black,washed black,daily carry | laptop | work,,everyday | office | commute,,all-season,premium,leather | silver hardware | laptop | made in germany,One size:yes,http://localhost:3002/fold/fd-bag-04.jpg,http://localhost:3002/fold/p/asche-mitte-washed-leather-tote
fd-bag-05,Black Hole Pack 25L,Patagonia,unisex,Bags,Backpacks,140,,"Patagonia's everyday pack in tough recycled ripstop with a TPU-film laminate that shrugs off rain and scuffs. A padded laptop sleeve, a big main compartment, stretch side pockets and a soft back panel make it as good on a commute as on a day hike. Shown in black or basin green with the familiar logo patch.",100% recycled polyester ripstop with TPU-film laminate | 25 L; padded 15-inch laptop sleeve | Padded shoulder straps and sternum strap | H 47 cm x W 29 cm x D 18 cm; 680 g | Wipe clean | Fair Trade Certified sewn,gorpcore-outdoor,recycled polyester ripstop | TPU laminate,black | earth,black | basin green,commuting | day hikes | laptop,,commute | hiking | travel,,all-season,mid,recycled | water-resistant | laptop | day pack,Black:yes | Basin Green:no,http://localhost:3002/fold/fd-bag-05.jpg,http://localhost:3002/fold/p/patagonia-black-hole-pack-25l
fd-bag-06,Kickflip Backpack,Carhartt WIP,unisex,Bags,Backpacks,95,110,"A simple top-loading backpack in recycled polyester canvas with a drawstring main compartment under a buckled flap, a front zip pocket and the square label on the front. It is light, takes a laptop, and has webbing loops on the front for strapping on a board or a jacket. Easy, everyday and straight out of the skate shop.",100% recycled polyester canvas | Drawstring main compartment with buckled flap | Padded sleeve fits a 15-inch laptop | H 46 cm x W 30 cm x D 13 cm; approx. 25 L | Wipe clean,streetwear | heritage-workwear,recycled polyester canvas,black | earth,black | hamilton brown,campus | skating | daily carry,,campus | everyday | commute,,all-season,mid,backpack | recycled | skate | laptop,Black:yes | Hamilton Brown:yes,http://localhost:3002/fold/fd-bag-06.jpg,http://localhost:3002/fold/p/carhartt-wip-kickflip-backpack
fd-bag-07,Belmont Waxed Canvas Rucksack,Burnside Canvas,unisex,Bags,Backpacks,285,,"The Belmont is a roll-top rucksack in 18 oz waxed cotton canvas with oiled leather straps, solid brass buckles and a padded laptop sleeve inside. The wax keeps rain out and takes on creases and scuffs that show where it has been, and every seam is double-stitched so the Portland workshop can repair it rather than replace it. Rugged on a trail weekend, handsome on a commute.","18 oz waxed cotton canvas | Oiled bridle leather straps, solid brass buckles | Roll-top closure; padded 15-inch laptop sleeve | H 50 cm x W 30 cm x D 15 cm unrolled; approx. 22 L | Re-wax yearly; repairs for life | Made in Portland, Oregon",heritage-workwear | gorpcore-outdoor,waxed cotton canvas | bridle leather | brass,earth,tobacco brown | field olive,commuting | weekend trips | laptop,,commute | travel | hiking,,all-season,premium,waxed canvas | roll-top | made in usa | repairable | leather,Tobacco:yes | Field Olive:yes,http://localhost:3002/fold/fd-bag-07.jpg,http://localhost:3002/fold/p/burnside-canvas-belmont-waxed-canvas-rucksack
fd-bag-08,Trailblazer 20,Salomon,unisex,Bags,Backpacks,70,,"A light 20-litre daypack with one big compartment, a zipped lid pocket and side compression straps that cinch it down when half empty. The ventilated back and slim shoulder straps keep it stable on a fast hike or the walk to the gym, and the ripstop stands up to daily use. Simple, sporty and very easy to pack.","Recycled polyamide ripstop | 20 L; hydration sleeve | Ventilated mesh back panel, sternum strap, removable hip belt | H 47 cm x W 26 cm x D 16 cm; 420 g | Hand wash",gorpcore-outdoor | athletic,recycled polyamide ripstop | mesh,black | earth,black | olive night,day hikes | gym | travel,,hiking | gym | travel,,all-season,budget,day pack | lightweight | hiking | hydration,Black:yes | Olive Night:yes,http://localhost:3002/fold/fd-bag-08.jpg,http://localhost:3002/fold/p/salomon-trailblazer-20
fd-bag-09,Tilt Nylon Crossbody,SEOM,unisex,Bags,Crossbody,68,,"A small, curved crossbody in high-shine recycled nylon with chrome zips, an adjustable webbing strap and SEOM's hand-drawn star embossed on the front. It holds a phone, cards, keys and lip balm and sits snug under the arm or across the chest. Glossy, compact and very early-2000s.","100% recycled nylon, high-gloss coating | Chrome-finish zips and buckle | Adjustable strap, max drop 60 cm | W 24 cm x H 14 cm x D 6 cm | Wipe clean | Made in South Korea",y2k-retro | streetwear,recycled nylon | metal,cool | pastel,metallic silver | black | baby blue,nights out | hands-free | festivals,,night out | festival | everyday,,all-season,budget,crossbody | metallic | recycled nylon | made in korea,Silver:yes | Black:yes | Baby Blue:no,http://localhost:3002/fold/fd-bag-09.jpg,http://localhost:3002/fold/p/seom-tilt-nylon-crossbody
fd-bag-10,Heritage Crossbody Bag,Nike,unisex,Bags,Crossbody,35,,"Nike's Heritage crossbody is a small, flat zip bag in durable polyester with an adjustable strap and the Futura logo on the front. There is room for a phone, wallet and earbuds plus a rear slip pocket for a card, so it goes to the gym, the court or a crowded train. Sporty and simple.","100% polyester | 1 L; zip main compartment, rear slip pocket | Adjustable strap | W 20 cm x H 15 cm x D 5 cm | Wipe clean",athletic | streetwear,polyester,black | white,black | white,hands-free | gym | daily carry,,gym | everyday | festival,,all-season,budget,crossbody | sporty | lightweight | gift,Black:yes | White:yes,http://localhost:3002/fold/fd-bag-10.jpg,http://localhost:3002/fold/p/nike-heritage-crossbody-bag
fd-bag-11,Graça Crochet Crossbody,Malha Lisboa,women,Bags,Crossbody,115,,"A soft crossbody crocheted by hand in thick organic cotton, in an open shell stitch that shows the cream canvas lining underneath. The long single strap sits across the body or at the hip, and it closes with a carved wooden toggle. Romantic and relaxed with a sundress or a linen set.","100% organic cotton, hand-crocheted | Cotton canvas lining | Wooden toggle closure | W 28 cm x H 24 cm; strap drop 55 cm | Hand wash cold, dry flat | Made in Portugal",romantic-boho | coastal-resort,organic cotton | crochet | wood,neutral | warm,ecru | terracotta,summer days | holiday | hands-free,,beach | festival | weekend,,spring | summer,mid,crochet | handmade | made in portugal | summer,Ecru:yes | Terracotta:yes,http://localhost:3002/fold/fd-bag-11.jpg,http://localhost:3002/fold/p/malha-lisboa-gra-a-crochet-crossbody
fd-bag-12,TAKIBI Canvas Shoulder Bag,Snow Peak,unisex,Bags,Crossbody,150,,"Snow Peak cuts this shoulder bag from TAKIBI canvas, a flame-resistant cotton-aramid weave made to sit close to a campfire without catching sparks. It is a plain flapped satchel with a wide adjustable strap, a magnetic closure and three inside pockets, in a muted olive that ages well. Quietly useful at a campsite or on a city weekday.","TAKIBI canvas: 60% cotton, 40% aramid, flame-resistant | Magnetic flap closure, three interior pockets | Adjustable strap, drop 50-65 cm | W 30 cm x H 23 cm x D 9 cm | Spot clean | Made in Japan",gorpcore-outdoor | quiet-minimal,cotton-aramid canvas,earth | black,olive | black,camping | daily carry | travel,,camping | everyday | travel,,all-season,mid,takibi | flame-resistant | camp | made in japan,Olive:yes | Black:yes,http://localhost:3002/fold/fd-bag-12.jpg,http://localhost:3002/fold/p/snow-peak-takibi-canvas-shoulder-bag
fd-acc-01,Acrylic Watch Hat,Carhartt WIP,unisex,Accessories,Hats,28,,"The rib-knit beanie Carhartt WIP has made for years: a fine acrylic knit with a deep fold-up cuff and the square woven label stitched on the front. It sits short and snug above the ears or pulls down on cold mornings, and goes as easily with a Detroit jacket as with an oversized nylon puffer. Holds its shape season after season and shrugs off the washing machine.","100% acrylic rib knit | Deep fold-up cuff with woven square label | One size; stretches to fit most heads | Machine wash cold, dry flat",streetwear | heritage-workwear,acrylic,black | earth,black | hamilton brown | dark navy,cold days | commute,,everyday | commute | weekend,,fall | winter,budget,rib knit | cuffed beanie | gift | classic,Black:yes | Hamilton Brown:yes | Dark Navy:yes,http://localhost:3002/fold/fd-acc-01.jpg,http://localhost:3002/fold/p/carhartt-wip-acrylic-watch-hat
fd-acc-02,Club Unstructured Futura Wash Cap,Nike,unisex,Accessories,Hats,28,,"A low-profile six-panel cap in washed cotton twill with an unstructured crown that folds flat into a back pocket. The curved brim and small embroidered Swoosh keep it sporty without shouting, and the enzyme wash gives the color a soft, already-worn fade. Wear it on a run to the courts, to the gym or with a hoodie on a slow Sunday.","100% cotton twill, enzyme washed | Unstructured six-panel crown, pre-curved brim | Adjustable strap with metal tri-glide | One size | Hand wash cold",athletic | streetwear,cotton twill,white | black,white | black | university red,sun cover | training | bad hair days,,everyday | gym | running,,all-season,budget,washed cotton | adjustable | low profile | dad cap,White:yes | Black:yes | University Red:no,http://localhost:3002/fold/fd-acc-02.jpg,http://localhost:3002/fold/p/nike-club-unstructured-futura-wash-cap
fd-acc-03,P-6 Logo Trucker Hat,Patagonia,unisex,Accessories,Hats,38,,"A mid-crown trucker with a structured organic-cotton canvas front, a breathable mesh back and the P-6 mountain logo on a stitched patch. The snapback fits most heads and the mesh keeps air moving on hot trail days, then it lives on the dashboard all summer. Earthy and slightly faded-looking from the start, it belongs with a fleece and a pair of trail runners.","Front panels: organic cotton canvas; back: recycled polyester mesh | Mid crown, pre-curved brim, snapback closure | Embroidered P-6 logo patch | One size | Fair Trade Certified sewn",gorpcore-outdoor,organic cotton canvas | recycled polyester mesh,earth,sage khaki | ink black | forge grey,trail days | road trips | sun cover,,hiking | camping | weekend,,spring | summer | fall,budget,trucker | recycled | snapback | fair trade,Sage Khaki:yes | Ink Black:yes | Forge Grey:yes,http://localhost:3002/fold/fd-acc-03.jpg,http://localhost:3002/fold/p/patagonia-p-6-logo-trucker-hat
fd-acc-04,Fuzz Bucket Hat,SEOM,unisex,Accessories,Hats,55,,"A deep-crowned bucket hat in shaggy faux fur, the kind you remember from early-2000s music videos, with a short floppy brim and a small rubber SEOM tab on the side. It is warm, a little absurd and looks best with a cropped puffer and wide nylon cargos. Lilac and baby blue for the brave, black for everyone else.","Shell: 100% polyester faux fur; lining: cotton | Deep crown, 2 in (5 cm) soft brim | Head circumference 23 in (58 cm) | Hand wash cold, brush when dry | Made in South Korea",y2k-retro | streetwear,faux fur | cotton,pastel | black,lilac | baby blue | black,cold days | statement outfits,,night out | festival | weekend,,fall | winter,budget,faux fur | statement | y2k | bucket hat,Lilac:yes | Baby Blue:yes | Black:no,http://localhost:3002/fold/fd-acc-04.jpg,http://localhost:3002/fold/p/seom-fuzz-bucket-hat
fd-acc-05,Deià Raffia Sun Hat,Sóller,women,Accessories,Hats,75,,"A wide-brimmed sun hat hand-braided from natural raffia near Deià, with a soft, slightly wavy brim and a cream cotton band tied at the back. It packs flat in a suitcase and springs back, gives real shade over a long lunch by the sea, and looks right with a linen shirt dress or a striped swimsuit. The braid is a little irregular because it is made by hand.","100% natural raffia, hand-braided | Brim 4.3 in (11 cm) | Inner cotton tie to adjust the fit | Packable; reshape with a little steam | Made in Spain",coastal-resort | romantic-boho,raffia | cotton,neutral,natural | cream,sun cover | vacation,,beach | travel | wedding guest,,spring | summer,mid,raffia | handmade | made in spain | packable,S/M:yes | M/L:yes,http://localhost:3002/fold/fd-acc-05.jpg,http://localhost:3002/fold/p/soller-deia-raffia-sun-hat
fd-acc-06,Glint Sunglasses,SEOM,unisex,Accessories,Eyewear,120,,"Narrow wraparound sunglasses with a single curved shield lens and slim chrome temples, drawn after the sports shades of 2001. The smoke lens has a faint blue mirror, so they read shiny and a bit sci-fi under club lights or hard afternoon sun. Wear them with a baby tee and low-slung cargos.","Polycarbonate shield lens, 100% UV400 protection | Stainless steel temples with rubber tips | Width 140 mm; suits narrow to medium faces | Microfiber pouch included | Made in South Korea",y2k-retro | streetwear,polycarbonate | stainless steel,cool,chrome | smoke blue mirror | black,sunny days | statement outfits,,festival | night out | everyday,,spring | summer,mid,shield | wraparound | uv400 | y2k,Chrome / Smoke Mirror:yes | Black / Smoke:yes,http://localhost:3002/fold/fd-acc-06.jpg,http://localhost:3002/fold/p/seom-glint-sunglasses
fd-acc-07,Kreis Round Sunglasses,Asche,unisex,Accessories,Eyewear,185,,"Small, perfectly round sunglasses in thick black acetate with near-black lenses and heavy silver rivets at the hinges. They sit close to the face and give nothing away, which is the point: with a long black coat or a draped jersey top they finish an all-black look, the hardware the only shine. Handmade in Germany and built to last decades.","Hand-polished 6 mm acetate | Category 3 lenses, 100% UV protection | Lens 46 mm, bridge 22 mm, temples 145 mm | Silver-finish rivets, five-barrel hinges | Black leather hard case included | Made in Germany",dark-gothic,acetate | metal hardware,black,black | graphite lens | deep grey,sunny days | city,,night out | everyday,,all-season,mid,acetate | round frame | handmade | made in germany,Black:yes | Deep Grey Translucent:no,http://localhost:3002/fold/fd-acc-07.jpg,http://localhost:3002/fold/p/asche-kreis-round-sunglasses
fd-acc-08,Acetate D-Frame Sunglasses,Arket,unisex,Accessories,Eyewear,95,125,"A soft D-shaped frame in recycled acetate, a little thick at the brow and rounded at the corners, with polarized bottle-green lenses. There is no visible logo, just a clean frame that suits most faces and works with a navy overcoat as well as a plain white tee. Light enough to forget you are wearing them.","Recycled acetate frame | Polarized category 3 lenses, 100% UV400 protection | Lens 50 mm, bridge 20 mm, temples 145 mm | Recycled cotton pouch included",quiet-minimal,recycled acetate,black | neutral,black | honey tortoise | clear grey,sunny days | driving | city,,everyday | travel | commute,,all-season,mid,polarized | no logo | recycled | classic shape,Black:yes | Honey Tortoise:yes | Clear Grey:yes,http://localhost:3002/fold/fd-acc-08.jpg,http://localhost:3002/fold/p/arket-acetate-d-frame-sunglasses
fd-acc-09,Kette Curb Chain,Asche,unisex,Accessories,Jewelry,195,,"A heavy curb chain in solid sterling silver, oxidized so the link edges catch the light while the recesses stay dark. It lies flat at the collarbone, closes with a chunky lobster clasp and only looks better as it scuffs. Worn alone over a black tee or layered with a finer chain, it adds weight and a little menace to an all-black outfit.","925 sterling silver, oxidized finish | 7 mm curb links; approx. 48 g at 20 in | Oversized lobster clasp | Polish with a dry cloth; avoid silver dip to keep the oxidization | Made in Berlin",dark-gothic | streetwear,sterling silver,cool | black,oxidized silver,layering | gifting,,night out | everyday,,all-season,mid,sterling silver | chain | layering | made in germany,18 in:yes | 20 in:yes | 22 in:yes:+15,http://localhost:3002/fold/fd-acc-09.jpg,http://localhost:3002/fold/p/asche-kette-curb-chain
fd-acc-10,Nagel Band Ring,Asche,unisex,Accessories,Jewelry,140,,"A wide, flat band in sterling silver with a hand-hammered outer face and a deep blackened groove around the middle, like a nail driven through metal. It is heavy for its size and sits squarely on the finger, so one is enough. Pairs with the Kette chain or a stack of plain bands for a moody, hardware-heavy look.","925 sterling silver, oxidized groove | Width 8 mm, thickness 2.5 mm | Hand-hammered and finished in Berlin | US ring sizes 6–11 | Comes in a black recycled-card box",dark-gothic,sterling silver,cool | black,oxidized silver,stacking | gifting,,night out | everyday | date night,,all-season,mid,sterling silver | hammered | handmade | ring,US 6:yes | US 7:yes | US 8:yes | US 9:no | US 10:yes | US 11:yes,http://localhost:3002/fold/fd-acc-10.jpg,http://localhost:3002/fold/p/asche-nagel-band-ring
fd-acc-11,Sigrid Pearl Drop Earrings,Hedda Vang,women,Accessories,Jewelry,85,,"Single freshwater pearls, each a little irregular, hanging from small gold-plated hoops so they swing when you turn your head. They glow softly against a puff-sleeved blouse and are delicate enough for every day, dressy enough for a summer wedding. No two pairs match exactly.","Freshwater pearls, approx. 8–9 mm | 18k gold plating over sterling silver hoops, 12 mm | Hinged hoop closure; drop length 1.1 in (28 mm) | Keep away from perfume; wipe with a soft cloth | Made in Portugal",romantic-boho | preppy-ivy,freshwater pearl | gold-plated sterling silver,white | warm,cream pearl | gold,gifting | special occasions,,wedding guest | date night | everyday,,all-season,mid,pearl | gold plated | gift | made in portugal,One size:yes,http://localhost:3002/fold/fd-acc-11.jpg,http://localhost:3002/fold/p/hedda-vang-sigrid-pearl-drop-earrings
fd-acc-12,Cala Tuent Shell Necklace,Sóller,unisex,Accessories,Jewelry,45,,"Small cowrie shells and hand-cut coconut beads strung on a waxed cotton cord, finished with a sliding knot so it sits at the collarbone or a little lower. It is light, happy in salt water and looks right on sun-browned skin with an open linen shirt. The kind of thing you forget to take off all summer.","Cowrie shells, coconut shell beads, waxed cotton cord | Adjustable 16–22 in with sliding knot | Fine to swim in; rinse in fresh water | Strung by hand in Mallorca",coastal-resort | romantic-boho,shell | coconut | waxed cotton,neutral | white,natural | sand | white,vacation | layering,,beach | festival | travel,,summer,budget,shell | handmade | adjustable | made in spain,One size:yes,http://localhost:3002/fold/fd-acc-12.jpg,http://localhost:3002/fold/p/soller-cala-tuent-shell-necklace
fd-acc-13,Hawthorne Bridle Belt,Burnside Canvas,men,Accessories,Belts,95,,"A 1.5-inch belt cut from a single strip of 10-ounce bridle leather, with a solid brass roller buckle and hand-burnished edges. It starts stiff and a little bright, then darkens and shapes to your waist over months with raw denim and double-knee work pants. Chicago screws hold the buckle, so it can be swapped or the strap replaced instead of thrown out.","10 oz vegetable-tanned bridle leather, 1.5 in (38 mm) wide | Solid brass roller buckle | Chicago screws for easy repair | Order your trouser waist size | Cut and finished in Portland, Oregon",heritage-workwear,bridle leather | solid brass,earth,dark brown | brass,daily wear | work,,everyday | weekend | office,,all-season,mid,bridle leather | solid brass | repairable | made in usa,30:yes | 32:yes | 34:yes | 36:no | 38:yes,http://localhost:3002/fold/fd-acc-13.jpg,http://localhost:3002/fold/p/burnside-canvas-hawthorne-bridle-belt
fd-acc-14,Kennebunk Braided Leather Belt,Cranmore,men,Accessories,Belts,85,105,"A braided belt woven by hand from strips of tan calf leather, with a polished brass buckle and a leather-wrapped keeper. The braid has give, so the prong fastens anywhere along it and it lies flat and neat under a tucked-in oxford with chinos. Summer-weight and easy, it is the belt for boat shoes and a navy blazer on a warm evening.","Full-grain calf leather, hand-braided, 1.25 in (32 mm) wide | Polished solid brass buckle | Prong fastens anywhere along the braid | S fits 28–32, M 32–36, L 36–40 | Made in the USA",preppy-ivy | coastal-resort,calf leather | solid brass,earth | warm,tan | brass,summer dressing | smart casual,,weekend | office | wedding guest,,spring | summer,mid,braided | full-grain leather | solid brass | made in usa,S:yes | M:yes | L:yes,http://localhost:3002/fold/fd-acc-14.jpg,http://localhost:3002/fold/p/cranmore-kennebunk-braided-leather-belt
fd-acc-15,Friction Belt,Patagonia,unisex,Accessories,Belts,40,,"A simple 1-inch webbing belt in recycled nylon with a low-profile aluminum friction buckle that cinches at any point and stays put under a harness or a pack hip belt. It is light, dries fast and has no prong to dig in on a long day of scrambling. Clip a carabiner through it and wear it with trail pants or shorts.","Recycled nylon webbing, 1 in (25 mm) wide | Anodized aluminum friction buckle | One size; trim to fit and seal the end | Fair Trade Certified sewn",gorpcore-outdoor,recycled nylon webbing | aluminum,earth | black,black | sage khaki | basin green,hiking | climbing | travel,,hiking | camping | travel,,all-season,budget,webbing | recycled | lightweight | quick dry,Black:yes | Sage Khaki:yes | Basin Green:yes,http://localhost:3002/fold/fd-acc-15.jpg,http://localhost:3002/fold/p/patagonia-friction-belt
fd-acc-16,Performance Cotton Cushioned Crew Socks (3 Pack),New Balance,unisex,Accessories,Socks & scarves,20,,"Cotton-rich crew socks with a cushioned terry footbed, an arch compression band and a ribbed cuff that stays up through a long run or a full day on your feet. White with a grey heel and toe, they go with every pair of runners and court shoes, and the small NB at the ankle is all the branding there is. Three pairs to a pack.","Cotton, polyester and spandex blend | Cushioned terry sole, heel and toe | Arch support band, breathable mesh top | M fits US men's 6–9 / women's 7–10; L fits US men's 9–12.5 | Machine wash warm",athletic,cotton blend,white,white | grey,running | training | daily wear,,running | gym | everyday,,all-season,budget,multipack | cushioned | crew socks | breathable,M:yes | L:yes,http://localhost:3002/fold/fd-acc-16.jpg,http://localhost:3002/fold/p/new-balance-performance-cotton-cushioned-crew-socks-3-pack
fd-acc-17,Stowe Argyle Socks,Cranmore,men,Accessories,Socks & scarves,22,28,"Classic argyle socks knitted in a soft lambswool and nylon blend, navy with green and cream diamonds and a fine red overcheck. They sit mid-calf, warm without bulk, and give a flash of pattern between cuffed chinos and penny loafers. Hand-linked toes keep them comfortable all day.","70% lambswool, 30% nylon | Mid-calf height, hand-linked toe | One size fits US 7–12 | Wool cycle or hand wash cool | Knitted in North Carolina",preppy-ivy,lambswool | nylon,cool,navy | bottle green | cream | red,smart casual | cold days,,office | campus | weekend,,fall | winter,budget,argyle | lambswool | made in usa | gift,Navy:yes | Camel:yes,http://localhost:3002/fold/fd-acc-17.jpg,http://localhost:3002/fold/p/cranmore-stowe-argyle-socks
fd-acc-18,Alfama Cable Scarf,Malha Lisboa,unisex,Accessories,Socks & scarves,120,,"A long scarf in undyed ecru merino, knitted with a column of fisherman cables and finished by hand at the family mill outside Lisbon. It is dense and springy, wraps twice with length to spare and has the soft, slightly lanolin handle of good wool. Wear it with a navy peacoat or a grey overcoat for the quiet end of winter dressing.","100% extra-fine merino wool, 7 gauge | Approx. 79 x 11 in (200 x 28 cm) | Hand-linked edges, no fringe | Hand wash cold, dry flat | Knitted and finished in Portugal",quiet-minimal | preppy-ivy,merino wool,white | neutral,ecru | charcoal,cold days | layering,,everyday | commute | office,,fall | winter,mid,merino | cable knit | made in portugal | hand finished,Ecru:yes | Charcoal:no,http://localhost:3002/fold/fd-acc-18.jpg,http://localhost:3002/fold/p/malha-lisboa-alfama-cable-scarf
fd-acc-19,Fastcolor Selvedge Bandana,Kapital,unisex,Accessories,Socks & scarves,68,,"A square bandana in light cotton selvedge, printed with a paisley-and-skull pattern and dyed in indigo in Kojima, so each one fades a little differently. Tie it at the neck, knot it on a bag strap or fold it into a back pocket; after a few washes it softens into something that looks like it came out of a 1950s railyard. A red selvedge line runs along one edge.","100% cotton selvedge, indigo dyed | Approx. 21 x 21 in (54 x 54 cm) | Indigo will bleed in early washes; wash separately | Made in Japan",heritage-workwear | streetwear,selvedge cotton,cool,indigo | white,neckerchief | bag accent | layering,,everyday | festival | weekend,,all-season,budget,indigo | selvedge | made in japan | paisley,One size:yes,http://localhost:3002/fold/fd-acc-19.jpg,http://localhost:3002/fold/p/kapital-fastcolor-selvedge-bandana
fd-acc-20,Brushed Lambswool Scarf,Arket,unisex,Accessories,Socks & scarves,58,,"A generous scarf in pure lambswool, woven in a plain twill and lightly brushed so the surface is soft and slightly hazy. It comes in grey melange, camel and black with a short twisted fringe at both ends and no logo anywhere. Wrap it over a wool overcoat or a plain crewneck and it simply looks considered.","100% lambswool, brushed twill | Approx. 75 x 14 in (190 x 35 cm), twisted fringe | Dry clean or hand wash cold | Made in Scotland",quiet-minimal,lambswool,neutral,grey melange | camel | black,cold days | commute,,commute | office | everyday,,fall | winter,budget,lambswool | no logo | gift | brushed,Grey Melange:yes | Camel:yes | Black:yes,http://localhost:3002/fold/fd-acc-20.jpg,http://localhost:3002/fold/p/arket-brushed-lambswool-scarf
fd-grm-01,Rauch Eau de Parfum,Asche,unisex,Fragrance & grooming,Fragrance,165,,"Smoke from a censer, old black leather and a cold stone floor: Rauch opens on birch tar and frankincense, then settles into a dry leather and patchouli base that lingers into the next day. It is dark and close to the skin rather than loud, the scent equivalent of a long black coat. Bottled in heavy black glass.","Top: birch tar, black pepper | Heart: frankincense, myrrh | Base: leather accord, patchouli, labdanum | Eau de parfum, 18% concentration | Heavy black glass bottle with magnetic cap | Blended in Grasse, France",dark-gothic,eau de parfum | black glass,black,black,evenings | cold weather,,night out | date night,,fall | winter,mid,smoky | leather | incense | unisex,50 ml:yes | 100 ml:yes:+80,http://localhost:3002/fold/fd-grm-01.jpg,http://localhost:3002/fold/p/asche-rauch-eau-de-parfum
fd-grm-02,Figa Eau de Toilette,Sóller,unisex,Fragrance & grooming,Fragrance,115,,"Green fig leaves crushed between your fingers, milky ripe fig and a breeze off the sea: Figa is the north coast of Mallorca in August. Sea salt and bergamot keep it bright, while a soft cedar and coconut base stays close to sun-warmed skin. Light enough to spray on after a swim, it fades gently by evening.","Top: bergamot, sea salt | Heart: fig leaf, fig milk, jasmine | Base: cedar, coconut, white musk | Eau de toilette, 10% concentration | Ribbed glass bottle with olive-wood cap | Made in Spain",coastal-resort,eau de toilette | glass | olive wood,neutral,clear glass | olive wood,summer days | vacation,,beach | travel | everyday,,spring | summer,mid,fig | salty | fresh | made in spain,50 ml:yes | 100 ml:yes:+55,http://localhost:3002/fold/fd-grm-02.jpg,http://localhost:3002/fold/p/soller-figa-eau-de-toilette
fd-grm-03,Sauna Eau de Parfum,Ferrant,unisex,Fragrance & grooming,Fragrance,150,,"A cedar-lined sauna on a lake in the Laurentians: hot wood, birch leaves thrown on the stones, a little pine resin and woodsmoke drifting in from outside. It is dry, woody and clean, with a warmth that sits somewhere between a flannel shirt and a campfire the morning after. Wears well with wool, fleece and waxed cotton.","Top: birch leaf, juniper | Heart: hot cedar, pine resin | Base: guaiac wood, vetiver, smoke | Eau de parfum, 15% concentration | Amber glass bottle with turned ash cap | Made in Montreal",gorpcore-outdoor | heritage-workwear,eau de parfum | amber glass | ash wood,earth,amber,daily wear | cold weather,,camping | everyday | weekend,,fall | winter,mid,woody | cedar | campfire | made in canada,50 ml:yes | 100 ml:no:+70,http://localhost:3002/fold/fd-grm-03.jpg,http://localhost:3002/fold/p/ferrant-sauna-eau-de-parfum
fd-grm-04,Pierre Mouillée Eau de Parfum,Ferrant,unisex,Fragrance & grooming,Fragrance,160,,"Wet stone after rain, a bar of plain white soap and cool iris: Pierre Mouillée is clean without smelling of laundry. Mineral and softly powdery at once, it dries down to a pale musk that sits close and never announces itself. It goes with a white shirt, grey wool and a day with nothing extra in it.","Top: aldehydes, mineral accord | Heart: orris butter, violet leaf | Base: white musk, ambrette, cashmere wood | Eau de parfum, 15% concentration | Frosted glass bottle, unprinted, label on the base | Made in Montreal",quiet-minimal,eau de parfum | frosted glass,white | neutral,frosted white | stone grey,daily wear | work,,office | everyday | date night,,all-season,mid,clean | iris | skin scent | made in canada,50 ml:yes | 100 ml:yes:+75,http://localhost:3002/fold/fd-grm-04.jpg,http://localhost:3002/fold/p/ferrant-pierre-mouillee-eau-de-parfum
fd-grm-05,Rosehage Eau de Parfum,Hedda Vang,women,Fragrance & grooming,Fragrance,135,165,"Rosehage means rose garden, and this is one in June: dewy Damask rose, orange blossom and neroli over a soft, faintly powdery musk. It is pretty and a little old-fashioned in the best way, like a hand-tied bouquet left on a cotton tablecloth. Wear it with broderie, gingham and washed silk.","Top: neroli, pink pepper | Heart: Damask rose, orange blossom | Base: soft musk, sandalwood | Eau de parfum, 16% concentration | Blush glass bottle tied with a cotton ribbon | Made in France",romantic-boho,eau de parfum | glass,pastel,blush pink,daily wear | special occasions,,wedding guest | date night | everyday,,spring | summer,mid,rose | floral | neroli | gift,50 ml:yes | 100 ml:yes:+65,http://localhost:3002/fold/fd-grm-05.jpg,http://localhost:3002/fold/p/hedda-vang-rosehage-eau-de-parfum
fd-grm-06,Rich Face Cream,Birkenstock,unisex,Fragrance & grooming,Skincare,55,,"A rich face cream built on cork oil from the same cork oak bark Birkenstock uses in its footbeds, with shea butter and squalane for dry or tired skin. It sinks in slowly and leaves skin soft rather than shiny, which makes it a good last step at night or before heading out into winter wind. Plain white tube, short ingredient list, no fuss.","Key ingredients: cork oil, shea butter, squalane, hyaluronic acid | For dry and normal skin | 50 ml | Vegan; no added synthetic fragrance | Made in Germany",quiet-minimal,cork oil | shea butter,white,white,dry skin | night routine,,everyday | travel,,fall | winter,budget,vegan | cork oil | dry skin | made in germany,50 ml:yes,http://localhost:3002/fold/fd-grm-06.jpg,http://localhost:3002/fold/p/birkenstock-rich-face-cream
fd-grm-07,Soothing Foot Balm,Birkenstock,unisex,Fragrance & grooming,Skincare,28,,"A thick, cooling balm for feet that spend summer in sandals or long days on the trail: cork oil and shea soften rough heels while menthol and rosemary leave a clean, tingly finish. Massage it in after a day on hot pavement or a long hike, pull on socks overnight and the difference shows by morning.","Key ingredients: cork oil, shea butter, 10% urea, menthol | 100 ml tube | Vegan | Made in Germany",coastal-resort | gorpcore-outdoor,cork oil | shea butter,white,white | cork,foot care | after hiking | sandal season,,beach | hiking | travel,,spring | summer,budget,vegan | foot care | cooling | made in germany,100 ml:yes,http://localhost:3002/fold/fd-grm-07.jpg,http://localhost:3002/fold/p/birkenstock-soothing-foot-balm
fd-grm-08,Hinoki Camp Soap,Snow Peak,unisex,Fragrance & grooming,Skincare,22,,"A firm cold-process soap bar scented with hinoki cypress, the pale wood of Japanese bathhouses, and a little yuzu peel. It lathers in cold water, is plant-based and biodegradable, and travels in a vented aluminum tin that clips to a pack. Smells like a forest bath at the end of a long trail day.","Olive, coconut and rice bran oils; hinoki and yuzu essential oils | 120 g bar with aluminum travel tin | Biodegradable; use at least 200 ft from lakes and streams | Made in Niigata, Japan",gorpcore-outdoor,plant oils | aluminum tin,neutral | earth,natural | brushed aluminum,camping | travel | everyday washing,,camping | hiking | travel,,all-season,budget,camp | biodegradable | hinoki | made in japan,120 g:yes,http://localhost:3002/fold/fd-grm-08.jpg,http://localhost:3002/fold/p/snow-peak-hinoki-camp-soap
fd-grm-09,Formentor Dry Body Oil,Sóller,unisex,Fragrance & grooming,Skincare,48,58,"A light dry oil of sweet almond, apricot kernel and sea buckthorn that leaves skin with a soft golden sheen after sun and salt water. It smells faintly of orange blossom and warm sand, absorbs in a minute and won't mark a linen shirt. Spray it on legs and shoulders at the end of a beach day.","Sweet almond, apricot kernel and sea buckthorn oils, vitamin E | 100 ml glass spray bottle | Not a sunscreen; use after sun | Made in Spain",coastal-resort | romantic-boho,plant oils | glass,warm,golden amber,after sun | vacation,,beach | travel,,summer,budget,after sun | body oil | orange blossom | made in spain,100 ml:yes,http://localhost:3002/fold/fd-grm-09.jpg,http://localhost:3002/fold/p/soller-formentor-dry-body-oil
fd-grm-10,Fixatif Matte Clay,Ferrant,unisex,Fragrance & grooming,Hair,35,,"A firm, dry-finish hair clay with kaolin and beeswax for messy texture, crops and anything that should look effortless but stay put. It warms between your palms, gives strong hold with zero shine and washes out in one shampoo. Lightly scented with cedar and black tea that fades within the hour.","Strong hold, matte finish | Kaolin and bentonite clays, beeswax, castor oil | 75 ml amber glass jar with aluminum lid | Made in Montreal",streetwear,clay | beeswax,earth,amber,textured styles | short hair,,everyday | night out,,all-season,budget,matte | strong hold | texture | made in canada,75 ml:yes,http://localhost:3002/fold/fd-grm-10.jpg,http://localhost:3002/fold/p/ferrant-fixatif-matte-clay
fd-grm-11,Rose Water Hair Mist,Hedda Vang,women,Fragrance & grooming,Hair,38,,"A fine hair mist of rose water and camellia oil that softens frizz, adds a little shine and leaves hair smelling of Rosehage, the house rose and neroli scent. Spritz it through loose waves, braids or a ribboned half-up style whenever it needs freshening. Light enough not to weigh fine hair down.","Rose water, camellia oil, glycerin | 100 ml glass spray bottle | Alcohol-free | Made in France",romantic-boho,rose water | camellia oil,pastel,blush pink,frizz control | refreshing hair,,everyday | festival | wedding guest,,spring | summer,budget,rose | alcohol free | frizz | gift,100 ml:yes,http://localhost:3002/fold/fd-grm-11.jpg,http://localhost:3002/fold/p/hedda-vang-rose-water-hair-mist
fd-grm-12,Bay Rum Hair Tonic,Cranmore,men,Fragrance & grooming,Hair,28,,"The barbershop tonic that used to sit on every bathroom shelf: a light, non-greasy tonic scented with bay leaf, clove and lime. Comb it through damp hair for a neat side part with soft hold and a healthy shine, or splash a little on as aftershave. Crisp, clean and a bit old school, like a navy blazer.","Light hold, natural shine | Bay leaf oil, clove, lime, witch hazel | 200 ml glass bottle with cork stopper | Made in Rhode Island",preppy-ivy,bay leaf oil | witch hazel,warm,amber,side part | daily grooming,,office | campus | wedding guest,,all-season,budget,bay rum | barbershop | made in usa | classic,200 ml:yes,http://localhost:3002/fold/fd-grm-12.jpg,http://localhost:3002/fold/p/cranmore-bay-rum-hair-tonic
fd-lif-01,Titanium Flask M,Snow Peak,unisex,Lifestyle,Bottles & flasks,118,,"A hip flask pressed from pure titanium in Niigata, curved to sit flat against the body in a jacket pocket, with a screw cap on a captive hinge so it can't drop in the snow. It weighs almost nothing, never taints what is inside, and the matte grey finish takes on a quiet patina with use. For a nip of whisky by the fire at the end of the day.","Pure titanium, matte finish | Capacity 300 ml (10 oz) | Weight 125 g | Captive screw cap; hand wash only | Made in Japan",gorpcore-outdoor | quiet-minimal,titanium,neutral,titanium grey,camping | gifting,,camping | hiking | travel,,all-season,mid,titanium | ultralight | made in japan | gift,One size:yes,http://localhost:3002/fold/fd-lif-01.jpg,http://localhost:3002/fold/p/snow-peak-titanium-flask-m
fd-lif-02,Recharge Straw Bottle (24 oz),Nike,unisex,Lifestyle,Bottles & flasks,35,,"A double-wall stainless steel bottle with a flip-up straw lid, so you can drink mid-set without unscrewing anything. It keeps water cold for most of a day, fits a car cup holder and has a carry loop to hook on a finger on the way into the gym. Matte powder coat and a single Swoosh.",Double-wall vacuum-insulated stainless steel | Capacity 24 oz (710 ml) | Leak-resistant straw lid with carry handle | Lid dishwasher-safe; hand wash the body,athletic,stainless steel,black | white,black | white | volt,training | hydration | commute,,gym | running | commute,,all-season,budget,insulated | straw lid | gym | leak resistant,Black:yes | White:yes | Volt:no,http://localhost:3002/fold/fd-lif-02.jpg,http://localhost:3002/fold/p/nike-recharge-straw-bottle-24-oz
fd-lif-03,Chrome Bottle,SEOM,unisex,Lifestyle,Bottles & flasks,48,,"A slim 500 ml stainless steel bottle in mirror chrome, printed with the founders' hand-drawn star graphic in baby blue. It is loud and shiny, keeps drinks cold for 12 hours and looks like a prop from a 2002 sports drink ad. Comes with a short ball-chain strap to clip onto a bag.","Double-wall stainless steel, mirror-chrome finish | Capacity 500 ml (17 oz) | Cold 12 hours, hot 6 hours | Hand wash only; the chrome scratches in a dishwasher | Designed in Seoul",y2k-retro | streetwear,stainless steel,cool | pastel,chrome | baby blue,hydration | statement accessory,,everyday | campus | festival,,all-season,budget,chrome | graphic | insulated | y2k,Chrome / Baby Blue:yes,http://localhost:3002/fold/fd-lif-03.jpg,http://localhost:3002/fold/p/seom-chrome-bottle
fd-lif-04,Belmont Notebook Cover,Burnside Canvas,unisex,Lifestyle,Notebooks,85,,"A notebook cover cut from a single piece of oil-tanned leather, saddle-stitched along the spine, with a waxed canvas pen sleeve and a slot for receipts. It holds a pocket notebook with room for a spare, and over years in a back pocket it darkens, creases and moulds to the curve of your hip. Ships with one dot-grid refill.","Oil-tanned cowhide, 5 oz; waxed cotton duck pen sleeve | Fits 3.5 x 5.5 in pocket notebooks | Includes one 48-page dot-grid refill | Hand-stitched in Portland, Oregon",heritage-workwear,oil-tanned leather | waxed canvas,earth,tobacco brown | black,field notes | everyday carry | gifting,,everyday | commute | travel,,all-season,mid,leather | made in usa | everyday carry | ages well,Tobacco:yes | Black:no,http://localhost:3002/fold/fd-lif-04.jpg,http://localhost:3002/fold/p/burnside-canvas-belmont-notebook-cover
fd-lif-05,Linen Notebook A5,Arket,unisex,Lifestyle,Notebooks,18,,"An A5 notebook bound in natural linen over board, with 192 pages of off-white 100 gsm paper that takes a fountain pen without bleeding through. It lies flat when open, has a single grey ribbon marker and nothing printed on the cover. A calm, plain thing for lists, sketches or meeting notes.","Linen-covered hardcover, sewn binding | A5, 192 pages, 100 gsm FSC-certified paper | Lies flat when open | Dot grid or plain pages",quiet-minimal,linen | paper,neutral,natural linen,note taking | sketching | journaling,,office | campus | everyday,,all-season,budget,linen | lay flat | fsc paper | no logo,Dot Grid:yes | Plain:yes,http://localhost:3002/fold/fd-lif-05.jpg,http://localhost:3002/fold/p/arket-linen-notebook-a5
fd-lif-06,Exeter Ruled Journal,Cranmore,unisex,Lifestyle,Notebooks,35,45,"A hardbound ruled journal in navy book cloth with gilt page edges and a red-and-green grosgrain ribbon marker, at home on a dorm desk or next to a leather blotter. Inside are 240 pages of cream paper and a pocket at the back for clippings. A good graduation or first-job gift.","Navy book cloth over board, gilt page edges | 6 x 8.5 in, 240 ruled pages of 120 gsm cream paper | Rear pocket and grosgrain tie closure | Bound in New Hampshire",preppy-ivy,book cloth | paper,cool,navy | cream | gold,journaling | note taking | gifting,,campus | office,,all-season,budget,gift | gilt edges | made in usa | ruled,One size:yes,http://localhost:3002/fold/fd-lif-06.jpg,http://localhost:3002/fold/p/cranmore-exeter-ruled-journal
fd-lif-07,Chapelle Candle,Ferrant,unisex,Lifestyle,Small home goods,48,,"A slow-burning candle in a heavy matte black glass vessel that smells of a cold stone chapel: frankincense, beeswax, a little myrrh and the ghost of a blown-out match. It burns clean on a coconut and soy blend, and the room it fills feels quieter and darker in a good way. Light it on a winter evening with the overhead lights off.","Coconut and soy wax blend, cotton wick | 220 g; approx. 50 hours burn time | Matte black glass vessel, reusable | Poured by hand in Montreal",dark-gothic,coconut soy wax | black glass,black,matte black,evenings at home | gifting,,date night | everyday,,fall | winter,budget,incense | candle | hand poured | made in canada,220 g:yes,http://localhost:3002/fold/fd-lif-07.jpg,http://localhost:3002/fold/p/ferrant-chapelle-candle
fd-lif-08,Fornalutx Striped Linen Tea Towels (Set of 2),Sóller,unisex,Lifestyle,Small home goods,38,,"Two tea towels woven from heavy washed linen in a sun-faded blue and white stripe, the kind found in every finca kitchen on Mallorca. They are absorbent, dry glasses without lint and get softer with every wash. Hung on a hook, they make a kitchen look like summer.","100% washed linen, 240 gsm | 20 x 28 in (50 x 70 cm) each | Hanging loop at one corner | Machine wash warm, tumble dry low | Woven in Spain",coastal-resort,linen,cool | white,faded sky blue | white,kitchen | hosting | gifting,,everyday,,spring | summer,budget,linen | striped | set of 2 | made in spain,Sky Stripe:yes | Sand Stripe:yes,http://localhost:3002/fold/fd-lif-08.jpg,http://localhost:3002/fold/p/soller-fornalutx-striped-linen-tea-towels-set-of-2
fd-lif-09,Script Logo Mug,Carhartt WIP,unisex,Lifestyle,Small home goods,28,,"A heavy stoneware mug with a thick rolled lip and the Carhartt WIP script logo printed on the side in Hamilton brown. It holds a generous 400 ml of coffee, stays warm in the hand on a cold workshop morning and has survived more than one fall off a workbench. Dishwasher and microwave safe.",Glazed stoneware | Capacity 400 ml (13.5 oz) | Dishwasher and microwave safe | Made in Portugal,streetwear | heritage-workwear,stoneware,neutral | earth,ecru | hamilton brown,coffee | desk | gifting,,everyday | office,,all-season,budget,stoneware | logo | gift | dishwasher safe,One size:yes,http://localhost:3002/fold/fd-lif-09.jpg,http://localhost:3002/fold/p/carhartt-wip-script-logo-mug
