Handle,Title,Body (HTML),Vendor,Product Category,Type,Tags,Published,Option1 Name,Option1 Value,Option2 Name,Option2 Value,Option3 Name,Option3 Value,Variant SKU,Variant Grams,Variant Inventory Tracker,Variant Inventory Qty,Variant Inventory Policy,Variant Fulfillment Service,Variant Price,Variant Compare At Price,Variant Requires Shipping,Variant Taxable,Variant Barcode,Image Src,Image Position,Image Alt Text,Gift Card,SEO Title,SEO Description,Variant Image,Variant Weight Unit,Variant Tax Code,Cost per item,Status
seom-static-oversized-tee,Static Oversized Tee,"<p>A 300 gsm cotton tee cut wide through the body with dropped shoulders and a thick ribbed collar that keeps its shape. The front carries a hand-drawn TV-static graphic in screen-printed red and cobalt over washed black, with a small SEOM tab at the hem. Loud, boxy and made to sit over cargos or under an open puffer.</p><ul><li>100% combed cotton jersey, 300 gsm</li><li>Oversized boxy fit; size down for a regular cut</li><li>Model is 6'0"" and wears L</li><li>Screen-printed front graphic, plastisol inks</li><li>Machine wash cold inside out, do not tumble dry</li><li>Made in South Korea</li></ul>",SEOM,Apparel & Accessories > Clothing > Clothing Tops > T-Shirts,T-shirts,"heavyweight, graphic, oversized, made in korea, category:Tops, subcategory:T-shirts, department:unisex, style:streetwear, material:heavyweight cotton, colorfamily:black, colorfamily:bold, color:washed black, color:red, color:cobalt, usecase:everyday, usecase:layering under outerwear, occasion:everyday, occasion:weekend, occasion:night out, fit:oversized, season:all-season, tier:budget, bestseller",TRUE,Size,XS,,,,,fd-top-01-xs,0,shopify,25,deny,manual,68.00,,TRUE,TRUE,,https://images.pexels.com/photos/16155501/pexels-photo-16155501.jpeg?auto=compress&cs=tinysrgb&w=1600,1,SEOM Static Oversized Tee,FALSE,SEOM Static Oversized Tee | Fold,"A 300 gsm cotton tee cut wide through the body with dropped shoulders and a thick ribbed collar that keeps its shape. The front carries a hand-drawn TV-static graphic in screen-printed red and cobalt over washed black, with a small SEOM tab at the hem. Loud, boxy and made to sit over cargos or under an open puffer.",,kg,,,active
seom-static-oversized-tee,,,,,,,,,S,,,,,fd-top-01-s,0,shopify,25,deny,manual,68.00,,TRUE,TRUE,,,,,,,,,kg,,,
seom-static-oversized-tee,,,,,,,,,M,,,,,fd-top-01-m,0,shopify,25,deny,manual,68.00,,TRUE,TRUE,,,,,,,,,kg,,,
seom-static-oversized-tee,,,,,,,,,L,,,,,fd-top-01-l,0,shopify,25,deny,manual,68.00,,TRUE,TRUE,,,,,,,,,kg,,,
seom-static-oversized-tee,,,,,,,,,XL,,,,,fd-top-01-xl,0,shopify,0,deny,manual,68.00,,TRUE,TRUE,,,,,,,,,kg,,,
nike-sportswear-max90-tee,Sportswear Max90 Tee,"<p>Nike's Max90 is a thick, dry-handed cotton tee with a roomy body, dropped shoulders and a slightly longer sleeve. This one comes in University Red with an oversized Swoosh across the chest in white. Sporty and bold, it works on its own with track pants or wide jeans and a fresh pair of sneakers.</p><ul><li>100% cotton jersey</li><li>Loose fit with dropped shoulders</li><li>Model is 6'1"" and wears L</li><li>Screen-printed Swoosh graphic</li><li>Machine wash cold</li><li>Imported</li></ul>",Nike,Apparel & Accessories > Clothing > Clothing Tops > T-Shirts,T-shirts,"logo, boxy, bold color, sporty, category:Tops, subcategory:T-shirts, department:men, style:streetwear, style:athletic, material:cotton, colorfamily:bold, color:university red, color:white, usecase:everyday, usecase:sneaker outfits, occasion:everyday, occasion:weekend, occasion:campus, fit:oversized, season:spring, season:summer, tier:budget",TRUE,Size,S,,,,,fd-top-02-s,0,shopify,25,deny,manual,45.00,,TRUE,TRUE,,https://images.pexels.com/photos/38497774/pexels-photo-38497774.jpeg?auto=compress&cs=tinysrgb&w=1600,1,Nike Sportswear Max90 Tee,FALSE,Nike Sportswear Max90 Tee | Fold,"Nike's Max90 is a thick, dry-handed cotton tee with a roomy body, dropped shoulders and a slightly longer sleeve. This one comes in University Red with an oversized Swoosh across the chest in white. Sporty and bold, it works on its own with track pants or wide jeans and a fresh pair of sneakers.",,kg,,,active
nike-sportswear-max90-tee,,,,,,,,,M,,,,,fd-top-02-m,0,shopify,25,deny,manual,45.00,,TRUE,TRUE,,,,,,,,,kg,,,
nike-sportswear-max90-tee,,,,,,,,,L,,,,,fd-top-02-l,0,shopify,25,deny,manual,45.00,,TRUE,TRUE,,,,,,,,,kg,,,
nike-sportswear-max90-tee,,,,,,,,,XL,,,,,fd-top-02-xl,0,shopify,25,deny,manual,45.00,,TRUE,TRUE,,,,,,,,,kg,,,
nike-sportswear-max90-tee,,,,,,,,,XXL,,,,,fd-top-02-xxl,0,shopify,25,deny,manual,45.00,,TRUE,TRUE,,,,,,,,,kg,,,
seom-halo-baby-tee,Halo Baby Tee,"<p>A cropped baby tee in stretch cotton rib that fits close through the body and stops just above the navel. It comes in a pale lilac with a small chrome-foil halo printed at the chest and contrast binding at the neck and cuffs. Pure early-2000s: wear it with low-rise cargos, a slim belt and retro runners.</p><ul><li>95% cotton, 5% elastane rib, 200 gsm</li><li>Slim, cropped fit; body length 17 in on size S</li><li>Model is 5'7"" and wears S</li><li>Metallic foil print, wash inside out</li><li>Made in South Korea</li></ul>",SEOM,Apparel & Accessories > Clothing > Clothing Tops > T-Shirts,T-shirts,"baby tee, cropped, metallic, new season, category:Tops, subcategory:T-shirts, department:women, style:y2k-retro, style:streetwear, material:stretch cotton rib, colorfamily:pastel, color:lilac, color:chrome silver, usecase:going out, usecase:layering, occasion:night out, occasion:festival, occasion:weekend, fit:slim, season:spring, season:summer, tier:budget, new",TRUE,Size,XS,,,,,fd-top-03-xs,0,shopify,25,deny,manual,48.00,,TRUE,TRUE,,https://images.pexels.com/photos/10898181/pexels-photo-10898181.jpeg?auto=compress&cs=tinysrgb&w=1600,1,SEOM Halo Baby Tee,FALSE,SEOM Halo Baby Tee | Fold,"A cropped baby tee in stretch cotton rib that fits close through the body and stops just above the navel. It comes in a pale lilac with a small chrome-foil halo printed at the chest and contrast binding at the neck and cuffs. Pure early-2000s: wear it with low-rise cargos, a slim belt and retro runners.",,kg,,,active
seom-halo-baby-tee,,,,,,,,,S,,,,,fd-top-03-s,0,shopify,25,deny,manual,48.00,,TRUE,TRUE,,,,,,,,,kg,,,
seom-halo-baby-tee,,,,,,,,,M,,,,,fd-top-03-m,0,shopify,0,deny,manual,48.00,,TRUE,TRUE,,,,,,,,,kg,,,
seom-halo-baby-tee,,,,,,,,,L,,,,,fd-top-03-l,0,shopify,25,deny,manual,48.00,,TRUE,TRUE,,,,,,,,,kg,,,
seom-halo-baby-tee,,,,,,,,,XL,,,,,fd-top-03-xl,0,shopify,25,deny,manual,48.00,,TRUE,TRUE,,,,,,,,,kg,,,
asche-schatten-long-tee,Schatten Long Tee,"<p>A long-line tee in heavy, fluid modal-cotton jersey that drapes rather than stands away from the body. It runs past the hip with a curved hem, raw-edge neckline and sleeves that fall to the elbow, all garment-dyed to a soft washed black. Moody and quiet, it layers under a long coat or a leather jacket with silver at the throat.</p><ul><li>60% cotton, 40% modal jersey, 240 gsm</li><li>Relaxed, elongated fit; back length 31 in on size M</li><li>Garment-dyed; color settles after the first wash</li><li>Wash cold with darks, line dry</li><li>Cut and sewn in Berlin</li></ul>",Asche,Apparel & Accessories > Clothing > Clothing Tops > T-Shirts,T-shirts,"drape, longline, garment-dyed, made in germany, category:Tops, subcategory:T-shirts, department:unisex, style:dark-gothic, material:cotton, material:modal, colorfamily:black, color:washed black, usecase:layering, usecase:everyday, occasion:everyday, occasion:night out, fit:relaxed, season:all-season, tier:mid",TRUE,Size,XS,,,,,fd-top-04-xs,0,shopify,25,deny,manual,95.00,,TRUE,TRUE,,https://images.pexels.com/photos/36742679/pexels-photo-36742679.jpeg?auto=compress&cs=tinysrgb&w=1600,1,Asche Schatten Long Tee,FALSE,Asche Schatten Long Tee | Fold,"A long-line tee in heavy, fluid modal-cotton jersey that drapes rather than stands away from the body. It runs past the hip with a curved hem, raw-edge neckline and sleeves that fall to the elbow, all garment-dyed to a soft washed black. Moody and quiet, it layers under a long coat or a leather jacket with silver at th",,kg,,,active
asche-schatten-long-tee,,,,,,,,,S,,,,,fd-top-04-s,0,shopify,25,deny,manual,95.00,,TRUE,TRUE,,,,,,,,,kg,,,
asche-schatten-long-tee,,,,,,,,,M,,,,,fd-top-04-m,0,shopify,25,deny,manual,95.00,,TRUE,TRUE,,,,,,,,,kg,,,
asche-schatten-long-tee,,,,,,,,,L,,,,,fd-top-04-l,0,shopify,25,deny,manual,95.00,,TRUE,TRUE,,,,,,,,,kg,,,
asche-schatten-long-tee,,,,,,,,,XL,,,,,fd-top-04-xl,0,shopify,25,deny,manual,95.00,,TRUE,TRUE,,,,,,,,,kg,,,
studio-nicholson-heavyweight-boxy-tee,Heavyweight Boxy Tee,"<p>A clean, logo-free tee in dense Japanese cotton with a short, square body and a sleeve that sits just above the elbow. The neck is a narrow, flat rib and the ecru color is undyed, so the fabric has a soft, slightly natural tone. It looks considered with pleated trousers and loafers, and better after a few washes.</p><ul><li>100% cotton jersey from a Japanese mill, 280 gsm</li><li>Boxy, cropped fit; take your usual size</li><li>Model is 6'0"" and wears M</li><li>Machine wash 30C, reshape while damp</li><li>Made in Portugal</li></ul>",Studio Nicholson,Apparel & Accessories > Clothing > Clothing Tops > T-Shirts,T-shirts,"no logo, japanese cotton, boxy, heavyweight, category:Tops, subcategory:T-shirts, department:men, style:quiet-minimal, material:cotton, colorfamily:neutral, color:ecru, usecase:everyday, usecase:office layering, occasion:everyday, occasion:office, occasion:weekend, fit:relaxed, season:all-season, tier:mid",TRUE,Size,S,,,,,fd-top-05-s,0,shopify,0,deny,manual,95.00,,TRUE,TRUE,,https://images.pexels.com/photos/4066288/pexels-photo-4066288.jpeg?auto=compress&cs=tinysrgb&w=1600,1,Studio Nicholson Heavyweight Boxy Tee,FALSE,Studio Nicholson Heavyweight Boxy Tee | Fold,"A clean, logo-free tee in dense Japanese cotton with a short, square body and a sleeve that sits just above the elbow. The neck is a narrow, flat rib and the ecru color is undyed, so the fabric has a soft, slightly natural tone. It looks considered with pleated trousers and loafers, and better after a few washes.",,kg,,,active
studio-nicholson-heavyweight-boxy-tee,,,,,,,,,M,,,,,fd-top-05-m,0,shopify,25,deny,manual,95.00,,TRUE,TRUE,,,,,,,,,kg,,,
studio-nicholson-heavyweight-boxy-tee,,,,,,,,,L,,,,,fd-top-05-l,0,shopify,25,deny,manual,95.00,,TRUE,TRUE,,,,,,,,,kg,,,
studio-nicholson-heavyweight-boxy-tee,,,,,,,,,XL,,,,,fd-top-05-xl,0,shopify,25,deny,manual,95.00,,TRUE,TRUE,,,,,,,,,kg,,,
studio-nicholson-heavyweight-boxy-tee,,,,,,,,,XXL,,,,,fd-top-05-xxl,0,shopify,25,deny,manual,95.00,,TRUE,TRUE,,,,,,,,,kg,,,
soller-deia-linen-tee,Deià Linen Tee,"<p>A loose tee knitted from linen-cotton jersey, so it breathes like a linen shirt but pulls on like a tee. The body is wide and slightly cropped with a soft boat neck and rolled sleeves, garment-dyed a sun-faded sand. It is made for hot afternoons, tucked loosely into linen trousers or worn over a swimsuit on the way to the water.</p><ul><li>55% linen, 45% cotton jersey, 160 gsm</li><li>Relaxed, slightly cropped fit</li><li>Model is 5'8"" and wears S</li><li>Garment-dyed for a faded finish</li><li>Machine wash cold, line dry</li><li>Made in Portugal</li></ul>",Sóller,Apparel & Accessories > Clothing > Clothing Tops > T-Shirts,T-shirts,"linen, breathable, vacation, garment-dyed, category:Tops, subcategory:T-shirts, department:women, style:coastal-resort, style:quiet-minimal, material:linen, material:cotton, colorfamily:neutral, colorfamily:earth, color:sand, usecase:hot weather, usecase:vacation, occasion:beach, occasion:travel, occasion:weekend, fit:relaxed, season:spring, season:summer, tier:mid",TRUE,Size,XS,,,,,fd-top-06-xs,0,shopify,25,deny,manual,78.00,,TRUE,TRUE,,https://images.pexels.com/photos/26548185/pexels-photo-26548185.jpeg?auto=compress&cs=tinysrgb&w=1600,1,Sóller Deià Linen Tee,FALSE,Sóller Deià Linen Tee | Fold,"A loose tee knitted from linen-cotton jersey, so it breathes like a linen shirt but pulls on like a tee. The body is wide and slightly cropped with a soft boat neck and rolled sleeves, garment-dyed a sun-faded sand. It is made for hot afternoons, tucked loosely into linen trousers or worn over a swimsuit on the way to ",,kg,,,active
soller-deia-linen-tee,,,,,,,,,S,,,,,fd-top-06-s,0,shopify,25,deny,manual,78.00,,TRUE,TRUE,,,,,,,,,kg,,,
soller-deia-linen-tee,,,,,,,,,M,,,,,fd-top-06-m,0,shopify,25,deny,manual,78.00,,TRUE,TRUE,,,,,,,,,kg,,,
soller-deia-linen-tee,,,,,,,,,L,,,,,fd-top-06-l,0,shopify,0,deny,manual,78.00,,TRUE,TRUE,,,,,,,,,kg,,,
soller-deia-linen-tee,,,,,,,,,XL,,,,,fd-top-06-xl,0,shopify,25,deny,manual,78.00,,TRUE,TRUE,,,,,,,,,kg,,,
patagonia-p-6-logo-responsibili-tee,P-6 Logo Responsibili-Tee,"<p>Patagonia's classic P-6 tee, made from a blend of recycled cotton and recycled polyester that keeps old clothes and bottles out of landfill. It has a regular, easy fit and the mountain-and-sky P-6 logo printed on the chest, here on a faded sage. A trailhead favorite that goes just as well with shorts in town.</p><ul><li>50% recycled cotton, 50% recycled polyester, 160 gsm</li><li>Regular fit</li><li>Model is 6'0"" and wears M</li><li>Screen-printed with PVC- and phthalate-free inks</li><li>Fair Trade Certified sewn</li><li>Machine wash cold</li></ul>",Patagonia,Apparel & Accessories > Clothing > Clothing Tops > T-Shirts,T-shirts,"recycled, logo, fair trade, outdoor, category:Tops, subcategory:T-shirts, department:men, style:gorpcore-outdoor, material:recycled cotton, material:recycled polyester, colorfamily:earth, color:sage, color:orange, color:navy, usecase:outdoors, usecase:everyday, occasion:hiking, occasion:camping, occasion:weekend, fit:regular, season:spring, season:summer, season:fall, tier:budget",TRUE,Size,S,,,,,fd-top-07-s,0,shopify,25,deny,manual,45.00,,TRUE,TRUE,,https://images.pexels.com/photos/33809355/pexels-photo-33809355.jpeg?auto=compress&cs=tinysrgb&w=1600,1,Patagonia P-6 Logo Responsibili-Tee,FALSE,Patagonia P-6 Logo Responsibili-Tee | Fold,"Patagonia's classic P-6 tee, made from a blend of recycled cotton and recycled polyester that keeps old clothes and bottles out of landfill. It has a regular, easy fit and the mountain-and-sky P-6 logo printed on the chest, here on a faded sage. A trailhead favorite that goes just as well with shorts in town.",,kg,,,active
patagonia-p-6-logo-responsibili-tee,,,,,,,,,M,,,,,fd-top-07-m,0,shopify,25,deny,manual,45.00,,TRUE,TRUE,,,,,,,,,kg,,,
patagonia-p-6-logo-responsibili-tee,,,,,,,,,L,,,,,fd-top-07-l,0,shopify,25,deny,manual,45.00,,TRUE,TRUE,,,,,,,,,kg,,,
patagonia-p-6-logo-responsibili-tee,,,,,,,,,XL,,,,,fd-top-07-xl,0,shopify,25,deny,manual,45.00,,TRUE,TRUE,,,,,,,,,kg,,,
patagonia-p-6-logo-responsibili-tee,,,,,,,,,XXL,,,,,fd-top-07-xxl,0,shopify,25,deny,manual,45.00,,TRUE,TRUE,,,,,,,,,kg,,,
nike-dri-fit-miler-running-top,Dri-FIT Miler Running Top,"<p>A light, quick-drying running tee in sweat-wicking Dri-FIT jersey with mesh panels down the back. It has a standard fit that stays out of the way, a reflective Swoosh for early or late runs and flatlock seams that don't chafe. Bright white with volt accents, it handles everything from intervals to gym days.</p><ul><li>100% recycled polyester Dri-FIT jersey</li><li>Standard fit</li><li>Mesh back panel for ventilation</li><li>Reflective details</li><li>Machine wash cold, do not iron print</li></ul>",Nike,Apparel & Accessories > Clothing > Clothing Tops > T-Shirts,T-shirts,"running, sweat-wicking, reflective, recycled, category:Tops, subcategory:T-shirts, department:men, style:athletic, material:recycled polyester, material:mesh, colorfamily:white, colorfamily:bold, color:white, color:volt, usecase:training, usecase:running, occasion:running, occasion:gym, fit:regular, season:all-season, tier:budget",TRUE,Size,S,,,,,fd-top-08-s,0,shopify,25,deny,manual,35.00,,TRUE,TRUE,,https://images.pexels.com/photos/31381386/pexels-photo-31381386.jpeg?auto=compress&cs=tinysrgb&w=1600,1,Nike Dri-FIT Miler Running Top,FALSE,Nike Dri-FIT Miler Running Top | Fold,"A light, quick-drying running tee in sweat-wicking Dri-FIT jersey with mesh panels down the back. It has a standard fit that stays out of the way, a reflective Swoosh for early or late runs and flatlock seams that don't chafe. Bright white with volt accents, it handles everything from intervals to gym days.",,kg,,,active
nike-dri-fit-miler-running-top,,,,,,,,,M,,,,,fd-top-08-m,0,shopify,0,deny,manual,35.00,,TRUE,TRUE,,,,,,,,,kg,,,
nike-dri-fit-miler-running-top,,,,,,,,,L,,,,,fd-top-08-l,0,shopify,25,deny,manual,35.00,,TRUE,TRUE,,,,,,,,,kg,,,
nike-dri-fit-miler-running-top,,,,,,,,,XL,,,,,fd-top-08-xl,0,shopify,25,deny,manual,35.00,,TRUE,TRUE,,,,,,,,,kg,,,
nike-dri-fit-miler-running-top,,,,,,,,,XXL,,,,,fd-top-08-xxl,0,shopify,25,deny,manual,35.00,,TRUE,TRUE,,,,,,,,,kg,,,
pangaia-365-midweight-t-shirt,365 Midweight T-Shirt,"<p>Pangaia's everyday tee in organic cotton jersey, finished with a peppermint-oil treatment that keeps it fresher between washes. It has a relaxed, straight body and comes in a saturated cobalt blue from plant-based dyes. Soft and easy, it goes from a morning stretch or gym warm-up to a weekend coffee without changing.</p><ul><li>100% organic cotton jersey, 180 gsm</li><li>Relaxed fit; unisex sizing</li><li>PPRMINT oil treatment for freshness</li><li>Machine wash cold, wash less</li><li>Made in Portugal</li></ul>",Pangaia,Apparel & Accessories > Clothing > Clothing Tops > T-Shirts,T-shirts,"organic, plant-dyed, loungewear, low impact, category:Tops, subcategory:T-shirts, department:unisex, style:athletic, style:quiet-minimal, material:organic cotton, colorfamily:bold, colorfamily:cool, color:cobalt blue, usecase:lounging, usecase:light training, occasion:gym, occasion:everyday, occasion:weekend, fit:relaxed, season:all-season, tier:mid",TRUE,Size,XS,,,,,fd-top-09-xs,0,shopify,25,deny,manual,85.00,,TRUE,TRUE,,https://images.pexels.com/photos/28994260/pexels-photo-28994260.jpeg?auto=compress&cs=tinysrgb&w=1600,1,Pangaia 365 Midweight T-Shirt,FALSE,Pangaia 365 Midweight T-Shirt | Fold,"Pangaia's everyday tee in organic cotton jersey, finished with a peppermint-oil treatment that keeps it fresher between washes. It has a relaxed, straight body and comes in a saturated cobalt blue from plant-based dyes. Soft and easy, it goes from a morning stretch or gym warm-up to a weekend coffee without changing.",,kg,,,active
pangaia-365-midweight-t-shirt,,,,,,,,,S,,,,,fd-top-09-s,0,shopify,25,deny,manual,85.00,,TRUE,TRUE,,,,,,,,,kg,,,
pangaia-365-midweight-t-shirt,,,,,,,,,M,,,,,fd-top-09-m,0,shopify,25,deny,manual,85.00,,TRUE,TRUE,,,,,,,,,kg,,,
pangaia-365-midweight-t-shirt,,,,,,,,,L,,,,,fd-top-09-l,0,shopify,25,deny,manual,85.00,,TRUE,TRUE,,,,,,,,,kg,,,
pangaia-365-midweight-t-shirt,,,,,,,,,XL,,,,,fd-top-09-xl,0,shopify,0,deny,manual,85.00,,TRUE,TRUE,,,,,,,,,kg,,,
burnside-canvas-belmont-pocket-tee,Belmont Pocket Tee,"<p>A heavy slub-cotton work tee with a reinforced chest pocket, a tubular body and double-needle stitching at every hem. It is garment-dyed a deep tobacco brown that fades unevenly at the seams the more it is worn and washed. Rugged and plain, it is the shirt under a chore coat or double-knees on a workshop Saturday.</p><ul><li>100% slub cotton, 260 gsm, tubular knit</li><li>Regular fit with a slightly long body</li><li>Model is 6'1"" and wears L</li><li>Bartacked chest pocket</li><li>Wash warm, tumble dry low; expect 3% shrinkage</li><li>Made in Portland, Oregon</li></ul>",Burnside Canvas,Apparel & Accessories > Clothing > Clothing Tops > T-Shirts,T-shirts,"heavyweight, pocket tee, made in usa, garment-dyed, category:Tops, subcategory:T-shirts, department:men, style:heritage-workwear, material:slub cotton, colorfamily:earth, color:tobacco brown, color:oatmeal, color:faded indigo, usecase:everyday, usecase:workshop, occasion:everyday, occasion:weekend, occasion:camping, fit:regular, season:all-season, tier:budget",TRUE,Size,S,,,,,fd-top-10-s,0,shopify,25,deny,manual,55.00,,TRUE,TRUE,,https://images.pexels.com/photos/10204122/pexels-photo-10204122.jpeg?auto=compress&cs=tinysrgb&w=1600,1,Burnside Canvas Belmont Pocket Tee,FALSE,Burnside Canvas Belmont Pocket Tee | Fold,"A heavy slub-cotton work tee with a reinforced chest pocket, a tubular body and double-needle stitching at every hem. It is garment-dyed a deep tobacco brown that fades unevenly at the seams the more it is worn and washed. Rugged and plain, it is the shirt under a chore coat or double-knees on a workshop Saturday.",,kg,,,active
burnside-canvas-belmont-pocket-tee,,,,,,,,,M,,,,,fd-top-10-m,0,shopify,25,deny,manual,55.00,,TRUE,TRUE,,,,,,,,,kg,,,
burnside-canvas-belmont-pocket-tee,,,,,,,,,L,,,,,fd-top-10-l,0,shopify,25,deny,manual,55.00,,TRUE,TRUE,,,,,,,,,kg,,,
burnside-canvas-belmont-pocket-tee,,,,,,,,,XL,,,,,fd-top-10-xl,0,shopify,25,deny,manual,55.00,,TRUE,TRUE,,,,,,,,,kg,,,
burnside-canvas-belmont-pocket-tee,,,,,,,,,XXL,,,,,fd-top-10-xxl,0,shopify,25,deny,manual,55.00,,TRUE,TRUE,,,,,,,,,kg,,,
cranmore-bristol-oxford-shirt,Bristol Oxford Shirt,"<p>A button-down oxford shirt in a heavy, slightly slubby American oxford cloth that softens with every wash. It has a full, unlined collar roll, a box pleat and locker loop at the back, and a long tail that stays tucked. Crisp and easy in classic blue, it goes with chinos and a shetland on campus or under a navy blazer at the office.</p><ul><li>100% cotton oxford cloth, 140 gsm</li><li>Regular fit with a full chest</li><li>Unlined button-down collar with a soft roll</li><li>Box pleat, locker loop, mother-of-pearl buttons</li><li>Machine wash warm, hang dry, iron while damp</li><li>Made in Fall River, Massachusetts</li></ul>",Cranmore,Apparel & Accessories > Clothing > Clothing Tops > Shirts,Shirts,"oxford cloth, button-down, made in usa, ivy, category:Tops, subcategory:Shirts, department:men, style:preppy-ivy, material:cotton oxford, colorfamily:cool, color:oxford blue, color:white, color:university stripe, usecase:office, usecase:campus, occasion:office, occasion:campus, occasion:weekend, fit:regular, season:all-season, tier:mid, bestseller",TRUE,Size,S,,,,,fd-top-11-s,0,shopify,25,deny,manual,125.00,,TRUE,TRUE,,https://images.pexels.com/photos/14777247/pexels-photo-14777247.jpeg?auto=compress&cs=tinysrgb&w=1600,1,Cranmore Bristol Oxford Shirt,FALSE,Cranmore Bristol Oxford Shirt | Fold,"A button-down oxford shirt in a heavy, slightly slubby American oxford cloth that softens with every wash. It has a full, unlined collar roll, a box pleat and locker loop at the back, and a long tail that stays tucked. Crisp and easy in classic blue, it goes with chinos and a shetland on campus or under a navy blazer a",,kg,,,active
cranmore-bristol-oxford-shirt,,,,,,,,,M,,,,,fd-top-11-m,0,shopify,25,deny,manual,125.00,,TRUE,TRUE,,,,,,,,,kg,,,
cranmore-bristol-oxford-shirt,,,,,,,,,L,,,,,fd-top-11-l,0,shopify,0,deny,manual,125.00,,TRUE,TRUE,,,,,,,,,kg,,,
cranmore-bristol-oxford-shirt,,,,,,,,,XL,,,,,fd-top-11-xl,0,shopify,25,deny,manual,125.00,,TRUE,TRUE,,,,,,,,,kg,,,
cranmore-bristol-oxford-shirt,,,,,,,,,XXL,,,,,fd-top-11-xxl,0,shopify,25,deny,manual,125.00,,TRUE,TRUE,,,,,,,,,kg,,,
cranmore-newport-oversized-oxford-shirt,Newport Oversized Oxford Shirt,"<p>Cranmore's oxford cut wide for women: a borrowed-from-him shape with dropped shoulders, a curved tail and a button-down collar that can be worn open. The cloth is a crisp university stripe in pink and white that softens into a lived-in feel. It works tucked into a pleated skirt with loafers or half-tucked into straight jeans with a cable knit over the shoulders.</p><ul><li>100% cotton oxford cloth</li><li>Oversized fit; size down for a closer shape</li><li>Model is 5'9"" and wears S</li><li>Button-down collar, single chest pocket</li><li>Machine wash warm, hang dry</li><li>Made in Fall River, Massachusetts</li></ul>",Cranmore,Apparel & Accessories > Clothing > Clothing Tops > Shirts,Shirts,"oxford cloth, striped, oversized, made in usa, category:Tops, subcategory:Shirts, department:women, style:preppy-ivy, material:cotton oxford, colorfamily:pastel, colorfamily:white, color:pink stripe, color:white, usecase:office, usecase:campus, occasion:office, occasion:campus, occasion:weekend, fit:oversized, season:spring, season:summer, season:fall, tier:mid",TRUE,Size,XS,,,,,fd-top-12-xs,0,shopify,25,deny,manual,135.00,,TRUE,TRUE,,https://images.pexels.com/photos/29291857/pexels-photo-29291857.jpeg?auto=compress&cs=tinysrgb&w=1600,1,Cranmore Newport Oversized Oxford Shirt,FALSE,Cranmore Newport Oversized Oxford Shirt | Fold,"Cranmore's oxford cut wide for women: a borrowed-from-him shape with dropped shoulders, a curved tail and a button-down collar that can be worn open. The cloth is a crisp university stripe in pink and white that softens into a lived-in feel. It works tucked into a pleated skirt with loafers or half-tucked into straight",,kg,,,active
cranmore-newport-oversized-oxford-shirt,,,,,,,,,S,,,,,fd-top-12-s,0,shopify,25,deny,manual,135.00,,TRUE,TRUE,,,,,,,,,kg,,,
cranmore-newport-oversized-oxford-shirt,,,,,,,,,M,,,,,fd-top-12-m,0,shopify,25,deny,manual,135.00,,TRUE,TRUE,,,,,,,,,kg,,,
cranmore-newport-oversized-oxford-shirt,,,,,,,,,L,,,,,fd-top-12-l,0,shopify,25,deny,manual,135.00,,TRUE,TRUE,,,,,,,,,kg,,,
cranmore-newport-oversized-oxford-shirt,,,,,,,,,XL,,,,,fd-top-12-xl,0,shopify,25,deny,manual,135.00,,TRUE,TRUE,,,,,,,,,kg,,,
soller-valldemossa-linen-shirt,Valldemossa Linen Shirt,"<p>A loose camp-collar shirt in washed European linen with a straight hem made to be worn out. The weave is light and open, the color a soft sky blue that looks faded by sun and salt, and the shell buttons are left a little loose for air. It belongs on a terrace with drawstring trousers and espadrilles, and travels crumpled without minding.</p><ul><li>100% European linen, 150 gsm, stonewashed</li><li>Relaxed fit with a camp collar</li><li>Model is 6'0"" and wears M</li><li>Corozo nut buttons</li><li>Machine wash cold, line dry; wrinkles are part of it</li><li>Made in Portugal</li></ul>",Sóller,Apparel & Accessories > Clothing > Clothing Tops > Shirts,Shirts,"linen, camp collar, vacation, breathable, category:Tops, subcategory:Shirts, department:men, style:coastal-resort, material:linen, colorfamily:cool, colorfamily:white, color:sky blue, color:white, color:sand, usecase:vacation, usecase:hot weather, occasion:beach, occasion:travel, occasion:wedding guest, fit:relaxed, season:spring, season:summer, tier:mid",TRUE,Size,S,,,,,fd-top-13-s,0,shopify,0,deny,manual,145.00,,TRUE,TRUE,,https://images.pexels.com/photos/5156489/pexels-photo-5156489.jpeg?auto=compress&cs=tinysrgb&w=1600,1,Sóller Valldemossa Linen Shirt,FALSE,Sóller Valldemossa Linen Shirt | Fold,"A loose camp-collar shirt in washed European linen with a straight hem made to be worn out. The weave is light and open, the color a soft sky blue that looks faded by sun and salt, and the shell buttons are left a little loose for air. It belongs on a terrace with drawstring trousers and espadrilles, and travels crumpl",,kg,,,active
soller-valldemossa-linen-shirt,,,,,,,,,M,,,,,fd-top-13-m,0,shopify,25,deny,manual,145.00,,TRUE,TRUE,,,,,,,,,kg,,,
soller-valldemossa-linen-shirt,,,,,,,,,L,,,,,fd-top-13-l,0,shopify,25,deny,manual,145.00,,TRUE,TRUE,,,,,,,,,kg,,,
soller-valldemossa-linen-shirt,,,,,,,,,XL,,,,,fd-top-13-xl,0,shopify,25,deny,manual,145.00,,TRUE,TRUE,,,,,,,,,kg,,,
soller-valldemossa-linen-shirt,,,,,,,,,XXL,,,,,fd-top-13-xxl,0,shopify,25,deny,manual,145.00,,TRUE,TRUE,,,,,,,,,kg,,,
hedda-vang-liv-broderie-blouse,Liv Broderie Blouse,"<p>A soft white blouse in cotton broderie anglaise, with full puff sleeves gathered into narrow cuffs and a scalloped edge at the round neck. The body is loose and falls to the hip, so it floats over jeans or tucks into a gathered skirt. Romantic and a little undone, it is made for summer evenings, picnics and garden weddings.</p><ul><li>100% cotton broderie anglaise, lined at the body</li><li>Relaxed fit; puff sleeves with elastic cuffs</li><li>Model is 5'8"" and wears S</li><li>Covered buttons at the back neck</li><li>Hand wash cold or delicate cycle, line dry</li><li>Made in small runs in Portugal</li></ul>",Hedda Vang,Apparel & Accessories > Clothing > Clothing Tops > Shirts,Shirts,"broderie, puff sleeve, feminine, made in portugal, category:Tops, subcategory:Shirts, department:women, style:romantic-boho, material:cotton broderie anglaise, colorfamily:white, color:white, color:cream, usecase:summer evenings, usecase:special occasions, occasion:date night, occasion:wedding guest, occasion:weekend, fit:relaxed, season:spring, season:summer, tier:mid",TRUE,Size,XS,,,,,fd-top-14-xs,0,shopify,25,deny,manual,185.00,,TRUE,TRUE,,https://images.pexels.com/photos/9328368/pexels-photo-9328368.jpeg?auto=compress&cs=tinysrgb&w=1600,1,Hedda Vang Liv Broderie Blouse,FALSE,Hedda Vang Liv Broderie Blouse | Fold,"A soft white blouse in cotton broderie anglaise, with full puff sleeves gathered into narrow cuffs and a scalloped edge at the round neck. The body is loose and falls to the hip, so it floats over jeans or tucks into a gathered skirt. Romantic and a little undone, it is made for summer evenings, picnics and garden wedd",,kg,,,active
hedda-vang-liv-broderie-blouse,,,,,,,,,S,,,,,fd-top-14-s,0,shopify,25,deny,manual,185.00,,TRUE,TRUE,,,,,,,,,kg,,,
hedda-vang-liv-broderie-blouse,,,,,,,,,M,,,,,fd-top-14-m,0,shopify,25,deny,manual,185.00,,TRUE,TRUE,,,,,,,,,kg,,,
hedda-vang-liv-broderie-blouse,,,,,,,,,L,,,,,fd-top-14-l,0,shopify,0,deny,manual,185.00,,TRUE,TRUE,,,,,,,,,kg,,,
hedda-vang-liv-broderie-blouse,,,,,,,,,XL,,,,,fd-top-14-xl,0,shopify,25,deny,manual,185.00,,TRUE,TRUE,,,,,,,,,kg,,,
hedda-vang-tove-gingham-smocked-blouse,Tove Gingham Smocked Blouse,"<p>A cropped blouse in light cotton seersucker gingham with a smocked, stretchy bodice, a square neck and short balloon sleeves that can sit on or off the shoulder. The check is a small rose-and-cream gingham that reads soft and sweet rather than picnic-blanket. Wear it with a long skirt and sandals or with wide trousers for something a little more grown-up.</p><ul><li>100% cotton seersucker</li><li>Fitted, smocked bodice; cropped length</li><li>Model is 5'7"" and wears XS</li><li>Elastic at neckline and sleeves</li><li>Machine wash cold, line dry</li><li>Made in small runs in Portugal</li></ul>",Hedda Vang,Apparel & Accessories > Clothing > Clothing Tops > Shirts,Shirts,"gingham, smocked, square neck, on sale, category:Tops, subcategory:Shirts, department:women, style:romantic-boho, style:y2k-retro, material:cotton seersucker, colorfamily:pastel, colorfamily:warm, color:rose gingham, color:cream, usecase:summer, usecase:festivals, occasion:festival, occasion:date night, occasion:weekend, fit:slim, season:summer, tier:mid",TRUE,Size,XS,,,,,fd-top-15-xs,0,shopify,25,deny,manual,145.00,175.00,TRUE,TRUE,,https://images.pexels.com/photos/10054534/pexels-photo-10054534.jpeg?auto=compress&cs=tinysrgb&w=1600,1,Hedda Vang Tove Gingham Smocked Blouse,FALSE,Hedda Vang Tove Gingham Smocked Blouse | Fold,"A cropped blouse in light cotton seersucker gingham with a smocked, stretchy bodice, a square neck and short balloon sleeves that can sit on or off the shoulder. The check is a small rose-and-cream gingham that reads soft and sweet rather than picnic-blanket. Wear it with a long skirt and sandals or with wide trousers ",,kg,,,active
hedda-vang-tove-gingham-smocked-blouse,,,,,,,,,S,,,,,fd-top-15-s,0,shopify,25,deny,manual,145.00,175.00,TRUE,TRUE,,,,,,,,,kg,,,
hedda-vang-tove-gingham-smocked-blouse,,,,,,,,,M,,,,,fd-top-15-m,0,shopify,25,deny,manual,145.00,175.00,TRUE,TRUE,,,,,,,,,kg,,,
hedda-vang-tove-gingham-smocked-blouse,,,,,,,,,L,,,,,fd-top-15-l,0,shopify,25,deny,manual,145.00,175.00,TRUE,TRUE,,,,,,,,,kg,,,
hedda-vang-tove-gingham-smocked-blouse,,,,,,,,,XL,,,,,fd-top-15-xl,0,shopify,25,deny,manual,145.00,175.00,TRUE,TRUE,,,,,,,,,kg,,,
studio-nicholson-oversized-poplin-shirt,Oversized Poplin Shirt,"<p>A big, boxy shirt in crisp Japanese cotton poplin with a deep yoke, dropped shoulders and long sleeves meant to be pushed up. There is no chest pocket and no visible branding, just a hidden placket and a slightly longer back. In pure white it looks clean with wide pleated trousers and works as a light jacket over a tank in summer.</p><ul><li>100% cotton poplin woven in Japan</li><li>Oversized fit; take your usual size</li><li>Model is 5'10"" and wears S</li><li>Concealed button placket</li><li>Machine wash 30C, iron on medium</li><li>Made in Portugal</li></ul>",Studio Nicholson,Apparel & Accessories > Clothing > Clothing Tops > Shirts,Shirts,"no logo, japanese fabric, oversized, poplin, category:Tops, subcategory:Shirts, department:women, style:quiet-minimal, material:cotton poplin, colorfamily:white, color:optic white, color:ecru, color:navy, usecase:office, usecase:everyday, occasion:office, occasion:everyday, occasion:travel, fit:oversized, season:all-season, tier:mid",TRUE,Size,XS,,,,,fd-top-16-xs,0,shopify,25,deny,manual,235.00,,TRUE,TRUE,,https://images.pexels.com/photos/34299100/pexels-photo-34299100.jpeg?auto=compress&cs=tinysrgb&w=1600,1,Studio Nicholson Oversized Poplin Shirt,FALSE,Studio Nicholson Oversized Poplin Shirt | Fold,"A big, boxy shirt in crisp Japanese cotton poplin with a deep yoke, dropped shoulders and long sleeves meant to be pushed up. There is no chest pocket and no visible branding, just a hidden placket and a slightly longer back. In pure white it looks clean with wide pleated trousers and works as a light jacket over a tan",,kg,,,active
studio-nicholson-oversized-poplin-shirt,,,,,,,,,S,,,,,fd-top-16-s,0,shopify,0,deny,manual,235.00,,TRUE,TRUE,,,,,,,,,kg,,,
studio-nicholson-oversized-poplin-shirt,,,,,,,,,M,,,,,fd-top-16-m,0,shopify,25,deny,manual,235.00,,TRUE,TRUE,,,,,,,,,kg,,,
studio-nicholson-oversized-poplin-shirt,,,,,,,,,L,,,,,fd-top-16-l,0,shopify,25,deny,manual,235.00,,TRUE,TRUE,,,,,,,,,kg,,,
studio-nicholson-oversized-poplin-shirt,,,,,,,,,XL,,,,,fd-top-16-xl,0,shopify,25,deny,manual,235.00,,TRUE,TRUE,,,,,,,,,kg,,,
arket-relaxed-linen-shirt,Relaxed Linen Shirt,"<p>A relaxed shirt in mid-weight washed linen with a classic collar, a single chest pocket and a gently rounded hem. The color is a warm oatmeal that sits easily with white, navy and stripes. Breezy and plain, it gets worn open over a swimsuit on holiday and buttoned up with tailored trousers back in the city.</p><ul><li>100% linen, garment-washed</li><li>Relaxed fit</li><li>Model is 5'9"" and wears S</li><li>Machine wash 40C, line dry</li><li>Made in India</li></ul>",Arket,Apparel & Accessories > Clothing > Clothing Tops > Shirts,Shirts,"linen, easy fit, neutral, summer, category:Tops, subcategory:Shirts, department:women, style:quiet-minimal, style:coastal-resort, material:linen, colorfamily:neutral, color:oatmeal, color:white, color:light blue, usecase:vacation, usecase:everyday, occasion:everyday, occasion:beach, occasion:travel, fit:relaxed, season:spring, season:summer, tier:mid",TRUE,Size,XS,,,,,fd-top-17-xs,0,shopify,25,deny,manual,88.00,,TRUE,TRUE,,https://images.pexels.com/photos/8586194/pexels-photo-8586194.jpeg?auto=compress&cs=tinysrgb&w=1600,1,Arket Relaxed Linen Shirt,FALSE,Arket Relaxed Linen Shirt | Fold,"A relaxed shirt in mid-weight washed linen with a classic collar, a single chest pocket and a gently rounded hem. The color is a warm oatmeal that sits easily with white, navy and stripes. Breezy and plain, it gets worn open over a swimsuit on holiday and buttoned up with tailored trousers back in the city.",,kg,,,active
arket-relaxed-linen-shirt,,,,,,,,,S,,,,,fd-top-17-s,0,shopify,25,deny,manual,88.00,,TRUE,TRUE,,,,,,,,,kg,,,
arket-relaxed-linen-shirt,,,,,,,,,M,,,,,fd-top-17-m,0,shopify,25,deny,manual,88.00,,TRUE,TRUE,,,,,,,,,kg,,,
arket-relaxed-linen-shirt,,,,,,,,,L,,,,,fd-top-17-l,0,shopify,25,deny,manual,88.00,,TRUE,TRUE,,,,,,,,,kg,,,
arket-relaxed-linen-shirt,,,,,,,,,XL,,,,,fd-top-17-xl,0,shopify,0,deny,manual,88.00,,TRUE,TRUE,,,,,,,,,kg,,,
burnside-canvas-hawthorne-flannel-shirt,Hawthorne Flannel Shirt,"<p>A heavy brushed-cotton flannel shirt with two flap pockets, a single-needle yoke and a long tail that works tucked or worn as a light overshirt. The plaid is a muted rust, olive and black that hides sawdust and woodsmoke. It breaks in like a favorite blanket and suits a cabin weekend, a hike or a cold morning at the workbench.</p><ul><li>100% cotton flannel, 8 oz, double-brushed</li><li>Regular fit with room to layer a tee</li><li>Model is 6'1"" and wears L</li><li>Flap pockets with brass snaps</li><li>Wash warm, tumble dry low</li><li>Made in Portland, Oregon</li></ul>",Burnside Canvas,Apparel & Accessories > Clothing > Clothing Tops > Shirts,Shirts,"flannel, plaid, made in usa, heavyweight, category:Tops, subcategory:Shirts, department:men, style:heritage-workwear, style:gorpcore-outdoor, material:cotton flannel, colorfamily:earth, color:rust plaid, color:olive, color:black, usecase:outdoors, usecase:layering, occasion:camping, occasion:hiking, occasion:weekend, fit:regular, season:fall, season:winter, tier:mid",TRUE,Size,S,,,,,fd-top-18-s,0,shopify,25,deny,manual,138.00,,TRUE,TRUE,,https://images.pexels.com/photos/35730962/pexels-photo-35730962.jpeg?auto=compress&cs=tinysrgb&w=1600,1,Burnside Canvas Hawthorne Flannel Shirt,FALSE,Burnside Canvas Hawthorne Flannel Shirt | Fold,"A heavy brushed-cotton flannel shirt with two flap pockets, a single-needle yoke and a long tail that works tucked or worn as a light overshirt. The plaid is a muted rust, olive and black that hides sawdust and woodsmoke. It breaks in like a favorite blanket and suits a cabin weekend, a hike or a cold morning at the wo",,kg,,,active
burnside-canvas-hawthorne-flannel-shirt,,,,,,,,,M,,,,,fd-top-18-m,0,shopify,25,deny,manual,138.00,,TRUE,TRUE,,,,,,,,,kg,,,
burnside-canvas-hawthorne-flannel-shirt,,,,,,,,,L,,,,,fd-top-18-l,0,shopify,25,deny,manual,138.00,,TRUE,TRUE,,,,,,,,,kg,,,
burnside-canvas-hawthorne-flannel-shirt,,,,,,,,,XL,,,,,fd-top-18-xl,0,shopify,25,deny,manual,138.00,,TRUE,TRUE,,,,,,,,,kg,,,
burnside-canvas-hawthorne-flannel-shirt,,,,,,,,,XXL,,,,,fd-top-18-xxl,0,shopify,25,deny,manual,138.00,,TRUE,TRUE,,,,,,,,,kg,,,
snow-peak-takibi-light-ripstop-shirt,TAKIBI Light Ripstop Shirt,"<p>A camp shirt cut from Snow Peak's TAKIBI fabric, a flame-resistant cotton and aramid ripstop that shrugs off sparks from the fire. It has a boxy, relaxed shape, two zip chest pockets and roll-tab sleeves, in a dusty olive that sits well with other earth tones. Technical without looking it, it goes from the campsite to the city unchanged.</p><ul><li>TAKIBI ripstop: 93% cotton, 7% aramid</li><li>Relaxed, boxy fit; unisex sizing</li><li>Spark-resistant for campfire use</li><li>Zip chest pockets, roll-tab sleeves</li><li>Machine wash cold, hang dry</li><li>Designed in Niigata, made in Japan</li></ul>",Snow Peak,Apparel & Accessories > Clothing > Clothing Tops > Shirts,Shirts,"flame resistant, ripstop, camp, made in japan, category:Tops, subcategory:Shirts, department:unisex, style:gorpcore-outdoor, style:heritage-workwear, material:cotton ripstop, material:aramid, colorfamily:earth, color:olive, color:black, color:coyote brown, usecase:camping, usecase:outdoors, occasion:camping, occasion:hiking, occasion:travel, fit:relaxed, season:spring, season:summer, season:fall, tier:mid, new",TRUE,Size,XS,,,,,fd-top-19-xs,0,shopify,25,deny,manual,210.00,,TRUE,TRUE,,https://images.pexels.com/photos/4277096/pexels-photo-4277096.jpeg?auto=compress&cs=tinysrgb&w=1600,1,Snow Peak TAKIBI Light Ripstop Shirt,FALSE,Snow Peak TAKIBI Light Ripstop Shirt | Fold,"A camp shirt cut from Snow Peak's TAKIBI fabric, a flame-resistant cotton and aramid ripstop that shrugs off sparks from the fire. It has a boxy, relaxed shape, two zip chest pockets and roll-tab sleeves, in a dusty olive that sits well with other earth tones. Technical without looking it, it goes from the campsite to ",,kg,,,active
snow-peak-takibi-light-ripstop-shirt,,,,,,,,,S,,,,,fd-top-19-s,0,shopify,25,deny,manual,210.00,,TRUE,TRUE,,,,,,,,,kg,,,
snow-peak-takibi-light-ripstop-shirt,,,,,,,,,M,,,,,fd-top-19-m,0,shopify,0,deny,manual,210.00,,TRUE,TRUE,,,,,,,,,kg,,,
snow-peak-takibi-light-ripstop-shirt,,,,,,,,,L,,,,,fd-top-19-l,0,shopify,25,deny,manual,210.00,,TRUE,TRUE,,,,,,,,,kg,,,
snow-peak-takibi-light-ripstop-shirt,,,,,,,,,XL,,,,,fd-top-19-xl,0,shopify,25,deny,manual,210.00,,TRUE,TRUE,,,,,,,,,kg,,,
malha-lisboa-alfama-fisherman-cable-sweater,Alfama Fisherman Cable Sweater,"<p>A heavy fisherman sweater hand-finished at the family mill, worked in thick undyed Portuguese wool with honeycomb and rope cables down the front. It has a relaxed body, a rolled crew neck and slightly long sleeves to pull over your hands. In natural cream it looks right with a pleated skirt and loafers, or with jeans and a waxed jacket by the sea.</p><ul><li>100% Portuguese wool, 5-gauge</li><li>Relaxed fit; take your usual size</li><li>Model is 5'8"" and wears S</li><li>Linked seams, hand-finished</li><li>Hand wash cold, dry flat</li><li>Knitted in Portugal</li></ul>",Malha Lisboa,Apparel & Accessories > Clothing > Clothing Tops > Sweaters,Knitwear,"cable knit, hand-finished, made in portugal, fisherman, category:Tops, subcategory:Knitwear, department:women, style:preppy-ivy, style:coastal-resort, material:wool, colorfamily:neutral, color:cream, color:ecru, usecase:cold weather, usecase:layering, occasion:weekend, occasion:campus, occasion:travel, fit:relaxed, season:fall, season:winter, tier:premium",TRUE,Size,XS,,,,,fd-top-20-xs,0,shopify,25,deny,manual,265.00,,TRUE,TRUE,,https://images.pexels.com/photos/5590903/pexels-photo-5590903.jpeg?auto=compress&cs=tinysrgb&w=1600,1,Malha Lisboa Alfama Fisherman Cable Sweater,FALSE,Malha Lisboa Alfama Fisherman Cable Sweater | Fold,"A heavy fisherman sweater hand-finished at the family mill, worked in thick undyed Portuguese wool with honeycomb and rope cables down the front. It has a relaxed body, a rolled crew neck and slightly long sleeves to pull over your hands. In natural cream it looks right with a pleated skirt and loafers, or with jeans a",,kg,,,active
malha-lisboa-alfama-fisherman-cable-sweater,,,,,,,,,S,,,,,fd-top-20-s,0,shopify,25,deny,manual,265.00,,TRUE,TRUE,,,,,,,,,kg,,,
malha-lisboa-alfama-fisherman-cable-sweater,,,,,,,,,M,,,,,fd-top-20-m,0,shopify,25,deny,manual,265.00,,TRUE,TRUE,,,,,,,,,kg,,,
malha-lisboa-alfama-fisherman-cable-sweater,,,,,,,,,L,,,,,fd-top-20-l,0,shopify,25,deny,manual,265.00,,TRUE,TRUE,,,,,,,,,kg,,,
malha-lisboa-alfama-fisherman-cable-sweater,,,,,,,,,XL,,,,,fd-top-20-xl,0,shopify,25,deny,manual,265.00,,TRUE,TRUE,,,,,,,,,kg,,,
malha-lisboa-graca-crochet-cardigan,Graça Crochet Cardigan,"<p>A cropped cardigan crocheted by hand from soft mercerized cotton in an open flower-square pattern. It closes with five small shell buttons and has a gently puffed sleeve, in a warm cream with a faded rose trim. Romantic and light, it layers over a slip dress or a camisole on summer evenings.</p><ul><li>100% mercerized cotton, hand-crocheted</li><li>Cropped, relaxed fit</li><li>Model is 5'7"" and wears XS</li><li>Shell buttons</li><li>Hand wash cold, dry flat</li><li>Crocheted in Portugal</li></ul>",Malha Lisboa,Apparel & Accessories > Clothing > Clothing Tops > Sweaters,Knitwear,"crochet, handmade, made in portugal, cardigan, category:Tops, subcategory:Knitwear, department:women, style:romantic-boho, material:cotton, colorfamily:neutral, colorfamily:pastel, color:cream, color:faded rose, usecase:summer evenings, usecase:layering, occasion:festival, occasion:date night, occasion:weekend, fit:relaxed, season:spring, season:summer, tier:mid",TRUE,Size,XS,,,,,fd-top-21-xs,0,shopify,0,deny,manual,195.00,,TRUE,TRUE,,https://images.pexels.com/photos/18399239/pexels-photo-18399239.jpeg?auto=compress&cs=tinysrgb&w=1600,1,Malha Lisboa Graça Crochet Cardigan,FALSE,Malha Lisboa Graça Crochet Cardigan | Fold,"A cropped cardigan crocheted by hand from soft mercerized cotton in an open flower-square pattern. It closes with five small shell buttons and has a gently puffed sleeve, in a warm cream with a faded rose trim. Romantic and light, it layers over a slip dress or a camisole on summer evenings.",,kg,,,active
malha-lisboa-graca-crochet-cardigan,,,,,,,,,S,,,,,fd-top-21-s,0,shopify,25,deny,manual,195.00,,TRUE,TRUE,,,,,,,,,kg,,,
malha-lisboa-graca-crochet-cardigan,,,,,,,,,M,,,,,fd-top-21-m,0,shopify,25,deny,manual,195.00,,TRUE,TRUE,,,,,,,,,kg,,,
malha-lisboa-graca-crochet-cardigan,,,,,,,,,L,,,,,fd-top-21-l,0,shopify,25,deny,manual,195.00,,TRUE,TRUE,,,,,,,,,kg,,,
malha-lisboa-graca-crochet-cardigan,,,,,,,,,XL,,,,,fd-top-21-xl,0,shopify,25,deny,manual,195.00,,TRUE,TRUE,,,,,,,,,kg,,,
cranmore-kennebunk-cable-crew,Kennebunk Cable Crew,"<p>A classic cable crewneck in soft Shetland-type lambswool, with a center panel of rope cables flanked by moss stitch. It has a saddle shoulder, a comfortable regular fit and ribbing that holds its shape. In bottle green it pairs with an oxford shirt and corduroy, and it gets better looking as it ages.</p><ul><li>100% lambswool, 7-gauge</li><li>Regular fit with saddle shoulders</li><li>Model is 6'0"" and wears M</li><li>Hand wash cold or wool cycle, dry flat</li><li>Knitted in Scotland for Cranmore</li></ul>",Cranmore,Apparel & Accessories > Clothing > Clothing Tops > Sweaters,Knitwear,"cable knit, lambswool, ivy, gift, category:Tops, subcategory:Knitwear, department:men, style:preppy-ivy, material:lambswool, colorfamily:earth, colorfamily:cool, color:bottle green, color:navy, color:oatmeal, usecase:office, usecase:layering, occasion:campus, occasion:office, occasion:weekend, fit:regular, season:fall, season:winter, tier:mid",TRUE,Size,S,,,,,fd-top-22-s,0,shopify,25,deny,manual,225.00,,TRUE,TRUE,,https://images.pexels.com/photos/7597299/pexels-photo-7597299.jpeg?auto=compress&cs=tinysrgb&w=1600,1,Cranmore Kennebunk Cable Crew,FALSE,Cranmore Kennebunk Cable Crew | Fold,"A classic cable crewneck in soft Shetland-type lambswool, with a center panel of rope cables flanked by moss stitch. It has a saddle shoulder, a comfortable regular fit and ribbing that holds its shape. In bottle green it pairs with an oxford shirt and corduroy, and it gets better looking as it ages.",,kg,,,active
cranmore-kennebunk-cable-crew,,,,,,,,,M,,,,,fd-top-22-m,0,shopify,25,deny,manual,225.00,,TRUE,TRUE,,,,,,,,,kg,,,
cranmore-kennebunk-cable-crew,,,,,,,,,L,,,,,fd-top-22-l,0,shopify,25,deny,manual,225.00,,TRUE,TRUE,,,,,,,,,kg,,,
cranmore-kennebunk-cable-crew,,,,,,,,,XL,,,,,fd-top-22-xl,0,shopify,0,deny,manual,225.00,,TRUE,TRUE,,,,,,,,,kg,,,
cranmore-kennebunk-cable-crew,,,,,,,,,XXL,,,,,fd-top-22-xxl,0,shopify,25,deny,manual,225.00,,TRUE,TRUE,,,,,,,,,kg,,,
norse-projects-sigfred-lambswool-sweater,Sigfred Lambswool Sweater,"<p>Norse Projects' Sigfred is a brushed lambswool crewneck with a soft, slightly hairy hand and a clean, regular fit. It has ribbed trims, a small tonal label at the hem and nothing else. In heather grey it is the knit that works over a tee, a shirt or under a coat for most of the year.</p><ul><li>100% lambswool, brushed</li><li>Regular fit</li><li>Model is 6'1"" and wears M</li><li>Hand wash cold, dry flat</li><li>Made in Lithuania</li></ul>",Norse Projects,Apparel & Accessories > Clothing > Clothing Tops > Sweaters,Knitwear,"lambswool, no logo, scandinavian, brushed, category:Tops, subcategory:Knitwear, department:men, style:quiet-minimal, material:lambswool, colorfamily:neutral, color:light grey melange, color:navy, color:dark olive, usecase:office, usecase:everyday, occasion:office, occasion:everyday, occasion:commute, fit:regular, season:fall, season:winter, tier:mid, bestseller",TRUE,Size,S,,,,,fd-top-23-s,0,shopify,25,deny,manual,210.00,,TRUE,TRUE,,https://images.pexels.com/photos/20244269/pexels-photo-20244269.jpeg?auto=compress&cs=tinysrgb&w=1600,1,Norse Projects Sigfred Lambswool Sweater,FALSE,Norse Projects Sigfred Lambswool Sweater | Fold,"Norse Projects' Sigfred is a brushed lambswool crewneck with a soft, slightly hairy hand and a clean, regular fit. It has ribbed trims, a small tonal label at the hem and nothing else. In heather grey it is the knit that works over a tee, a shirt or under a coat for most of the year.",,kg,,,active
norse-projects-sigfred-lambswool-sweater,,,,,,,,,M,,,,,fd-top-23-m,0,shopify,25,deny,manual,210.00,,TRUE,TRUE,,,,,,,,,kg,,,
norse-projects-sigfred-lambswool-sweater,,,,,,,,,L,,,,,fd-top-23-l,0,shopify,25,deny,manual,210.00,,TRUE,TRUE,,,,,,,,,kg,,,
norse-projects-sigfred-lambswool-sweater,,,,,,,,,XL,,,,,fd-top-23-xl,0,shopify,25,deny,manual,210.00,,TRUE,TRUE,,,,,,,,,kg,,,
norse-projects-sigfred-lambswool-sweater,,,,,,,,,XXL,,,,,fd-top-23-xxl,0,shopify,25,deny,manual,210.00,,TRUE,TRUE,,,,,,,,,kg,,,
arket-cashmere-crew-neck-jumper,Cashmere Crew-Neck Jumper,"<p>A light, fine-gauge crewneck in pure Mongolian cashmere with a slightly relaxed body and fully fashioned shoulders. The color is a soft camel that looks warm against ecru, grey and denim. Quiet and comfortable, it sits under a coat in winter and over a shirt collar at the office.</p><ul><li>100% cashmere, 12-gauge</li><li>Relaxed fit</li><li>Model is 5'9"" and wears S</li><li>Hand wash cold, dry flat</li><li>Made in China</li></ul>",Arket,Apparel & Accessories > Clothing > Clothing Tops > Sweaters,Knitwear,"cashmere, fine knit, on sale, gift, category:Tops, subcategory:Knitwear, department:women, style:quiet-minimal, material:cashmere, colorfamily:neutral, colorfamily:warm, color:camel, color:light grey, color:black, usecase:office, usecase:layering, occasion:office, occasion:everyday, occasion:travel, fit:relaxed, season:fall, season:winter, tier:mid",TRUE,Size,XS,,,,,fd-top-24-xs,0,shopify,25,deny,manual,178.00,220.00,TRUE,TRUE,,https://images.pexels.com/photos/6996063/pexels-photo-6996063.jpeg?auto=compress&cs=tinysrgb&w=1600,1,Arket Cashmere Crew-Neck Jumper,FALSE,Arket Cashmere Crew-Neck Jumper | Fold,"A light, fine-gauge crewneck in pure Mongolian cashmere with a slightly relaxed body and fully fashioned shoulders. The color is a soft camel that looks warm against ecru, grey and denim. Quiet and comfortable, it sits under a coat in winter and over a shirt collar at the office.",,kg,,,active
arket-cashmere-crew-neck-jumper,,,,,,,,,S,,,,,fd-top-24-s,0,shopify,0,deny,manual,178.00,220.00,TRUE,TRUE,,,,,,,,,kg,,,
arket-cashmere-crew-neck-jumper,,,,,,,,,M,,,,,fd-top-24-m,0,shopify,25,deny,manual,178.00,220.00,TRUE,TRUE,,,,,,,,,kg,,,
arket-cashmere-crew-neck-jumper,,,,,,,,,L,,,,,fd-top-24-l,0,shopify,25,deny,manual,178.00,220.00,TRUE,TRUE,,,,,,,,,kg,,,
arket-cashmere-crew-neck-jumper,,,,,,,,,XL,,,,,fd-top-24-xl,0,shopify,25,deny,manual,178.00,220.00,TRUE,TRUE,,,,,,,,,kg,,,
asche-riss-ladder-knit-sweater,Riss Ladder-Knit Sweater,"<p>A long, heavy sweater in mohair and wool, knitted with deliberate dropped stitches so it falls in ladders and gaps down the body and sleeves. It is dyed pure black and sits long over the hips with sleeves that run past the wrist. Moody and textured, it is meant to be layered over a slip dress or a long tee with heavy boots and silver.</p><ul><li>55% mohair, 35% wool, 10% polyamide</li><li>Oversized, longline fit; back length 30 in on size S</li><li>Model is 5'10"" and wears S</li><li>Hand wash cold, dry flat</li><li>Knitted in Germany</li></ul>",Asche,Apparel & Accessories > Clothing > Clothing Tops > Sweaters,Knitwear,"mohair, distressed, longline, made in germany, category:Tops, subcategory:Knitwear, department:women, style:dark-gothic, material:mohair, material:wool, colorfamily:black, color:black, usecase:layering, usecase:going out, occasion:night out, occasion:everyday, fit:oversized, season:fall, season:winter, tier:premium, new",TRUE,Size,XS,,,,,fd-top-25-xs,0,shopify,25,deny,manual,295.00,,TRUE,TRUE,,https://images.pexels.com/photos/6670209/pexels-photo-6670209.jpeg?auto=compress&cs=tinysrgb&w=1600,1,Asche Riss Ladder-Knit Sweater,FALSE,Asche Riss Ladder-Knit Sweater | Fold,"A long, heavy sweater in mohair and wool, knitted with deliberate dropped stitches so it falls in ladders and gaps down the body and sleeves. It is dyed pure black and sits long over the hips with sleeves that run past the wrist. Moody and textured, it is meant to be layered over a slip dress or a long tee with heavy b",,kg,,,active
asche-riss-ladder-knit-sweater,,,,,,,,,S,,,,,fd-top-25-s,0,shopify,25,deny,manual,295.00,,TRUE,TRUE,,,,,,,,,kg,,,
asche-riss-ladder-knit-sweater,,,,,,,,,M,,,,,fd-top-25-m,0,shopify,25,deny,manual,295.00,,TRUE,TRUE,,,,,,,,,kg,,,
asche-riss-ladder-knit-sweater,,,,,,,,,L,,,,,fd-top-25-l,0,shopify,25,deny,manual,295.00,,TRUE,TRUE,,,,,,,,,kg,,,
asche-riss-ladder-knit-sweater,,,,,,,,,XL,,,,,fd-top-25-xl,0,shopify,0,deny,manual,295.00,,TRUE,TRUE,,,,,,,,,kg,,,
soller-pollenca-knitted-polo,Pollença Knitted Polo,"<p>A short-sleeved polo knitted from a cool, dry linen and cotton yarn in a fine, open stitch. It has a soft open collar with no buttons, ribbed trims and a straight hem for wearing loose, in a creamy white with a thin navy tipping. It is made for long lunches by the sea with linen trousers and suede loafers.</p><ul><li>60% cotton, 40% linen, 12-gauge knit</li><li>Regular fit</li><li>Model is 6'0"" and wears M</li><li>Hand wash or wool cycle cold, dry flat</li><li>Knitted in Portugal</li></ul>",Sóller,Apparel & Accessories > Clothing > Clothing Tops > Sweaters,Knitwear,"knitted polo, linen, resort, made in portugal, category:Tops, subcategory:Knitwear, department:men, style:coastal-resort, style:preppy-ivy, material:linen, material:cotton, colorfamily:white, colorfamily:cool, color:cream, color:navy, usecase:vacation, usecase:summer evenings, occasion:beach, occasion:date night, occasion:travel, fit:regular, season:spring, season:summer, tier:mid",TRUE,Size,S,,,,,fd-top-26-s,0,shopify,25,deny,manual,138.00,,TRUE,TRUE,,https://images.pexels.com/photos/18465051/pexels-photo-18465051.jpeg?auto=compress&cs=tinysrgb&w=1600,1,Sóller Pollença Knitted Polo,FALSE,Sóller Pollença Knitted Polo | Fold,"A short-sleeved polo knitted from a cool, dry linen and cotton yarn in a fine, open stitch. It has a soft open collar with no buttons, ribbed trims and a straight hem for wearing loose, in a creamy white with a thin navy tipping. It is made for long lunches by the sea with linen trousers and suede loafers.",,kg,,,active
soller-pollenca-knitted-polo,,,,,,,,,M,,,,,fd-top-26-m,0,shopify,25,deny,manual,138.00,,TRUE,TRUE,,,,,,,,,kg,,,
soller-pollenca-knitted-polo,,,,,,,,,L,,,,,fd-top-26-l,0,shopify,25,deny,manual,138.00,,TRUE,TRUE,,,,,,,,,kg,,,
soller-pollenca-knitted-polo,,,,,,,,,XL,,,,,fd-top-26-xl,0,shopify,25,deny,manual,138.00,,TRUE,TRUE,,,,,,,,,kg,,,
soller-pollenca-knitted-polo,,,,,,,,,XXL,,,,,fd-top-26-xxl,0,shopify,25,deny,manual,138.00,,TRUE,TRUE,,,,,,,,,kg,,,
patagonia-recycled-wool-blend-crewneck-sweater,Recycled Wool-Blend Crewneck Sweater,"<p>A rugged crewneck knitted from recycled wool and nylon in a mid-gauge stitch with a marled, earthy look. The fit is easy and roomy enough for a base layer underneath, and the color is a warm mixed brown with flecks of rust. Warm on a cold trail morning and easy to wear in town with canvas pants and boots.</p><ul><li>90% recycled wool, 10% recycled nylon</li><li>Relaxed fit; unisex sizing</li><li>Model is 6'0"" and wears M</li><li>Fair Trade Certified sewn</li><li>Hand wash cold, dry flat</li></ul>",Patagonia,Apparel & Accessories > Clothing > Clothing Tops > Sweaters,Knitwear,"recycled, wool, on sale, fair trade, category:Tops, subcategory:Knitwear, department:unisex, style:gorpcore-outdoor, material:recycled wool, material:recycled nylon, colorfamily:earth, color:moose brown, color:rust, color:forge grey, usecase:outdoors, usecase:cold weather, occasion:hiking, occasion:camping, occasion:weekend, fit:relaxed, season:fall, season:winter, tier:mid",TRUE,Size,XS,,,,,fd-top-27-xs,0,shopify,25,deny,manual,148.00,180.00,TRUE,TRUE,,https://images.pexels.com/photos/12106743/pexels-photo-12106743.jpeg?auto=compress&cs=tinysrgb&w=1600,1,Patagonia Recycled Wool-Blend Crewneck Sweater,FALSE,Patagonia Recycled Wool-Blend Crewneck Sweater | Fold,"A rugged crewneck knitted from recycled wool and nylon in a mid-gauge stitch with a marled, earthy look. The fit is easy and roomy enough for a base layer underneath, and the color is a warm mixed brown with flecks of rust. Warm on a cold trail morning and easy to wear in town with canvas pants and boots.",,kg,,,active
patagonia-recycled-wool-blend-crewneck-sweater,,,,,,,,,S,,,,,fd-top-27-s,0,shopify,25,deny,manual,148.00,180.00,TRUE,TRUE,,,,,,,,,kg,,,
patagonia-recycled-wool-blend-crewneck-sweater,,,,,,,,,M,,,,,fd-top-27-m,0,shopify,0,deny,manual,148.00,180.00,TRUE,TRUE,,,,,,,,,kg,,,
patagonia-recycled-wool-blend-crewneck-sweater,,,,,,,,,L,,,,,fd-top-27-l,0,shopify,25,deny,manual,148.00,180.00,TRUE,TRUE,,,,,,,,,kg,,,
patagonia-recycled-wool-blend-crewneck-sweater,,,,,,,,,XL,,,,,fd-top-27-xl,0,shopify,25,deny,manual,148.00,180.00,TRUE,TRUE,,,,,,,,,kg,,,
seom-flicker-cropped-cardigan,Flicker Cropped Cardigan,"<p>A short, fitted cardigan in a fluffy brushed-acrylic and nylon yarn with a slight sheen. It fastens with five chrome-look buttons and comes in baby blue with a thin contrast white edge. Very early 2000s, it looks right buttoned up as a top with a low-rise skirt or worn open over a baby tee.</p><ul><li>60% acrylic, 30% nylon, 10% wool, brushed</li><li>Slim, cropped fit; body length 16 in on size S</li><li>Model is 5'6"" and wears S</li><li>Hand wash cold, dry flat</li><li>Made in South Korea</li></ul>",SEOM,Apparel & Accessories > Clothing > Clothing Tops > Sweaters,Knitwear,"cropped, fuzzy, cardigan, made in korea, category:Tops, subcategory:Knitwear, department:women, style:y2k-retro, material:brushed acrylic blend, colorfamily:pastel, color:baby blue, color:white, usecase:going out, usecase:layering, occasion:night out, occasion:campus, occasion:weekend, fit:slim, season:spring, season:fall, tier:mid",TRUE,Size,XS,,,,,fd-top-28-xs,0,shopify,25,deny,manual,115.00,,TRUE,TRUE,,https://images.pexels.com/photos/6634917/pexels-photo-6634917.jpeg?auto=compress&cs=tinysrgb&w=1600,1,SEOM Flicker Cropped Cardigan,FALSE,SEOM Flicker Cropped Cardigan | Fold,"A short, fitted cardigan in a fluffy brushed-acrylic and nylon yarn with a slight sheen. It fastens with five chrome-look buttons and comes in baby blue with a thin contrast white edge. Very early 2000s, it looks right buttoned up as a top with a low-rise skirt or worn open over a baby tee.",,kg,,,active
seom-flicker-cropped-cardigan,,,,,,,,,S,,,,,fd-top-28-s,0,shopify,25,deny,manual,115.00,,TRUE,TRUE,,,,,,,,,kg,,,
seom-flicker-cropped-cardigan,,,,,,,,,M,,,,,fd-top-28-m,0,shopify,25,deny,manual,115.00,,TRUE,TRUE,,,,,,,,,kg,,,
seom-flicker-cropped-cardigan,,,,,,,,,L,,,,,fd-top-28-l,0,shopify,25,deny,manual,115.00,,TRUE,TRUE,,,,,,,,,kg,,,
seom-flicker-cropped-cardigan,,,,,,,,,XL,,,,,fd-top-28-xl,0,shopify,25,deny,manual,115.00,,TRUE,TRUE,,,,,,,,,kg,,,
nike-sportswear-phoenix-fleece-oversized-hoodie,Sportswear Phoenix Fleece Oversized Hoodie,"<p>Nike's Phoenix Fleece is a thick, brushed-back cotton blend that feels soft inside and holds its shape outside. This hoodie is cut extra roomy with dropped shoulders, a deep hood and a stacked hem, in black with a small embroidered Swoosh. Sporty and slouchy, it goes over leggings after the gym or with baggy jeans and sneakers.</p><ul><li>80% cotton, 20% polyester brushed fleece</li><li>Oversized fit; size down for a closer cut</li><li>Model is 5'9"" and wears S</li><li>Kangaroo pocket, double-layer hood</li><li>Machine wash cold</li></ul>",Nike,Apparel & Accessories > Clothing > Clothing Tops > Sweatshirts,Sweatshirts & hoodies,"fleece, oversized, logo, cozy, category:Tops, subcategory:Sweatshirts & hoodies, department:women, style:athletic, style:streetwear, material:cotton fleece, colorfamily:black, color:black, color:sail, usecase:post-workout, usecase:lounging, occasion:gym, occasion:everyday, occasion:campus, fit:oversized, season:fall, season:winter, season:spring, tier:budget, bestseller",TRUE,Size,XS,,,,,fd-top-29-xs,0,shopify,0,deny,manual,70.00,,TRUE,TRUE,,https://images.pexels.com/photos/18956666/pexels-photo-18956666.jpeg?auto=compress&cs=tinysrgb&w=1600,1,Nike Sportswear Phoenix Fleece Oversized Hoodie,FALSE,Nike Sportswear Phoenix Fleece Oversized Hoodie | Fold,"Nike's Phoenix Fleece is a thick, brushed-back cotton blend that feels soft inside and holds its shape outside. This hoodie is cut extra roomy with dropped shoulders, a deep hood and a stacked hem, in black with a small embroidered Swoosh. Sporty and slouchy, it goes over leggings after the gym or with baggy jeans and ",,kg,,,active
nike-sportswear-phoenix-fleece-oversized-hoodie,,,,,,,,,S,,,,,fd-top-29-s,0,shopify,25,deny,manual,70.00,,TRUE,TRUE,,,,,,,,,kg,,,
nike-sportswear-phoenix-fleece-oversized-hoodie,,,,,,,,,M,,,,,fd-top-29-m,0,shopify,25,deny,manual,70.00,,TRUE,TRUE,,,,,,,,,kg,,,
nike-sportswear-phoenix-fleece-oversized-hoodie,,,,,,,,,L,,,,,fd-top-29-l,0,shopify,25,deny,manual,70.00,,TRUE,TRUE,,,,,,,,,kg,,,
nike-sportswear-phoenix-fleece-oversized-hoodie,,,,,,,,,XL,,,,,fd-top-29-xl,0,shopify,25,deny,manual,70.00,,TRUE,TRUE,,,,,,,,,kg,,,
adidas-adicolor-classics-firebird-track-top,Adicolor Classics Firebird Track Top,"<p>The Firebird is Adidas' archive track top in shiny tricot, with the 3-Stripes running down each sleeve and a stand-up collar. It has a slim, slightly cropped fit and comes in pale blue with white stripes. Sporty and retro, it zips up over a baby tee with low-rise track pants or jeans and Sambas.</p><ul><li>100% recycled polyester tricot</li><li>Slim fit</li><li>Model is 5'7"" and wears S</li><li>Full zip, ribbed cuffs and hem</li><li>Machine wash cold</li></ul>",Adidas,Apparel & Accessories > Clothing > Clothing Tops > Sweatshirts,Sweatshirts & hoodies,"track top, 3-stripes, retro, recycled, category:Tops, subcategory:Sweatshirts & hoodies, department:women, style:y2k-retro, style:athletic, material:recycled polyester tricot, colorfamily:pastel, color:clear sky blue, color:white, usecase:sporty layers, usecase:everyday, occasion:weekend, occasion:festival, occasion:everyday, fit:slim, season:spring, season:fall, tier:mid",TRUE,Size,XS,,,,,fd-top-30-xs,0,shopify,25,deny,manual,85.00,,TRUE,TRUE,,https://images.pexels.com/photos/40017423/pexels-photo-40017423.jpeg?auto=compress&cs=tinysrgb&w=1600,1,Adidas Adicolor Classics Firebird Track Top,FALSE,Adidas Adicolor Classics Firebird Track Top | Fold,"The Firebird is Adidas' archive track top in shiny tricot, with the 3-Stripes running down each sleeve and a stand-up collar. It has a slim, slightly cropped fit and comes in pale blue with white stripes. Sporty and retro, it zips up over a baby tee with low-rise track pants or jeans and Sambas.",,kg,,,active
adidas-adicolor-classics-firebird-track-top,,,,,,,,,S,,,,,fd-top-30-s,0,shopify,25,deny,manual,85.00,,TRUE,TRUE,,,,,,,,,kg,,,
adidas-adicolor-classics-firebird-track-top,,,,,,,,,M,,,,,fd-top-30-m,0,shopify,25,deny,manual,85.00,,TRUE,TRUE,,,,,,,,,kg,,,
adidas-adicolor-classics-firebird-track-top,,,,,,,,,L,,,,,fd-top-30-l,0,shopify,0,deny,manual,85.00,,TRUE,TRUE,,,,,,,,,kg,,,
adidas-adicolor-classics-firebird-track-top,,,,,,,,,XL,,,,,fd-top-30-xl,0,shopify,25,deny,manual,85.00,,TRUE,TRUE,,,,,,,,,kg,,,
new-balance-athletics-french-terry-crewneck,Athletics French Terry Crewneck,"<p>A loopback French terry crewneck with the NB Athletics varsity arch printed across the chest. It has a relaxed fit, ribbed side panels and a soft, worn-in hand, in heather grey with a navy print. Half gym kit, half campus classic, it goes with running shorts or chinos and grey suede sneakers.</p><ul><li>100% cotton French terry, 340 gsm</li><li>Relaxed fit; unisex sizing</li><li>Model is 6'0"" and wears M</li><li>Ribbed side gussets</li><li>Machine wash cold, tumble dry low</li></ul>",New Balance,Apparel & Accessories > Clothing > Clothing Tops > Sweatshirts,Sweatshirts & hoodies,"varsity, french terry, grey marl, new arrival, category:Tops, subcategory:Sweatshirts & hoodies, department:unisex, style:athletic, style:preppy-ivy, material:cotton french terry, colorfamily:neutral, color:athletic grey, color:navy, usecase:training, usecase:everyday, occasion:campus, occasion:gym, occasion:weekend, fit:relaxed, season:fall, season:spring, tier:mid, new",TRUE,Size,XS,,,,,fd-top-31-xs,0,shopify,25,deny,manual,80.00,,TRUE,TRUE,,https://images.pexels.com/photos/35265416/pexels-photo-35265416.jpeg?auto=compress&cs=tinysrgb&w=1600,1,New Balance Athletics French Terry Crewneck,FALSE,New Balance Athletics French Terry Crewneck | Fold,"A loopback French terry crewneck with the NB Athletics varsity arch printed across the chest. It has a relaxed fit, ribbed side panels and a soft, worn-in hand, in heather grey with a navy print. Half gym kit, half campus classic, it goes with running shorts or chinos and grey suede sneakers.",,kg,,,active
new-balance-athletics-french-terry-crewneck,,,,,,,,,S,,,,,fd-top-31-s,0,shopify,25,deny,manual,80.00,,TRUE,TRUE,,,,,,,,,kg,,,
new-balance-athletics-french-terry-crewneck,,,,,,,,,M,,,,,fd-top-31-m,0,shopify,25,deny,manual,80.00,,TRUE,TRUE,,,,,,,,,kg,,,
new-balance-athletics-french-terry-crewneck,,,,,,,,,L,,,,,fd-top-31-l,0,shopify,25,deny,manual,80.00,,TRUE,TRUE,,,,,,,,,kg,,,
new-balance-athletics-french-terry-crewneck,,,,,,,,,XL,,,,,fd-top-31-xl,0,shopify,25,deny,manual,80.00,,TRUE,TRUE,,,,,,,,,kg,,,
pangaia-365-midweight-hoodie,365 Midweight Hoodie,"<p>Pangaia's 365 hoodie is a midweight organic cotton fleece with a recycled cotton blend, a deep two-panel hood and a kangaroo pocket, cut relaxed through the body. It comes in a saturated summit green from plant-based dyes, with a small tonal print on the chest. Built for lounging and slow mornings, it is just as good on the walk to yoga or a recovery run.</p><ul><li>Organic and recycled cotton fleece, 450 gsm</li><li>Relaxed fit; unisex sizing</li><li>PPRMINT oil treatment for freshness</li><li>Machine wash cold, wash less</li><li>Made in Portugal</li></ul>",Pangaia,Apparel & Accessories > Clothing > Clothing Tops > Sweatshirts,Sweatshirts & hoodies,"organic, loungewear, plant-dyed, recycled, category:Tops, subcategory:Sweatshirts & hoodies, department:unisex, style:athletic, style:quiet-minimal, material:organic cotton, material:recycled cotton, colorfamily:bold, colorfamily:cool, color:summit green, color:black, usecase:lounging, usecase:light training, occasion:gym, occasion:everyday, occasion:travel, fit:relaxed, season:all-season, tier:mid",TRUE,Size,XS,,,,,fd-top-32-xs,0,shopify,25,deny,manual,150.00,,TRUE,TRUE,,https://images.pexels.com/photos/23644590/pexels-photo-23644590.jpeg?auto=compress&cs=tinysrgb&w=1600,1,Pangaia 365 Midweight Hoodie,FALSE,Pangaia 365 Midweight Hoodie | Fold,"Pangaia's 365 hoodie is a midweight organic cotton fleece with a recycled cotton blend, a deep two-panel hood and a kangaroo pocket, cut relaxed through the body. It comes in a saturated summit green from plant-based dyes, with a small tonal print on the chest. Built for lounging and slow mornings, it is just as good o",,kg,,,active
pangaia-365-midweight-hoodie,,,,,,,,,S,,,,,fd-top-32-s,0,shopify,0,deny,manual,150.00,,TRUE,TRUE,,,,,,,,,kg,,,
pangaia-365-midweight-hoodie,,,,,,,,,M,,,,,fd-top-32-m,0,shopify,25,deny,manual,150.00,,TRUE,TRUE,,,,,,,,,kg,,,
pangaia-365-midweight-hoodie,,,,,,,,,L,,,,,fd-top-32-l,0,shopify,25,deny,manual,150.00,,TRUE,TRUE,,,,,,,,,kg,,,
pangaia-365-midweight-hoodie,,,,,,,,,XL,,,,,fd-top-32-xl,0,shopify,25,deny,manual,150.00,,TRUE,TRUE,,,,,,,,,kg,,,
seom-signal-boxy-hoodie,Signal Boxy Hoodie,"<p>A heavyweight 500 gsm fleece hoodie with a short, wide body, an oversized double hood and a cracked puff-print graphic across the back. It is pigment-dyed a washed black that fades unevenly at the seams and cuffs, so it looks dark and worn-in from day one. Loud from behind and moody from the front, it sits over cargos or under a long black coat.</p><ul><li>100% cotton brushed fleece, 500 gsm</li><li>Boxy, cropped fit; size up for more length</li><li>Model is 6'0"" and wears L</li><li>Puff-print back graphic</li><li>Wash cold inside out, line dry</li><li>Made in South Korea</li></ul>",SEOM,Apparel & Accessories > Clothing > Clothing Tops > Sweatshirts,Sweatshirts & hoodies,"heavyweight, graphic, pigment-dyed, on sale, category:Tops, subcategory:Sweatshirts & hoodies, department:unisex, style:streetwear, style:dark-gothic, material:heavyweight cotton fleece, colorfamily:black, color:washed black, usecase:everyday, usecase:layering, occasion:everyday, occasion:night out, occasion:festival, fit:oversized, season:fall, season:winter, tier:mid",TRUE,Size,XS,,,,,fd-top-33-xs,0,shopify,25,deny,manual,135.00,165.00,TRUE,TRUE,,https://images.pexels.com/photos/24499685/pexels-photo-24499685.jpeg?auto=compress&cs=tinysrgb&w=1600,1,SEOM Signal Boxy Hoodie,FALSE,SEOM Signal Boxy Hoodie | Fold,"A heavyweight 500 gsm fleece hoodie with a short, wide body, an oversized double hood and a cracked puff-print graphic across the back. It is pigment-dyed a washed black that fades unevenly at the seams and cuffs, so it looks dark and worn-in from day one. Loud from behind and moody from the front, it sits over cargos ",,kg,,,active
seom-signal-boxy-hoodie,,,,,,,,,S,,,,,fd-top-33-s,0,shopify,25,deny,manual,135.00,165.00,TRUE,TRUE,,,,,,,,,kg,,,
seom-signal-boxy-hoodie,,,,,,,,,M,,,,,fd-top-33-m,0,shopify,25,deny,manual,135.00,165.00,TRUE,TRUE,,,,,,,,,kg,,,
seom-signal-boxy-hoodie,,,,,,,,,L,,,,,fd-top-33-l,0,shopify,25,deny,manual,135.00,165.00,TRUE,TRUE,,,,,,,,,kg,,,
seom-signal-boxy-hoodie,,,,,,,,,XL,,,,,fd-top-33-xl,0,shopify,0,deny,manual,135.00,165.00,TRUE,TRUE,,,,,,,,,kg,,,
carhartt-wip-hooded-chase-sweatshirt,Hooded Chase Sweatshirt,"<p>Carhartt WIP's Chase hoodie is a dense cotton-polyester fleece with a two-panel hood, a kangaroo pocket and a small gold C logo embroidered at the chest. The fit is regular and straight, and the dark brown color goes with canvas, denim and duck. Plain and hard-wearing, it lives under a Detroit jacket or on its own with double-knees.</p><ul><li>58% cotton, 42% polyester fleece, 320 gsm</li><li>Regular fit</li><li>Model is 6'1"" and wears L</li><li>Embroidered C logo</li><li>Machine wash 30C</li></ul>",Carhartt WIP,Apparel & Accessories > Clothing > Clothing Tops > Sweatshirts,Sweatshirts & hoodies,"hoodie, embroidered logo, workwear, fleece, category:Tops, subcategory:Sweatshirts & hoodies, department:men, style:heritage-workwear, style:streetwear, material:cotton fleece, material:polyester, colorfamily:earth, color:tobacco, color:gold, usecase:everyday, usecase:layering, occasion:everyday, occasion:weekend, occasion:commute, fit:regular, season:fall, season:winter, season:spring, tier:mid",TRUE,Size,S,,,,,fd-top-34-s,0,shopify,25,deny,manual,115.00,,TRUE,TRUE,,https://images.pexels.com/photos/29208389/pexels-photo-29208389.jpeg?auto=compress&cs=tinysrgb&w=1600,1,Carhartt WIP Hooded Chase Sweatshirt,FALSE,Carhartt WIP Hooded Chase Sweatshirt | Fold,"Carhartt WIP's Chase hoodie is a dense cotton-polyester fleece with a two-panel hood, a kangaroo pocket and a small gold C logo embroidered at the chest. The fit is regular and straight, and the dark brown color goes with canvas, denim and duck. Plain and hard-wearing, it lives under a Detroit jacket or on its own with",,kg,,,active
carhartt-wip-hooded-chase-sweatshirt,,,,,,,,,M,,,,,fd-top-34-m,0,shopify,25,deny,manual,115.00,,TRUE,TRUE,,,,,,,,,kg,,,
carhartt-wip-hooded-chase-sweatshirt,,,,,,,,,L,,,,,fd-top-34-l,0,shopify,25,deny,manual,115.00,,TRUE,TRUE,,,,,,,,,kg,,,
carhartt-wip-hooded-chase-sweatshirt,,,,,,,,,XL,,,,,fd-top-34-xl,0,shopify,25,deny,manual,115.00,,TRUE,TRUE,,,,,,,,,kg,,,
carhartt-wip-hooded-chase-sweatshirt,,,,,,,,,XXL,,,,,fd-top-34-xxl,0,shopify,25,deny,manual,115.00,,TRUE,TRUE,,,,,,,,,kg,,,
cranmore-mystic-rugby-shirt,Mystic Rugby Shirt,"<p>A heavyweight rugby shirt knitted from tightly twisted cotton jersey, with bold navy and gold hoops, a white twill collar and rubber buttons at the placket. It has a regular, slightly long fit and reinforced side vents, so it handles a muddy Saturday or a weekend in the country. Wear it with chinos and loafers or with straight jeans and beat-up sneakers.</p><ul><li>100% cotton jersey, 14 oz</li><li>Regular fit; unisex sizing</li><li>Model is 5'11"" and wears M</li><li>Cotton twill collar, rubber buttons</li><li>Machine wash cold, tumble dry low</li><li>Made in Portugal</li></ul>",Cranmore,Apparel & Accessories > Clothing > Clothing Tops > Sweatshirts,Sweatshirts & hoodies,"rugby stripe, heavyweight, ivy, gift, category:Tops, subcategory:Sweatshirts & hoodies, department:unisex, style:preppy-ivy, material:heavyweight cotton jersey, material:cotton twill, colorfamily:cool, colorfamily:bold, color:navy, color:gold, color:white, usecase:weekend, usecase:campus, occasion:campus, occasion:weekend, occasion:travel, fit:regular, season:fall, season:spring, season:winter, tier:mid",TRUE,Size,XS,,,,,fd-top-35-xs,0,shopify,25,deny,manual,145.00,,TRUE,TRUE,,https://images.pexels.com/photos/10962177/pexels-photo-10962177.jpeg?auto=compress&cs=tinysrgb&w=1600,1,Cranmore Mystic Rugby Shirt,FALSE,Cranmore Mystic Rugby Shirt | Fold,"A heavyweight rugby shirt knitted from tightly twisted cotton jersey, with bold navy and gold hoops, a white twill collar and rubber buttons at the placket. It has a regular, slightly long fit and reinforced side vents, so it handles a muddy Saturday or a weekend in the country. Wear it with chinos and loafers or with ",,kg,,,active
cranmore-mystic-rugby-shirt,,,,,,,,,S,,,,,fd-top-35-s,0,shopify,25,deny,manual,145.00,,TRUE,TRUE,,,,,,,,,kg,,,
cranmore-mystic-rugby-shirt,,,,,,,,,M,,,,,fd-top-35-m,0,shopify,0,deny,manual,145.00,,TRUE,TRUE,,,,,,,,,kg,,,
cranmore-mystic-rugby-shirt,,,,,,,,,L,,,,,fd-top-35-l,0,shopify,25,deny,manual,145.00,,TRUE,TRUE,,,,,,,,,kg,,,
cranmore-mystic-rugby-shirt,,,,,,,,,XL,,,,,fd-top-35-xl,0,shopify,25,deny,manual,145.00,,TRUE,TRUE,,,,,,,,,kg,,,
levis-501-original-jeans,501 Original Jeans,"<p>The original button-fly jean, cut straight through the seat and thigh with a leg that sits at the ankle without stacking. This one is a mid-weight non-stretch denim in a medium stonewash with honest whiskering and fading, so it looks broken in from day one and keeps softening with every wash. Rugged and plain in the best way, it goes with a work jacket, a grey sweatshirt or a white tee and boots.</p><ul><li>100% cotton non-stretch denim, 12.5 oz</li><li>Regular straight fit, sits at the waist; five-button fly</li><li>Leg opening 16 in on W32; inseam 32 in</li><li>Model is 6'1"" and wears W32 L32</li><li>Machine wash cold inside out, hang dry</li><li>Made in Pakistan</li></ul>",Levi's,Apparel & Accessories > Clothing > Pants > Jeans,Jeans,"button fly, non-stretch, straight leg, classic, category:Bottoms, subcategory:Jeans, department:men, style:heritage-workwear, material:cotton denim, colorfamily:cool, color:medium stonewash, color:faded indigo, usecase:daily wear, usecase:breaking in, usecase:pairing with boots, occasion:everyday, occasion:weekend, occasion:commute, fit:regular, season:all-season, tier:mid, bestseller",TRUE,Size,W28,,,,,fd-bot-01-w28,0,shopify,25,deny,manual,98.00,,TRUE,TRUE,,https://images.pexels.com/photos/39658397/pexels-photo-39658397.jpeg?auto=compress&cs=tinysrgb&w=1600,1,Levi's 501 Original Jeans,FALSE,Levi's 501 Original Jeans | Fold,"The original button-fly jean, cut straight through the seat and thigh with a leg that sits at the ankle without stacking. This one is a mid-weight non-stretch denim in a medium stonewash with honest whiskering and fading, so it looks broken in from day one and keeps softening with every wash. Rugged and plain in the be",,kg,,,active
levis-501-original-jeans,,,,,,,,,W30,,,,,fd-bot-01-w30,0,shopify,0,deny,manual,98.00,,TRUE,TRUE,,,,,,,,,kg,,,
levis-501-original-jeans,,,,,,,,,W32,,,,,fd-bot-01-w32,0,shopify,25,deny,manual,98.00,,TRUE,TRUE,,,,,,,,,kg,,,
levis-501-original-jeans,,,,,,,,,W34,,,,,fd-bot-01-w34,0,shopify,25,deny,manual,98.00,,TRUE,TRUE,,,,,,,,,kg,,,
levis-501-original-jeans,,,,,,,,,W36,,,,,fd-bot-01-w36,0,shopify,25,deny,manual,98.00,,TRUE,TRUE,,,,,,,,,kg,,,
levis-501-original-jeans,,,,,,,,,W38,,,,,fd-bot-01-w38,0,shopify,25,deny,manual,98.00,,TRUE,TRUE,,,,,,,,,kg,,,
levis-superlow-bootcut-jeans,Superlow Bootcut Jeans,"<p>A properly low-rise jean that sits on the hips, slim through the thigh and kicking out into a bootcut flare at the hem. The light blue wash has a little stretch, faded highs on the thighs and a frayed-look hem, all very early-2000s without trying too hard. Wear it with a baby tee, a cropped zip-up and slim sneakers or pointed boots.</p><ul><li>99% cotton, 1% elastane comfort-stretch denim</li><li>Low rise, 7.5 in front rise on W27</li><li>Slim through hip and thigh, bootcut leg; inseam 32 in</li><li>Model is 5'8"" and wears W26</li><li>Machine wash cold, tumble dry low</li><li>Made in Bangladesh</li></ul>",Levi's,Apparel & Accessories > Clothing > Pants > Jeans,Jeans,"low rise, bootcut, y2k, stretch, category:Bottoms, subcategory:Jeans, department:women, style:y2k-retro, material:stretch denim, colorfamily:cool, colorfamily:pastel, color:light blue wash, color:faded denim, usecase:going out, usecase:festival outfits, usecase:layering with crop tops, occasion:night out, occasion:festival, occasion:weekend, fit:slim, season:spring, season:summer, season:fall, tier:mid, new",TRUE,Size,W26,,,,,fd-bot-02-w26,0,shopify,25,deny,manual,90.00,,TRUE,TRUE,,https://images.pexels.com/photos/19025524/pexels-photo-19025524.jpeg?auto=compress&cs=tinysrgb&w=1600,1,Levi's Superlow Bootcut Jeans,FALSE,Levi's Superlow Bootcut Jeans | Fold,"A properly low-rise jean that sits on the hips, slim through the thigh and kicking out into a bootcut flare at the hem. The light blue wash has a little stretch, faded highs on the thighs and a frayed-look hem, all very early-2000s without trying too hard. Wear it with a baby tee, a cropped zip-up and slim sneakers or ",,kg,,,active
levis-superlow-bootcut-jeans,,,,,,,,,W27,,,,,fd-bot-02-w27,0,shopify,25,deny,manual,90.00,,TRUE,TRUE,,,,,,,,,kg,,,
levis-superlow-bootcut-jeans,,,,,,,,,W28,,,,,fd-bot-02-w28,0,shopify,25,deny,manual,90.00,,TRUE,TRUE,,,,,,,,,kg,,,
levis-superlow-bootcut-jeans,,,,,,,,,W29,,,,,fd-bot-02-w29,0,shopify,25,deny,manual,90.00,,TRUE,TRUE,,,,,,,,,kg,,,
levis-superlow-bootcut-jeans,,,,,,,,,W30,,,,,fd-bot-02-w30,0,shopify,25,deny,manual,90.00,,TRUE,TRUE,,,,,,,,,kg,,,
levis-superlow-bootcut-jeans,,,,,,,,,W32,,,,,fd-bot-02-w32,0,shopify,25,deny,manual,90.00,,TRUE,TRUE,,,,,,,,,kg,,,
kapital-14oz-denim-monkey-cisco-jeans-black,14oz Denim Monkey Cisco Jeans (Black),"<p>Kapital's Monkey Cisco is a relaxed straight jean with a cinch-back, a curved patch pocket and the label's signature hand-stitched rainbow detailing on the back. This pair is 14 oz Japanese denim dyed with sulfur black and washed down to a smoky, uneven charcoal that fades at every seam. Heavy, moody and full of character, it sits as easily with a black leather jacket as with a patched chore coat.</p><ul><li>100% cotton Japanese denim, 14 oz, sulfur-dyed black</li><li>Relaxed straight fit with cinch-back belt; button fly</li><li>Hand-stitched back pocket detailing, no two exactly alike</li><li>Expect color to bleed for the first few washes; wash separately</li><li>Made in Kojima, Japan</li></ul>",Kapital,Apparel & Accessories > Clothing > Pants > Jeans,Jeans,"made in japan, sulfur dyed, cinch back, hand-stitched, category:Bottoms, subcategory:Jeans, department:unisex, style:heritage-workwear, style:dark-gothic, material:japanese denim, material:cotton, colorfamily:black, color:washed black, color:smoke charcoal, usecase:collecting, usecase:statement denim, usecase:all-black outfits, occasion:everyday, occasion:weekend, occasion:night out, fit:relaxed, season:all-season, tier:premium",TRUE,Size,W28,,,,,fd-bot-03-w28,0,shopify,25,deny,manual,290.00,,TRUE,TRUE,,https://images.pexels.com/photos/8774378/pexels-photo-8774378.jpeg?auto=compress&cs=tinysrgb&w=1600,1,Kapital 14oz Denim Monkey Cisco Jeans (Black),FALSE,Kapital 14oz Denim Monkey Cisco Jeans (Black) | Fold,"Kapital's Monkey Cisco is a relaxed straight jean with a cinch-back, a curved patch pocket and the label's signature hand-stitched rainbow detailing on the back. This pair is 14 oz Japanese denim dyed with sulfur black and washed down to a smoky, uneven charcoal that fades at every seam. Heavy, moody and full of charac",,kg,,,active
kapital-14oz-denim-monkey-cisco-jeans-black,,,,,,,,,W30,,,,,fd-bot-03-w30,0,shopify,25,deny,manual,290.00,,TRUE,TRUE,,,,,,,,,kg,,,
kapital-14oz-denim-monkey-cisco-jeans-black,,,,,,,,,W32,,,,,fd-bot-03-w32,0,shopify,0,deny,manual,290.00,,TRUE,TRUE,,,,,,,,,kg,,,
kapital-14oz-denim-monkey-cisco-jeans-black,,,,,,,,,W34,,,,,fd-bot-03-w34,0,shopify,25,deny,manual,290.00,,TRUE,TRUE,,,,,,,,,kg,,,
kapital-14oz-denim-monkey-cisco-jeans-black,,,,,,,,,W36,,,,,fd-bot-03-w36,0,shopify,25,deny,manual,290.00,,TRUE,TRUE,,,,,,,,,kg,,,
seom-drop-baggy-jeans,Drop Baggy Jeans,"<p>An extra-wide, low-slung jean that drops off the hips and pools over sneakers, cut in rigid 13 oz denim with a deep acid-wash and bleached-out knees. Oversized cargo-style back pockets and a slightly longer rise at the back keep it sitting low without slipping. Loud, baggy and very Seongsu, it wants a boxy graphic tee, a nylon jacket and chunky or slim retro sneakers.</p><ul><li>100% cotton rigid denim, 13 oz</li><li>Baggy fit with low rise; take your usual size and wear on the hips</li><li>Leg opening 23 in on W30; inseam 33 in</li><li>Model is 5'11"" and wears W30</li><li>Wash cold inside out; some bleach marks vary per pair</li><li>Made in South Korea</li></ul>",SEOM,Apparel & Accessories > Clothing > Pants > Jeans,Jeans,"baggy, acid wash, low rise, skater, category:Bottoms, subcategory:Jeans, department:unisex, style:streetwear, style:y2k-retro, material:cotton denim, colorfamily:cool, colorfamily:black, color:acid wash grey, color:bleached blue, usecase:skating, usecase:streetwear fits, usecase:everyday, occasion:everyday, occasion:weekend, occasion:campus, fit:oversized, season:all-season, tier:mid",TRUE,Size,W26,,,,,fd-bot-04-w26,0,shopify,25,deny,manual,135.00,,TRUE,TRUE,,https://images.pexels.com/photos/18419901/pexels-photo-18419901.jpeg?auto=compress&cs=tinysrgb&w=1600,1,SEOM Drop Baggy Jeans,FALSE,SEOM Drop Baggy Jeans | Fold,"An extra-wide, low-slung jean that drops off the hips and pools over sneakers, cut in rigid 13 oz denim with a deep acid-wash and bleached-out knees. Oversized cargo-style back pockets and a slightly longer rise at the back keep it sitting low without slipping. Loud, baggy and very Seongsu, it wants a boxy graphic tee,",,kg,,,active
seom-drop-baggy-jeans,,,,,,,,,W28,,,,,fd-bot-04-w28,0,shopify,25,deny,manual,135.00,,TRUE,TRUE,,,,,,,,,kg,,,
seom-drop-baggy-jeans,,,,,,,,,W30,,,,,fd-bot-04-w30,0,shopify,25,deny,manual,135.00,,TRUE,TRUE,,,,,,,,,kg,,,
seom-drop-baggy-jeans,,,,,,,,,W32,,,,,fd-bot-04-w32,0,shopify,25,deny,manual,135.00,,TRUE,TRUE,,,,,,,,,kg,,,
seom-drop-baggy-jeans,,,,,,,,,W34,,,,,fd-bot-04-w34,0,shopify,0,deny,manual,135.00,,TRUE,TRUE,,,,,,,,,kg,,,
seom-drop-baggy-jeans,,,,,,,,,W36,,,,,fd-bot-04-w36,0,shopify,25,deny,manual,135.00,,TRUE,TRUE,,,,,,,,,kg,,,
asche-spree-straight-jeans,Spree Straight Jeans,"<p>A narrow straight jean in Italian stretch-free denim, garment-dyed black and stone-washed until it turns a soft, uneven graphite. Matte black hardware, a single silver ring at the coin pocket and a long inseam meant to break and stack over boots. Moody and severe, it is built to sit under a long coat or a washed leather jacket with heavy boots.</p><ul><li>100% cotton Italian denim, 13.5 oz, garment-dyed</li><li>Straight leg with a slightly narrow opening; inseam 34 in to stack over boots</li><li>Matte black shank button and rivets, sterling silver pocket ring</li><li>Wash cold inside out with dark colors</li><li>Cut and sewn in Berlin</li></ul>",Asche,Apparel & Accessories > Clothing > Pants > Jeans,Jeans,"garment dyed, washed black, made in germany, long inseam, category:Bottoms, subcategory:Jeans, department:men, style:dark-gothic, material:cotton denim, material:sterling silver, colorfamily:black, color:washed black, color:graphite, usecase:all-black outfits, usecase:pairing with boots, usecase:concerts, occasion:night out, occasion:everyday, occasion:date night, fit:slim, season:fall, season:winter, season:spring, tier:mid",TRUE,Size,W28,,,,,fd-bot-05-w28,0,shopify,25,deny,manual,195.00,,TRUE,TRUE,,https://images.pexels.com/photos/20220693/pexels-photo-20220693.jpeg?auto=compress&cs=tinysrgb&w=1600,1,Asche Spree Straight Jeans,FALSE,Asche Spree Straight Jeans | Fold,"A narrow straight jean in Italian stretch-free denim, garment-dyed black and stone-washed until it turns a soft, uneven graphite. Matte black hardware, a single silver ring at the coin pocket and a long inseam meant to break and stack over boots. Moody and severe, it is built to sit under a long coat or a washed leathe",,kg,,,active
asche-spree-straight-jeans,,,,,,,,,W30,,,,,fd-bot-05-w30,0,shopify,25,deny,manual,195.00,,TRUE,TRUE,,,,,,,,,kg,,,
asche-spree-straight-jeans,,,,,,,,,W32,,,,,fd-bot-05-w32,0,shopify,25,deny,manual,195.00,,TRUE,TRUE,,,,,,,,,kg,,,
asche-spree-straight-jeans,,,,,,,,,W34,,,,,fd-bot-05-w34,0,shopify,25,deny,manual,195.00,,TRUE,TRUE,,,,,,,,,kg,,,
asche-spree-straight-jeans,,,,,,,,,W36,,,,,fd-bot-05-w36,0,shopify,0,deny,manual,195.00,,TRUE,TRUE,,,,,,,,,kg,,,
asche-spree-straight-jeans,,,,,,,,,W38,,,,,fd-bot-05-w38,0,shopify,25,deny,manual,195.00,,TRUE,TRUE,,,,,,,,,kg,,,
arket-wide-leg-jeans-ecru,Wide Leg Jeans (Ecru),"<p>A high-waisted, wide-leg jean in undyed ecru denim with clean seams, no distressing and a slightly cropped length that shows a little ankle. The rigid organic cotton softens over a few wears and keeps its sharp, column-like shape. Quiet and easy, it pairs with a navy knit, a white poplin shirt or loafers and a long wool coat.</p><ul><li>100% organic cotton rigid denim, 12 oz</li><li>High rise, wide leg; inseam 29 in (cropped)</li><li>Zip fly, five pockets, tonal stitching</li><li>Model is 5'9"" and wears W27</li><li>Wash at 40°C with light colors</li><li>Made in Turkey</li></ul>",Arket,Apparel & Accessories > Clothing > Pants > Jeans,Jeans,"organic cotton, high rise, wide leg, undyed, category:Bottoms, subcategory:Jeans, department:women, style:quiet-minimal, material:organic cotton denim, colorfamily:neutral, colorfamily:white, color:ecru, color:undyed cream, usecase:office outfits, usecase:everyday, usecase:minimal capsule, occasion:everyday, occasion:office, occasion:weekend, fit:relaxed, season:spring, season:summer, season:fall, tier:mid",TRUE,Size,W26,,,,,fd-bot-06-w26,0,shopify,25,deny,manual,90.00,,TRUE,TRUE,,https://images.pexels.com/photos/34977359/pexels-photo-34977359.jpeg?auto=compress&cs=tinysrgb&w=1600,1,Arket Wide Leg Jeans (Ecru),FALSE,Arket Wide Leg Jeans (Ecru) | Fold,"A high-waisted, wide-leg jean in undyed ecru denim with clean seams, no distressing and a slightly cropped length that shows a little ankle. The rigid organic cotton softens over a few wears and keeps its sharp, column-like shape. Quiet and easy, it pairs with a navy knit, a white poplin shirt or loafers and a long woo",,kg,,,active
arket-wide-leg-jeans-ecru,,,,,,,,,W27,,,,,fd-bot-06-w27,0,shopify,25,deny,manual,90.00,,TRUE,TRUE,,,,,,,,,kg,,,
arket-wide-leg-jeans-ecru,,,,,,,,,W28,,,,,fd-bot-06-w28,0,shopify,25,deny,manual,90.00,,TRUE,TRUE,,,,,,,,,kg,,,
arket-wide-leg-jeans-ecru,,,,,,,,,W29,,,,,fd-bot-06-w29,0,shopify,25,deny,manual,90.00,,TRUE,TRUE,,,,,,,,,kg,,,
arket-wide-leg-jeans-ecru,,,,,,,,,W30,,,,,fd-bot-06-w30,0,shopify,25,deny,manual,90.00,,TRUE,TRUE,,,,,,,,,kg,,,
arket-wide-leg-jeans-ecru,,,,,,,,,W32,,,,,fd-bot-06-w32,0,shopify,25,deny,manual,90.00,,TRUE,TRUE,,,,,,,,,kg,,,
carhartt-wip-landon-pant,Landon Pant,"<p>A loose, baggy five-pocket jean in 13.5 oz Smith denim with a wide straight leg and a low crotch that drapes over sneakers. Washed in a pale stone blue, it carries the square Carhartt WIP label on the back pocket and has the easy, slouchy shape that skaters lean on. Throw it on with a heavyweight hoodie, a Detroit jacket or a boxy tee.</p><ul><li>100% cotton 'Smith' denim, 13.5 oz</li><li>Loose fit, wide straight leg; inseam 32 in</li><li>Zip fly, five pockets, back-pocket square label</li><li>Model is 6'0"" and wears W32</li><li>Machine wash cold inside out</li><li>Made in Tunisia</li></ul>",Carhartt WIP,Apparel & Accessories > Clothing > Pants > Jeans,Jeans,"baggy, skate, stone washed, loose fit, category:Bottoms, subcategory:Jeans, department:men, style:streetwear, material:cotton denim, colorfamily:cool, color:blue stone washed, color:pale indigo, usecase:skating, usecase:everyday, usecase:streetwear fits, occasion:everyday, occasion:weekend, occasion:campus, fit:oversized, season:all-season, tier:mid",TRUE,Size,W28,,,,,fd-bot-07-w28,0,shopify,25,deny,manual,125.00,,TRUE,TRUE,,https://images.pexels.com/photos/10400987/pexels-photo-10400987.jpeg?auto=compress&cs=tinysrgb&w=1600,1,Carhartt WIP Landon Pant,FALSE,Carhartt WIP Landon Pant | Fold,"A loose, baggy five-pocket jean in 13.5 oz Smith denim with a wide straight leg and a low crotch that drapes over sneakers. Washed in a pale stone blue, it carries the square Carhartt WIP label on the back pocket and has the easy, slouchy shape that skaters lean on. Throw it on with a heavyweight hoodie, a Detroit jack",,kg,,,active
carhartt-wip-landon-pant,,,,,,,,,W30,,,,,fd-bot-07-w30,0,shopify,25,deny,manual,125.00,,TRUE,TRUE,,,,,,,,,kg,,,
carhartt-wip-landon-pant,,,,,,,,,W32,,,,,fd-bot-07-w32,0,shopify,25,deny,manual,125.00,,TRUE,TRUE,,,,,,,,,kg,,,
carhartt-wip-landon-pant,,,,,,,,,W34,,,,,fd-bot-07-w34,0,shopify,25,deny,manual,125.00,,TRUE,TRUE,,,,,,,,,kg,,,
carhartt-wip-landon-pant,,,,,,,,,W36,,,,,fd-bot-07-w36,0,shopify,25,deny,manual,125.00,,TRUE,TRUE,,,,,,,,,kg,,,
carhartt-wip-landon-pant,,,,,,,,,W38,,,,,fd-bot-07-w38,0,shopify,25,deny,manual,125.00,,TRUE,TRUE,,,,,,,,,kg,,,
carhartt-wip-double-knee-pant,Double Knee Pant,"<p>The workwear pant that crossed over: a straight, roomy leg in stiff 12 oz Dearborn canvas with a reinforced double layer at the knees, a hammer loop and a tool pocket on the thigh. It starts out boardy and breaks in to fade along every crease. Rugged and utilitarian, it goes with a Detroit jacket and boots on site, or a hoodie and skate shoes in town.</p><ul><li>100% organic cotton 'Dearborn' canvas, 12 oz</li><li>Relaxed straight fit; double-layer knee with utility pocket</li><li>Hammer loop, triple-stitched seams, zip fly</li><li>Model is 6'0"" and wears W32 L32</li><li>Wash cold; expect natural fading at seams</li><li>Made in Tunisia</li></ul>",Carhartt WIP,Apparel & Accessories > Clothing > Pants > Trousers,Trousers,"double knee, canvas, organic cotton, breaks in, category:Bottoms, subcategory:Trousers, department:men, style:heritage-workwear, style:streetwear, material:cotton canvas, colorfamily:earth, color:hamilton brown rinsed, color:black rinsed, color:dusty brown, usecase:workwear, usecase:skating, usecase:daily wear, occasion:everyday, occasion:weekend, occasion:commute, fit:relaxed, season:all-season, tier:mid, bestseller",TRUE,Size,W28,,,,,fd-bot-08-w28,0,shopify,25,deny,manual,135.00,,TRUE,TRUE,,https://images.pexels.com/photos/16975351/pexels-photo-16975351.jpeg?auto=compress&cs=tinysrgb&w=1600,1,Carhartt WIP Double Knee Pant,FALSE,Carhartt WIP Double Knee Pant | Fold,"The workwear pant that crossed over: a straight, roomy leg in stiff 12 oz Dearborn canvas with a reinforced double layer at the knees, a hammer loop and a tool pocket on the thigh. It starts out boardy and breaks in to fade along every crease. Rugged and utilitarian, it goes with a Detroit jacket and boots on site, or ",,kg,,,active
carhartt-wip-double-knee-pant,,,,,,,,,W30,,,,,fd-bot-08-w30,0,shopify,25,deny,manual,135.00,,TRUE,TRUE,,,,,,,,,kg,,,
carhartt-wip-double-knee-pant,,,,,,,,,W32,,,,,fd-bot-08-w32,0,shopify,25,deny,manual,135.00,,TRUE,TRUE,,,,,,,,,kg,,,
carhartt-wip-double-knee-pant,,,,,,,,,W34,,,,,fd-bot-08-w34,0,shopify,0,deny,manual,135.00,,TRUE,TRUE,,,,,,,,,kg,,,
carhartt-wip-double-knee-pant,,,,,,,,,W36,,,,,fd-bot-08-w36,0,shopify,25,deny,manual,135.00,,TRUE,TRUE,,,,,,,,,kg,,,
carhartt-wip-double-knee-pant,,,,,,,,,W38,,,,,fd-bot-08-w38,0,shopify,25,deny,manual,135.00,,TRUE,TRUE,,,,,,,,,kg,,,
burnside-canvas-tillamook-ripstop-double-knee-pant,Tillamook Ripstop Double-Knee Pant,"<p>A lighter take on the work pant, cut from a dense cotton-nylon ripstop that sheds brush and dries fast, with a double-layer knee, gusseted crotch and a deep zip cargo pocket on the right thigh. The olive is garment-dyed so it fades softly at the edges, and the ankle has a hidden drawcord to cinch over trail shoes. Tough enough for a day of clearing trail, plain enough for the city, it suits a fleece and a waxed cap.</p><ul><li>65% cotton, 35% nylon ripstop, 7.5 oz; DWR finish</li><li>Relaxed fit with gusseted crotch and double-layer knee</li><li>Zip thigh cargo pocket, hammer loop, ankle drawcords</li><li>Unisex sizing; women typically size down one</li><li>Machine wash cold, line dry; free repairs for life</li><li>Made in Portland, Oregon</li></ul>",Burnside Canvas,Apparel & Accessories > Clothing > Pants > Trousers,Trousers,"ripstop, double knee, made in usa, repairable, garment dyed, category:Bottoms, subcategory:Trousers, department:unisex, style:heritage-workwear, style:gorpcore-outdoor, material:cotton-nylon ripstop, colorfamily:earth, color:olive, color:tobacco brown, usecase:trail days, usecase:workshop, usecase:travel, occasion:hiking, occasion:camping, occasion:everyday, fit:relaxed, season:spring, season:summer, season:fall, tier:mid, new",TRUE,Size,XS,,,,,fd-bot-09-xs,0,shopify,25,deny,manual,165.00,,TRUE,TRUE,,https://images.pexels.com/photos/31667159/pexels-photo-31667159.jpeg?auto=compress&cs=tinysrgb&w=1600,1,Burnside Canvas Tillamook Ripstop Double-Knee Pant,FALSE,Burnside Canvas Tillamook Ripstop Double-Knee Pant | Fold,"A lighter take on the work pant, cut from a dense cotton-nylon ripstop that sheds brush and dries fast, with a double-layer knee, gusseted crotch and a deep zip cargo pocket on the right thigh. The olive is garment-dyed so it fades softly at the edges, and the ankle has a hidden drawcord to cinch over trail shoes. Toug",,kg,,,active
burnside-canvas-tillamook-ripstop-double-knee-pant,,,,,,,,,S,,,,,fd-bot-09-s,0,shopify,25,deny,manual,165.00,,TRUE,TRUE,,,,,,,,,kg,,,
burnside-canvas-tillamook-ripstop-double-knee-pant,,,,,,,,,M,,,,,fd-bot-09-m,0,shopify,25,deny,manual,165.00,,TRUE,TRUE,,,,,,,,,kg,,,
burnside-canvas-tillamook-ripstop-double-knee-pant,,,,,,,,,L,,,,,fd-bot-09-l,0,shopify,25,deny,manual,165.00,,TRUE,TRUE,,,,,,,,,kg,,,
burnside-canvas-tillamook-ripstop-double-knee-pant,,,,,,,,,XL,,,,,fd-bot-09-xl,0,shopify,25,deny,manual,165.00,,TRUE,TRUE,,,,,,,,,kg,,,
snow-peak-takibi-pants,TAKIBI Pants,"<p>Built for sitting close to a campfire, these relaxed trousers are made from Snow Peak's flame-resistant TAKIBI fabric, a tight cotton-aramid weave that shrugs off sparks and embers. They have a wide tapered leg, an elastic-backed waist with a belt and a deep cargo pocket, and they wash down to a soft matte khaki. Quietly technical, they look as right in town with a shell and boots as they do at camp.</p><ul><li>Flame-resistant TAKIBI fabric: 87% cotton, 13% aramid</li><li>Relaxed tapered fit, elastic back waist with webbing belt</li><li>Two side pockets, two back pockets, one cargo pocket</li><li>Unisex Japanese sizing; check the size chart</li><li>Machine wash cold, hang dry</li><li>Made in China, designed in Niigata</li></ul>",Snow Peak,Apparel & Accessories > Clothing > Pants > Trousers,Trousers,"flame resistant, camp, technical, japanese design, category:Bottoms, subcategory:Trousers, department:unisex, style:gorpcore-outdoor, material:cotton, material:aramid, colorfamily:earth, colorfamily:neutral, color:khaki, color:olive, color:black, usecase:camping, usecase:campfire cooking, usecase:travel, occasion:camping, occasion:hiking, occasion:weekend, fit:relaxed, season:spring, season:fall, season:winter, tier:premium",TRUE,Size,S,,,,,fd-bot-10-s,0,shopify,0,deny,manual,260.00,,TRUE,TRUE,,https://images.pexels.com/photos/16153421/pexels-photo-16153421.jpeg?auto=compress&cs=tinysrgb&w=1600,1,Snow Peak TAKIBI Pants,FALSE,Snow Peak TAKIBI Pants | Fold,"Built for sitting close to a campfire, these relaxed trousers are made from Snow Peak's flame-resistant TAKIBI fabric, a tight cotton-aramid weave that shrugs off sparks and embers. They have a wide tapered leg, an elastic-backed waist with a belt and a deep cargo pocket, and they wash down to a soft matte khaki. Quiet",,kg,,,active
snow-peak-takibi-pants,,,,,,,,,M,,,,,fd-bot-10-m,0,shopify,25,deny,manual,260.00,,TRUE,TRUE,,,,,,,,,kg,,,
snow-peak-takibi-pants,,,,,,,,,L,,,,,fd-bot-10-l,0,shopify,25,deny,manual,260.00,,TRUE,TRUE,,,,,,,,,kg,,,
snow-peak-takibi-pants,,,,,,,,,XL,,,,,fd-bot-10-xl,0,shopify,25,deny,manual,260.00,,TRUE,TRUE,,,,,,,,,kg,,,
seom-static-nylon-cargo-pants,Static Nylon Cargo Pants,"<p>A low-rise parachute cargo in crinkly nylon taffeta with oversized bellows pockets, toggle drawcords at the hem and a reflective SEOM wordmark on the back of the knee. The wide leg balloons and swishes as you walk, and the drawstring waist sits right on the hips. Loud and a bit early-2000s, it suits a baby tee or a cropped puffer and slim retro sneakers.</p><ul><li>100% nylon taffeta shell, mesh-lined pockets</li><li>Low rise, drawstring waist with elastic back</li><li>Oversized fit with toggle hems to shape the leg</li><li>Model is 5'7"" and wears S</li><li>Machine wash cold, hang dry</li><li>Made in South Korea</li></ul>",SEOM,Apparel & Accessories > Clothing > Pants > Trousers,Trousers,"parachute pants, cargo, low rise, nylon, reflective, category:Bottoms, subcategory:Trousers, department:women, style:streetwear, style:y2k-retro, material:nylon, colorfamily:black, colorfamily:cool, color:black, color:silver grey, color:baby blue, usecase:festival outfits, usecase:dancing, usecase:streetwear fits, occasion:festival, occasion:night out, occasion:campus, fit:oversized, season:spring, season:summer, season:fall, tier:mid",TRUE,Size,XS,,,,,fd-bot-11-xs,0,shopify,25,deny,manual,145.00,180.00,TRUE,TRUE,,https://images.pexels.com/photos/16930843/pexels-photo-16930843.jpeg?auto=compress&cs=tinysrgb&w=1600,1,SEOM Static Nylon Cargo Pants,FALSE,SEOM Static Nylon Cargo Pants | Fold,"A low-rise parachute cargo in crinkly nylon taffeta with oversized bellows pockets, toggle drawcords at the hem and a reflective SEOM wordmark on the back of the knee. The wide leg balloons and swishes as you walk, and the drawstring waist sits right on the hips. Loud and a bit early-2000s, it suits a baby tee or a cro",,kg,,,active
seom-static-nylon-cargo-pants,,,,,,,,,S,,,,,fd-bot-11-s,0,shopify,25,deny,manual,145.00,180.00,TRUE,TRUE,,,,,,,,,kg,,,
seom-static-nylon-cargo-pants,,,,,,,,,M,,,,,fd-bot-11-m,0,shopify,25,deny,manual,145.00,180.00,TRUE,TRUE,,,,,,,,,kg,,,
seom-static-nylon-cargo-pants,,,,,,,,,L,,,,,fd-bot-11-l,0,shopify,25,deny,manual,145.00,180.00,TRUE,TRUE,,,,,,,,,kg,,,
seom-static-nylon-cargo-pants,,,,,,,,,XL,,,,,fd-bot-11-xl,0,shopify,25,deny,manual,145.00,180.00,TRUE,TRUE,,,,,,,,,kg,,,
studio-nicholson-sorte-pleated-wide-trousers-linen,Sorte Pleated Wide Trousers (Linen),"<p>Studio Nicholson's Sorte is a deep double-pleated trouser with a high waist and a full, wide leg that falls straight to the floor. This version is a crisp Italian linen-cotton in a pale sand, with a hook-and-bar fly and clean side-seam pockets. Relaxed, considered and entirely logo-free, it works with a boxy poplin shirt, a fine knit or a simple tee and leather slides.</p><ul><li>55% linen, 45% cotton, woven in Italy</li><li>High waist, double front pleats, wide straight leg</li><li>Hook-and-bar and zip fly; side-seam and back welt pockets</li><li>Model is 5'10"" and wears XS; generous through the hip</li><li>Dry clean or hand wash cold</li><li>Made in Portugal</li></ul>",Studio Nicholson,Apparel & Accessories > Clothing > Pants > Trousers,Trousers,"pleated, wide leg, italian fabric, no logo, category:Bottoms, subcategory:Trousers, department:women, style:quiet-minimal, material:linen, material:cotton, colorfamily:neutral, color:sand, color:ecru, color:navy, usecase:office outfits, usecase:summer tailoring, usecase:travel, occasion:office, occasion:everyday, occasion:date night, fit:relaxed, season:spring, season:summer, tier:premium",TRUE,Size,XS,,,,,fd-bot-12-xs,0,shopify,25,deny,manual,320.00,,TRUE,TRUE,,https://images.pexels.com/photos/5393448/pexels-photo-5393448.jpeg?auto=compress&cs=tinysrgb&w=1600,1,Studio Nicholson Sorte Pleated Wide Trousers (Linen),FALSE,Studio Nicholson Sorte Pleated Wide Trousers (Linen) | Fold,"Studio Nicholson's Sorte is a deep double-pleated trouser with a high waist and a full, wide leg that falls straight to the floor. This version is a crisp Italian linen-cotton in a pale sand, with a hook-and-bar fly and clean side-seam pockets. Relaxed, considered and entirely logo-free, it works with a boxy poplin shi",,kg,,,active
studio-nicholson-sorte-pleated-wide-trousers-linen,,,,,,,,,S,,,,,fd-bot-12-s,0,shopify,25,deny,manual,320.00,,TRUE,TRUE,,,,,,,,,kg,,,
studio-nicholson-sorte-pleated-wide-trousers-linen,,,,,,,,,M,,,,,fd-bot-12-m,0,shopify,25,deny,manual,320.00,,TRUE,TRUE,,,,,,,,,kg,,,
studio-nicholson-sorte-pleated-wide-trousers-linen,,,,,,,,,L,,,,,fd-bot-12-l,0,shopify,25,deny,manual,320.00,,TRUE,TRUE,,,,,,,,,kg,,,
studio-nicholson-sorte-pleated-wide-trousers-linen,,,,,,,,,XL,,,,,fd-bot-12-xl,0,shopify,0,deny,manual,320.00,,TRUE,TRUE,,,,,,,,,kg,,,
soller-deia-linen-drawstring-trousers,Deià Linen Drawstring Trousers,"<p>Loose, breezy pull-on trousers in washed Mallorcan-weight linen, with a wide drawstring waist and a long, swishy leg that catches the wind. They are softened in the wash and sun-faded to a chalky white that creases beautifully. Made for hot days and salt air, they go with a striped tee, a raffia bag and espadrilles.</p><ul><li>100% European linen, 190 gsm, stone washed</li><li>Mid rise, elasticated drawstring waist</li><li>Relaxed wide leg; inseam 31 in</li><li>Model is 5'8"" and wears S</li><li>Machine wash 30°C; best line dried</li><li>Made in Spain</li></ul>",Sóller,Apparel & Accessories > Clothing > Pants > Trousers,Trousers,"linen, pull-on, made in spain, resort, category:Bottoms, subcategory:Trousers, department:women, style:coastal-resort, style:quiet-minimal, material:linen, colorfamily:white, colorfamily:neutral, color:chalk white, color:sand, color:sky blue, usecase:vacation, usecase:hot weather, usecase:beach to dinner, occasion:beach, occasion:travel, occasion:weekend, fit:relaxed, season:spring, season:summer, tier:mid",TRUE,Size,XS,,,,,fd-bot-13-xs,0,shopify,25,deny,manual,140.00,,TRUE,TRUE,,https://images.pexels.com/photos/38288302/pexels-photo-38288302.jpeg?auto=compress&cs=tinysrgb&w=1600,1,Sóller Deià Linen Drawstring Trousers,FALSE,Sóller Deià Linen Drawstring Trousers | Fold,"Loose, breezy pull-on trousers in washed Mallorcan-weight linen, with a wide drawstring waist and a long, swishy leg that catches the wind. They are softened in the wash and sun-faded to a chalky white that creases beautifully. Made for hot days and salt air, they go with a striped tee, a raffia bag and espadrilles.",,kg,,,active
soller-deia-linen-drawstring-trousers,,,,,,,,,S,,,,,fd-bot-13-s,0,shopify,25,deny,manual,140.00,,TRUE,TRUE,,,,,,,,,kg,,,
soller-deia-linen-drawstring-trousers,,,,,,,,,M,,,,,fd-bot-13-m,0,shopify,25,deny,manual,140.00,,TRUE,TRUE,,,,,,,,,kg,,,
soller-deia-linen-drawstring-trousers,,,,,,,,,L,,,,,fd-bot-13-l,0,shopify,25,deny,manual,140.00,,TRUE,TRUE,,,,,,,,,kg,,,
soller-deia-linen-drawstring-trousers,,,,,,,,,XL,,,,,fd-bot-13-xl,0,shopify,25,deny,manual,140.00,,TRUE,TRUE,,,,,,,,,kg,,,
adidas-adicolor-classics-firebird-track-pants,Adicolor Classics Firebird Track Pants,"<p>The Firebird track pant in shiny recycled tricot, with the 3-Stripes running down each leg, a slim tapered cut and zips at the ankle. It is soft and smooth on the inside with a bit of stretch, and the black with white stripes looks straight off a 90s terrace. Sporty and retro, it pairs with the matching track top, Sambas and a plain white tee.</p><ul><li>100% recycled polyester tricot</li><li>Slim tapered fit, elastic waist with drawcord</li><li>Zip side pockets and ankle zips</li><li>Model is 6'1"" and wears M</li><li>Machine wash cold, do not tumble dry</li><li>Made in Cambodia</li></ul>",Adidas,Apparel & Accessories > Clothing > Pants > Trousers,Trousers,"track pants, 3-stripes, recycled, retro, category:Bottoms, subcategory:Trousers, department:men, style:athletic, style:y2k-retro, material:recycled polyester tricot, colorfamily:black, colorfamily:white, color:black, color:white stripes, color:navy, usecase:warm-ups, usecase:lounging, usecase:terrace fits, occasion:gym, occasion:everyday, occasion:campus, fit:slim, season:all-season, tier:mid",TRUE,Size,S,,,,,fd-bot-14-s,0,shopify,25,deny,manual,80.00,95.00,TRUE,TRUE,,https://images.pexels.com/photos/19989374/pexels-photo-19989374.jpeg?auto=compress&cs=tinysrgb&w=1600,1,Adidas Adicolor Classics Firebird Track Pants,FALSE,Adidas Adicolor Classics Firebird Track Pants | Fold,"The Firebird track pant in shiny recycled tricot, with the 3-Stripes running down each leg, a slim tapered cut and zips at the ankle. It is soft and smooth on the inside with a bit of stretch, and the black with white stripes looks straight off a 90s terrace. Sporty and retro, it pairs with the matching track top, Samb",,kg,,,active
adidas-adicolor-classics-firebird-track-pants,,,,,,,,,M,,,,,fd-bot-14-m,0,shopify,25,deny,manual,80.00,95.00,TRUE,TRUE,,,,,,,,,kg,,,
adidas-adicolor-classics-firebird-track-pants,,,,,,,,,L,,,,,fd-bot-14-l,0,shopify,25,deny,manual,80.00,95.00,TRUE,TRUE,,,,,,,,,kg,,,
adidas-adicolor-classics-firebird-track-pants,,,,,,,,,XL,,,,,fd-bot-14-xl,0,shopify,25,deny,manual,80.00,95.00,TRUE,TRUE,,,,,,,,,kg,,,
adidas-adicolor-classics-firebird-track-pants,,,,,,,,,XXL,,,,,fd-bot-14-xxl,0,shopify,0,deny,manual,80.00,95.00,TRUE,TRUE,,,,,,,,,kg,,,
cranmore-wickford-pleated-chinos,Wickford Pleated Chinos,"<p>A proper single-pleat chino in a dense, garment-washed cotton twill, high in the rise with a roomy thigh that tapers to a cuffed hem. The stone color has the faint chalkiness of trousers that have been around a campus for years. Crisp but easy, it goes with an oxford shirt, a cable crewneck and penny loafers.</p><ul><li>100% cotton twill, 9.5 oz, garment washed</li><li>Mid-high rise, single forward pleat, tapered leg</li><li>1.5 in turn-up cuff; side and button-through back pockets</li><li>Model is 6'0"" and wears W32</li><li>Machine wash cold, warm iron</li><li>Made in Portugal</li></ul>",Cranmore,Apparel & Accessories > Clothing > Pants > Trousers,Trousers,"chinos, pleated, cuffed, ivy, category:Bottoms, subcategory:Trousers, department:men, style:preppy-ivy, style:quiet-minimal, material:cotton twill, colorfamily:neutral, color:stone, color:navy, color:olive, usecase:campus, usecase:office outfits, usecase:weekend, occasion:office, occasion:campus, occasion:weekend, fit:regular, season:all-season, tier:mid",TRUE,Size,W28,,,,,fd-bot-15-w28,0,shopify,25,deny,manual,165.00,,TRUE,TRUE,,https://images.pexels.com/photos/31918835/pexels-photo-31918835.jpeg?auto=compress&cs=tinysrgb&w=1600,1,Cranmore Wickford Pleated Chinos,FALSE,Cranmore Wickford Pleated Chinos | Fold,"A proper single-pleat chino in a dense, garment-washed cotton twill, high in the rise with a roomy thigh that tapers to a cuffed hem. The stone color has the faint chalkiness of trousers that have been around a campus for years. Crisp but easy, it goes with an oxford shirt, a cable crewneck and penny loafers.",,kg,,,active
cranmore-wickford-pleated-chinos,,,,,,,,,W30,,,,,fd-bot-15-w30,0,shopify,25,deny,manual,165.00,,TRUE,TRUE,,,,,,,,,kg,,,
cranmore-wickford-pleated-chinos,,,,,,,,,W32,,,,,fd-bot-15-w32,0,shopify,25,deny,manual,165.00,,TRUE,TRUE,,,,,,,,,kg,,,
cranmore-wickford-pleated-chinos,,,,,,,,,W34,,,,,fd-bot-15-w34,0,shopify,25,deny,manual,165.00,,TRUE,TRUE,,,,,,,,,kg,,,
cranmore-wickford-pleated-chinos,,,,,,,,,W36,,,,,fd-bot-15-w36,0,shopify,25,deny,manual,165.00,,TRUE,TRUE,,,,,,,,,kg,,,
cranmore-wickford-pleated-chinos,,,,,,,,,W38,,,,,fd-bot-15-w38,0,shopify,25,deny,manual,165.00,,TRUE,TRUE,,,,,,,,,kg,,,
patagonia-baggies-shorts-5,"Baggies Shorts 5""","<p>The do-everything short: quick-drying recycled nylon with a DWR finish, a mesh liner and an elastic drawcord waist, so it goes from river to trail to beach bar without changing. The 5-inch inseam and bright, slightly faded colors give it its sun-bleached seventies look. Wear it with a tee and sandals for camp or a linen shirt by the sea.</p><ul><li>100% recycled nylon with DWR finish</li><li>5 in inseam, mesh liner, elastic waist with drawcord</li><li>Two side pockets, one snap back pocket</li><li>Model is 6'0"" and wears M</li><li>Machine wash cold, line dry</li><li>Fair Trade Certified sewn, made in Vietnam</li></ul>",Patagonia,Apparel & Accessories > Clothing > Shorts,Shorts,"quick dry, recycled, swim ready, fair trade, category:Bottoms, subcategory:Shorts, department:men, style:gorpcore-outdoor, style:coastal-resort, material:recycled nylon, colorfamily:bold, colorfamily:earth, color:tidepool blue, color:fatigue green, color:sunset orange, usecase:swimming, usecase:hiking, usecase:vacation, occasion:beach, occasion:hiking, occasion:camping, fit:regular, season:spring, season:summer, tier:budget, bestseller",TRUE,Size,S,,,,,fd-bot-16-s,0,shopify,0,deny,manual,65.00,,TRUE,TRUE,,https://images.pexels.com/photos/11082618/pexels-photo-11082618.jpeg?auto=compress&cs=tinysrgb&w=1600,1,"Patagonia Baggies Shorts 5""",FALSE,"Patagonia Baggies Shorts 5"" | Fold","The do-everything short: quick-drying recycled nylon with a DWR finish, a mesh liner and an elastic drawcord waist, so it goes from river to trail to beach bar without changing. The 5-inch inseam and bright, slightly faded colors give it its sun-bleached seventies look. Wear it with a tee and sandals for camp or a line",,kg,,,active
patagonia-baggies-shorts-5,,,,,,,,,M,,,,,fd-bot-16-m,0,shopify,25,deny,manual,65.00,,TRUE,TRUE,,,,,,,,,kg,,,
patagonia-baggies-shorts-5,,,,,,,,,L,,,,,fd-bot-16-l,0,shopify,25,deny,manual,65.00,,TRUE,TRUE,,,,,,,,,kg,,,
patagonia-baggies-shorts-5,,,,,,,,,XL,,,,,fd-bot-16-xl,0,shopify,25,deny,manual,65.00,,TRUE,TRUE,,,,,,,,,kg,,,
patagonia-baggies-shorts-5,,,,,,,,,XXL,,,,,fd-bot-16-xxl,0,shopify,25,deny,manual,65.00,,TRUE,TRUE,,,,,,,,,kg,,,
nike-tempo-running-shorts,Tempo Running Shorts,"<p>Lightweight Dri-FIT running shorts with a 3-inch inseam, split side hems and a built-in brief, so they move with you on intervals and long runs. The white ones have a contrast trim and a small Swoosh, and they look as good with a crop tee at the track as with an oversized sweatshirt on the way to brunch. Breathable and sporty.</p><ul><li>100% recycled polyester Dri-FIT</li><li>3 in inseam, built-in brief, split side hems</li><li>Elastic waist with internal drawcord and key pocket</li><li>Model is 5'7"" and wears S</li><li>Machine wash cold</li><li>Made in Vietnam</li></ul>",Nike,Apparel & Accessories > Clothing > Shorts,Shorts,"running, dri-fit, lined, lightweight, category:Bottoms, subcategory:Shorts, department:women, style:athletic, material:recycled polyester, colorfamily:white, colorfamily:bold, color:white, color:black, color:hyper pink, usecase:running, usecase:training, usecase:summer errands, occasion:running, occasion:gym, occasion:everyday, fit:regular, season:spring, season:summer, tier:budget",TRUE,Size,XS,,,,,fd-bot-17-xs,0,shopify,25,deny,manual,40.00,,TRUE,TRUE,,https://images.pexels.com/photos/30531692/pexels-photo-30531692.jpeg?auto=compress&cs=tinysrgb&w=1600,1,Nike Tempo Running Shorts,FALSE,Nike Tempo Running Shorts | Fold,"Lightweight Dri-FIT running shorts with a 3-inch inseam, split side hems and a built-in brief, so they move with you on intervals and long runs. The white ones have a contrast trim and a small Swoosh, and they look as good with a crop tee at the track as with an oversized sweatshirt on the way to brunch. Breathable and",,kg,,,active
nike-tempo-running-shorts,,,,,,,,,S,,,,,fd-bot-17-s,0,shopify,25,deny,manual,40.00,,TRUE,TRUE,,,,,,,,,kg,,,
nike-tempo-running-shorts,,,,,,,,,M,,,,,fd-bot-17-m,0,shopify,25,deny,manual,40.00,,TRUE,TRUE,,,,,,,,,kg,,,
nike-tempo-running-shorts,,,,,,,,,L,,,,,fd-bot-17-l,0,shopify,25,deny,manual,40.00,,TRUE,TRUE,,,,,,,,,kg,,,
nike-tempo-running-shorts,,,,,,,,,XL,,,,,fd-bot-17-xl,0,shopify,25,deny,manual,40.00,,TRUE,TRUE,,,,,,,,,kg,,,
new-balance-rc-shorts-5,"RC Shorts 5""","<p>New Balance's race-day short in a soft, featherweight woven with a 5-inch inseam, brief liner and a stretch waistband with a zip back pocket for a gel or key. The grey-and-white colorway with a reflective NB logo has a clean, old-school track look. Built to run, but neat enough for a coffee after.</p><ul><li>100% recycled polyester woven with stretch</li><li>5 in inseam, brief liner</li><li>Zip back pocket, two liner pockets</li><li>Reflective logo and back trim</li><li>Model is 6'0"" and wears M</li><li>Made in Indonesia</li></ul>",New Balance,Apparel & Accessories > Clothing > Shorts,Shorts,"running, lined, reflective, quick dry, category:Bottoms, subcategory:Shorts, department:men, style:athletic, material:recycled polyester, colorfamily:neutral, colorfamily:white, color:athletic grey, color:white, color:black, usecase:running, usecase:racing, usecase:training, occasion:running, occasion:gym, fit:regular, season:spring, season:summer, season:fall, tier:budget, new",TRUE,Size,S,,,,,fd-bot-18-s,0,shopify,25,deny,manual,60.00,,TRUE,TRUE,,https://images.pexels.com/photos/13381063/pexels-photo-13381063.jpeg?auto=compress&cs=tinysrgb&w=1600,1,"New Balance RC Shorts 5""",FALSE,"New Balance RC Shorts 5"" | Fold","New Balance's race-day short in a soft, featherweight woven with a 5-inch inseam, brief liner and a stretch waistband with a zip back pocket for a gel or key. The grey-and-white colorway with a reflective NB logo has a clean, old-school track look. Built to run, but neat enough for a coffee after.",,kg,,,active
new-balance-rc-shorts-5,,,,,,,,,M,,,,,fd-bot-18-m,0,shopify,25,deny,manual,60.00,,TRUE,TRUE,,,,,,,,,kg,,,
new-balance-rc-shorts-5,,,,,,,,,L,,,,,fd-bot-18-l,0,shopify,25,deny,manual,60.00,,TRUE,TRUE,,,,,,,,,kg,,,
new-balance-rc-shorts-5,,,,,,,,,XL,,,,,fd-bot-18-xl,0,shopify,25,deny,manual,60.00,,TRUE,TRUE,,,,,,,,,kg,,,
new-balance-rc-shorts-5,,,,,,,,,XXL,,,,,fd-bot-18-xxl,0,shopify,0,deny,manual,60.00,,TRUE,TRUE,,,,,,,,,kg,,,
soller-cala-linen-shorts,Cala Linen Shorts,"<p>Easy, pull-on linen shorts with a drawstring waist, a 6-inch inseam and a soft garment-washed hand that only gets better in the sun. The faded sky blue and sand colors look like they have spent a few summers by the harbor. Wear them with a camp-collar linen shirt and espadrilles, or a striped tee and a straw hat.</p><ul><li>100% linen, 200 gsm, garment washed</li><li>6 in inseam, elastic drawstring waist</li><li>Slant side pockets and one patch back pocket</li><li>Model is 6'1"" and wears M</li><li>Machine wash 30°C, line dry</li><li>Made in Spain</li></ul>",Sóller,Apparel & Accessories > Clothing > Shorts,Shorts,"linen, drawstring, made in spain, resort, category:Bottoms, subcategory:Shorts, department:men, style:coastal-resort, material:linen, colorfamily:cool, colorfamily:neutral, color:faded sky blue, color:sand, color:white, usecase:vacation, usecase:hot weather, usecase:beach to dinner, occasion:beach, occasion:travel, occasion:weekend, fit:relaxed, season:summer, tier:mid",TRUE,Size,S,,,,,fd-bot-19-s,0,shopify,25,deny,manual,95.00,120.00,TRUE,TRUE,,https://images.pexels.com/photos/18153495/pexels-photo-18153495.jpeg?auto=compress&cs=tinysrgb&w=1600,1,Sóller Cala Linen Shorts,FALSE,Sóller Cala Linen Shorts | Fold,"Easy, pull-on linen shorts with a drawstring waist, a 6-inch inseam and a soft garment-washed hand that only gets better in the sun. The faded sky blue and sand colors look like they have spent a few summers by the harbor. Wear them with a camp-collar linen shirt and espadrilles, or a striped tee and a straw hat.",,kg,,,active
soller-cala-linen-shorts,,,,,,,,,M,,,,,fd-bot-19-m,0,shopify,25,deny,manual,95.00,120.00,TRUE,TRUE,,,,,,,,,kg,,,
soller-cala-linen-shorts,,,,,,,,,L,,,,,fd-bot-19-l,0,shopify,25,deny,manual,95.00,120.00,TRUE,TRUE,,,,,,,,,kg,,,
soller-cala-linen-shorts,,,,,,,,,XL,,,,,fd-bot-19-xl,0,shopify,25,deny,manual,95.00,120.00,TRUE,TRUE,,,,,,,,,kg,,,
soller-cala-linen-shorts,,,,,,,,,XXL,,,,,fd-bot-19-xxl,0,shopify,25,deny,manual,95.00,120.00,TRUE,TRUE,,,,,,,,,kg,,,
burnside-canvas-foundry-utility-shorts,Foundry Utility Shorts,"<p>A heavy duck-canvas work short with a 9-inch inseam, a tool pocket and hammer loop on the leg and bar-tacked stress points throughout. The tobacco brown starts stiff and breaks in to a soft, worn-in canvas that fades along every seam. Rugged and roomy, it suits a hike, a day in the workshop or a summer evening at camp with a tee and boots.</p><ul><li>100% cotton duck canvas, 12 oz</li><li>9 in inseam, relaxed fit, zip fly</li><li>Tool pocket, hammer loop, bar-tacked seams</li><li>Unisex sizing; women typically size down one</li><li>Machine wash cold; free repairs for life</li><li>Made in Portland, Oregon</li></ul>",Burnside Canvas,Apparel & Accessories > Clothing > Shorts,Shorts,"duck canvas, made in usa, breaks in, repairable, category:Bottoms, subcategory:Shorts, department:unisex, style:heritage-workwear, style:gorpcore-outdoor, material:cotton duck canvas, colorfamily:earth, color:tobacco brown, color:olive, color:natural, usecase:workshop, usecase:camping, usecase:summer hikes, occasion:camping, occasion:hiking, occasion:weekend, fit:relaxed, season:summer, tier:mid",TRUE,Size,XS,,,,,fd-bot-20-xs,0,shopify,0,deny,manual,110.00,,TRUE,TRUE,,https://images.pexels.com/photos/28758239/pexels-photo-28758239.jpeg?auto=compress&cs=tinysrgb&w=1600,1,Burnside Canvas Foundry Utility Shorts,FALSE,Burnside Canvas Foundry Utility Shorts | Fold,"A heavy duck-canvas work short with a 9-inch inseam, a tool pocket and hammer loop on the leg and bar-tacked stress points throughout. The tobacco brown starts stiff and breaks in to a soft, worn-in canvas that fades along every seam. Rugged and roomy, it suits a hike, a day in the workshop or a summer evening at camp ",,kg,,,active
burnside-canvas-foundry-utility-shorts,,,,,,,,,S,,,,,fd-bot-20-s,0,shopify,25,deny,manual,110.00,,TRUE,TRUE,,,,,,,,,kg,,,
burnside-canvas-foundry-utility-shorts,,,,,,,,,M,,,,,fd-bot-20-m,0,shopify,25,deny,manual,110.00,,TRUE,TRUE,,,,,,,,,kg,,,
burnside-canvas-foundry-utility-shorts,,,,,,,,,L,,,,,fd-bot-20-l,0,shopify,25,deny,manual,110.00,,TRUE,TRUE,,,,,,,,,kg,,,
burnside-canvas-foundry-utility-shorts,,,,,,,,,XL,,,,,fd-bot-20-xl,0,shopify,25,deny,manual,110.00,,TRUE,TRUE,,,,,,,,,kg,,,
cranmore-kennebunk-pleated-mini-skirt,Kennebunk Pleated Mini Skirt,"<p>A knife-pleated mini skirt in a soft Scottish lambswool tartan of navy, green and a fine cream line, with a side zip and a narrow waistband. The pleats are stitched down at the hip so it lies flat and swings at the hem. Crisp and collegiate, it goes with an oxford shirt, a cable crewneck, knee socks and loafers.</p><ul><li>100% lambswool, woven in Scotland</li><li>Knife pleats, stitched at the hip; 16 in length on S</li><li>Side zip and button; half-lined in cupro</li><li>Model is 5'8"" and wears S</li><li>Dry clean</li><li>Made in Portugal</li></ul>",Cranmore,Apparel & Accessories > Clothing > Skirts,Skirts,"pleated, tartan, lambswool, mini, category:Bottoms, subcategory:Skirts, department:women, style:preppy-ivy, material:lambswool, material:cupro, colorfamily:cool, colorfamily:earth, color:navy tartan, color:green, color:cream, usecase:campus, usecase:fall outfits, usecase:layering with knits, occasion:campus, occasion:office, occasion:weekend, fit:regular, season:fall, season:winter, tier:mid",TRUE,Size,XS,,,,,fd-bot-21-xs,0,shopify,0,deny,manual,140.00,,TRUE,TRUE,,https://images.pexels.com/photos/19371809/pexels-photo-19371809.jpeg?auto=compress&cs=tinysrgb&w=1600,1,Cranmore Kennebunk Pleated Mini Skirt,FALSE,Cranmore Kennebunk Pleated Mini Skirt | Fold,"A knife-pleated mini skirt in a soft Scottish lambswool tartan of navy, green and a fine cream line, with a side zip and a narrow waistband. The pleats are stitched down at the hip so it lies flat and swings at the hem. Crisp and collegiate, it goes with an oxford shirt, a cable crewneck, knee socks and loafers.",,kg,,,active
cranmore-kennebunk-pleated-mini-skirt,,,,,,,,,S,,,,,fd-bot-21-s,0,shopify,25,deny,manual,140.00,,TRUE,TRUE,,,,,,,,,kg,,,
cranmore-kennebunk-pleated-mini-skirt,,,,,,,,,M,,,,,fd-bot-21-m,0,shopify,25,deny,manual,140.00,,TRUE,TRUE,,,,,,,,,kg,,,
cranmore-kennebunk-pleated-mini-skirt,,,,,,,,,L,,,,,fd-bot-21-l,0,shopify,25,deny,manual,140.00,,TRUE,TRUE,,,,,,,,,kg,,,
cranmore-kennebunk-pleated-mini-skirt,,,,,,,,,XL,,,,,fd-bot-21-xl,0,shopify,25,deny,manual,140.00,,TRUE,TRUE,,,,,,,,,kg,,,
hedda-vang-solveig-gingham-pleated-midi-skirt,Solveig Gingham Pleated Midi Skirt,"<p>A full, soft-pleated midi skirt in a crisp cotton poplin gingham of green and cream, with a high smocked back waist and deep side pockets. It swishes when you walk and has a sweet, slightly old-fashioned feel. Wear it with a puff-sleeve blouse and ballet flats, or a navy cardigan and loafers.</p><ul><li>100% organic cotton poplin</li><li>High waist with smocked back; soft unpressed pleats</li><li>Midi length, 31 in on S; side pockets</li><li>Model is 5'9"" and wears S</li><li>Machine wash 30°C, warm iron</li><li>Made in small runs in Portugal</li></ul>",Hedda Vang,Apparel & Accessories > Clothing > Skirts,Skirts,"gingham, midi, smocked, organic cotton, pockets, category:Bottoms, subcategory:Skirts, department:women, style:romantic-boho, style:preppy-ivy, material:organic cotton poplin, colorfamily:earth, colorfamily:white, color:green gingham, color:cream, usecase:picnics, usecase:weddings, usecase:summer outfits, occasion:wedding guest, occasion:weekend, occasion:date night, fit:relaxed, season:spring, season:summer, tier:mid, new",TRUE,Size,XS,,,,,fd-bot-22-xs,0,shopify,25,deny,manual,175.00,,TRUE,TRUE,,https://images.pexels.com/photos/991679/pexels-photo-991679.jpeg?auto=compress&cs=tinysrgb&w=1600,1,Hedda Vang Solveig Gingham Pleated Midi Skirt,FALSE,Hedda Vang Solveig Gingham Pleated Midi Skirt | Fold,"A full, soft-pleated midi skirt in a crisp cotton poplin gingham of green and cream, with a high smocked back waist and deep side pockets. It swishes when you walk and has a sweet, slightly old-fashioned feel. Wear it with a puff-sleeve blouse and ballet flats, or a navy cardigan and loafers.",,kg,,,active
hedda-vang-solveig-gingham-pleated-midi-skirt,,,,,,,,,S,,,,,fd-bot-22-s,0,shopify,25,deny,manual,175.00,,TRUE,TRUE,,,,,,,,,kg,,,
hedda-vang-solveig-gingham-pleated-midi-skirt,,,,,,,,,M,,,,,fd-bot-22-m,0,shopify,25,deny,manual,175.00,,TRUE,TRUE,,,,,,,,,kg,,,
hedda-vang-solveig-gingham-pleated-midi-skirt,,,,,,,,,L,,,,,fd-bot-22-l,0,shopify,25,deny,manual,175.00,,TRUE,TRUE,,,,,,,,,kg,,,
hedda-vang-solveig-gingham-pleated-midi-skirt,,,,,,,,,XL,,,,,fd-bot-22-xl,0,shopify,25,deny,manual,175.00,,TRUE,TRUE,,,,,,,,,kg,,,
asche-mitte-draped-maxi-skirt,Mitte Draped Maxi Skirt,"<p>A long, column maxi skirt in heavy draped viscose jersey with a bias-cut swirl at the hem and a high, wide waistband that folds over. It falls past the ankle and moves like liquid, catching the light only at the folds. Moody and dramatic, it wants a cropped leather jacket, silver rings and heavy boots.</p><ul><li>95% viscose, 5% elastane jersey, 280 gsm</li><li>High fold-over waistband, bias-cut hem</li><li>Ankle-grazing to floor length; 40 in on S</li><li>Model is 5'10"" and wears S</li><li>Hand wash cold, dry flat</li><li>Cut and sewn in Berlin</li></ul>",Asche,Apparel & Accessories > Clothing > Skirts,Skirts,"maxi, draped, jersey, made in germany, category:Bottoms, subcategory:Skirts, department:women, style:dark-gothic, material:viscose jersey, colorfamily:black, color:black, color:deep graphite, usecase:concerts, usecase:evenings, usecase:layering, occasion:night out, occasion:date night, occasion:everyday, fit:relaxed, season:fall, season:winter, season:spring, tier:mid",TRUE,Size,XS,,,,,fd-bot-23-xs,0,shopify,25,deny,manual,185.00,,TRUE,TRUE,,https://images.pexels.com/photos/16622810/pexels-photo-16622810.jpeg?auto=compress&cs=tinysrgb&w=1600,1,Asche Mitte Draped Maxi Skirt,FALSE,Asche Mitte Draped Maxi Skirt | Fold,"A long, column maxi skirt in heavy draped viscose jersey with a bias-cut swirl at the hem and a high, wide waistband that folds over. It falls past the ankle and moves like liquid, catching the light only at the folds. Moody and dramatic, it wants a cropped leather jacket, silver rings and heavy boots.",,kg,,,active
asche-mitte-draped-maxi-skirt,,,,,,,,,S,,,,,fd-bot-23-s,0,shopify,25,deny,manual,185.00,,TRUE,TRUE,,,,,,,,,kg,,,
asche-mitte-draped-maxi-skirt,,,,,,,,,M,,,,,fd-bot-23-m,0,shopify,25,deny,manual,185.00,,TRUE,TRUE,,,,,,,,,kg,,,
asche-mitte-draped-maxi-skirt,,,,,,,,,L,,,,,fd-bot-23-l,0,shopify,0,deny,manual,185.00,,TRUE,TRUE,,,,,,,,,kg,,,
asche-mitte-draped-maxi-skirt,,,,,,,,,XL,,,,,fd-bot-23-xl,0,shopify,25,deny,manual,185.00,,TRUE,TRUE,,,,,,,,,kg,,,
seom-glitch-low-rise-cargo-mini-skirt,Glitch Low-Rise Cargo Mini Skirt,"<p>A low-slung mini skirt in washed nylon twill with two big bellows cargo pockets, a silver-toned D-ring belt and an adjustable bungee hem. It sits on the hips and is short in that early-2000s way. Pair it with a baby tee, a cropped puffer and slim retro sneakers or chunky boots.</p><ul><li>100% nylon twill, washed</li><li>Low rise, 14 in length on S</li><li>Bellows cargo pockets, D-ring webbing belt included</li><li>Model is 5'7"" and wears S</li><li>Machine wash cold, hang dry</li><li>Made in South Korea</li></ul>",SEOM,Apparel & Accessories > Clothing > Skirts,Skirts,"cargo, mini, low rise, y2k, category:Bottoms, subcategory:Skirts, department:women, style:y2k-retro, style:streetwear, material:nylon twill, colorfamily:black, colorfamily:pastel, color:washed black, color:silver grey, color:lilac, usecase:festival outfits, usecase:going out, usecase:streetwear fits, occasion:festival, occasion:night out, occasion:campus, fit:slim, season:spring, season:summer, tier:mid",TRUE,Size,XS,,,,,fd-bot-24-xs,0,shopify,25,deny,manual,95.00,,TRUE,TRUE,,https://images.pexels.com/photos/13929272/pexels-photo-13929272.jpeg?auto=compress&cs=tinysrgb&w=1600,1,SEOM Glitch Low-Rise Cargo Mini Skirt,FALSE,SEOM Glitch Low-Rise Cargo Mini Skirt | Fold,"A low-slung mini skirt in washed nylon twill with two big bellows cargo pockets, a silver-toned D-ring belt and an adjustable bungee hem. It sits on the hips and is short in that early-2000s way. Pair it with a baby tee, a cropped puffer and slim retro sneakers or chunky boots.",,kg,,,active
seom-glitch-low-rise-cargo-mini-skirt,,,,,,,,,S,,,,,fd-bot-24-s,0,shopify,25,deny,manual,95.00,,TRUE,TRUE,,,,,,,,,kg,,,
seom-glitch-low-rise-cargo-mini-skirt,,,,,,,,,M,,,,,fd-bot-24-m,0,shopify,25,deny,manual,95.00,,TRUE,TRUE,,,,,,,,,kg,,,
seom-glitch-low-rise-cargo-mini-skirt,,,,,,,,,L,,,,,fd-bot-24-l,0,shopify,25,deny,manual,95.00,,TRUE,TRUE,,,,,,,,,kg,,,
seom-glitch-low-rise-cargo-mini-skirt,,,,,,,,,XL,,,,,fd-bot-24-xl,0,shopify,25,deny,manual,95.00,,TRUE,TRUE,,,,,,,,,kg,,,
malha-lisboa-alfama-crochet-midi-skirt,Alfama Crochet Midi Skirt,"<p>An open-stitch crochet midi skirt hand-finished in soft mercerized cotton, with a scalloped hem and a slip lining you can wear or leave out. The cream yarn has a slight sheen and the pattern is a traditional Portuguese shell stitch. Soft and summery, it pairs with a linen shirt knotted at the waist, a bikini top or a fine knit tank.</p><ul><li>100% mercerized cotton crochet, hand-finished</li><li>Elasticated waist; removable cotton slip lining</li><li>Midi length, 30 in on S</li><li>Model is 5'8"" and wears S</li><li>Hand wash cold, dry flat</li><li>Knitted and finished outside Lisbon, Portugal</li></ul>",Malha Lisboa,Apparel & Accessories > Clothing > Skirts,Skirts,"crochet, handmade, made in portugal, lined, category:Bottoms, subcategory:Skirts, department:women, style:romantic-boho, style:coastal-resort, material:mercerized cotton, material:crochet, colorfamily:white, colorfamily:neutral, color:cream, color:terracotta, usecase:vacation, usecase:summer evenings, usecase:festivals, occasion:beach, occasion:festival, occasion:date night, fit:relaxed, season:spring, season:summer, tier:mid",TRUE,Size,XS,,,,,fd-bot-25-xs,0,shopify,25,deny,manual,165.00,,TRUE,TRUE,,https://images.pexels.com/photos/17805851/pexels-photo-17805851.jpeg?auto=compress&cs=tinysrgb&w=1600,1,Malha Lisboa Alfama Crochet Midi Skirt,FALSE,Malha Lisboa Alfama Crochet Midi Skirt | Fold,"An open-stitch crochet midi skirt hand-finished in soft mercerized cotton, with a scalloped hem and a slip lining you can wear or leave out. The cream yarn has a slight sheen and the pattern is a traditional Portuguese shell stitch. Soft and summery, it pairs with a linen shirt knotted at the waist, a bikini top or a f",,kg,,,active
malha-lisboa-alfama-crochet-midi-skirt,,,,,,,,,S,,,,,fd-bot-25-s,0,shopify,25,deny,manual,165.00,,TRUE,TRUE,,,,,,,,,kg,,,
malha-lisboa-alfama-crochet-midi-skirt,,,,,,,,,M,,,,,fd-bot-25-m,0,shopify,25,deny,manual,165.00,,TRUE,TRUE,,,,,,,,,kg,,,
malha-lisboa-alfama-crochet-midi-skirt,,,,,,,,,L,,,,,fd-bot-25-l,0,shopify,25,deny,manual,165.00,,TRUE,TRUE,,,,,,,,,kg,,,
malha-lisboa-alfama-crochet-midi-skirt,,,,,,,,,XL,,,,,fd-bot-25-xl,0,shopify,25,deny,manual,165.00,,TRUE,TRUE,,,,,,,,,kg,,,
carhartt-wip-detroit-jacket,Detroit Jacket,"<p>Carhartt WIP's Detroit Jacket is a short, boxy work jacket in rinsed organic cotton Dearborn canvas that starts stiff and fades along the seams and pocket edges as it wears in. A corduroy collar and a quilted lining keep it on rotation from September until the first hard frost. Rugged with double-knees and boots, and just as good thrown over a hoodie with baggy denim.</p><ul><li>100% organic cotton Dearborn canvas, 12 oz</li><li>Quilted polyester lining; corduroy collar</li><li>Boxy, cropped fit; true to size</li><li>Metal snap front, zip chest pocket, two hand pockets</li><li>Machine wash cold, line dry</li></ul>",Carhartt WIP,Apparel & Accessories > Clothing > Outerwear > Coats & Jackets,Jackets,"canvas, workwear, corduroy collar, organic cotton, category:Outerwear, subcategory:Jackets, department:men, style:heritage-workwear, style:streetwear, material:organic cotton canvas, material:corduroy, material:polyester lining, colorfamily:earth, color:hamilton brown, color:black rinsed, usecase:layering, usecase:cold mornings, usecase:workwear, occasion:everyday, occasion:weekend, occasion:commute, fit:regular, season:fall, season:spring, tier:mid, bestseller",TRUE,Size,S,,,,,fd-out-01-s,0,shopify,25,deny,manual,235.00,,TRUE,TRUE,,https://images.pexels.com/photos/9903249/pexels-photo-9903249.jpeg?auto=compress&cs=tinysrgb&w=1600,1,Carhartt WIP Detroit Jacket,FALSE,Carhartt WIP Detroit Jacket | Fold,"Carhartt WIP's Detroit Jacket is a short, boxy work jacket in rinsed organic cotton Dearborn canvas that starts stiff and fades along the seams and pocket edges as it wears in. A corduroy collar and a quilted lining keep it on rotation from September until the first hard frost. Rugged with double-knees and boots, and j",,kg,,,active
carhartt-wip-detroit-jacket,,,,,,,,,M,,,,,fd-out-01-m,0,shopify,0,deny,manual,235.00,,TRUE,TRUE,,,,,,,,,kg,,,
carhartt-wip-detroit-jacket,,,,,,,,,L,,,,,fd-out-01-l,0,shopify,25,deny,manual,235.00,,TRUE,TRUE,,,,,,,,,kg,,,
carhartt-wip-detroit-jacket,,,,,,,,,XL,,,,,fd-out-01-xl,0,shopify,25,deny,manual,235.00,,TRUE,TRUE,,,,,,,,,kg,,,
carhartt-wip-detroit-jacket,,,,,,,,,XXL,,,,,fd-out-01-xxl,0,shopify,25,deny,manual,235.00,,TRUE,TRUE,,,,,,,,,kg,,,
seom-halo-cropped-puffer,Halo Cropped Puffer,"<p>A short, high-gloss puffer that stops right at the waist and is cut wide through the body, so it sits boxy over a baby tee or a cropped hoodie. The shell is a liquid-shine recycled nylon with a stand collar that zips up past the chin and a small reflective tab at the back. Loud in metallic silver, sharp in black, and very early-2000s with low-rise cargos and slim sneakers.</p><ul><li>Shell: 100% recycled nylon ripstop, gloss finish</li><li>Fill: 120 g recycled polyester insulation</li><li>Cropped, boxy fit; hits at the natural waist</li><li>Two-way front zip, snap hand pockets</li><li>Machine wash cold on gentle, tumble dry low</li><li>Made in South Korea</li></ul>",SEOM,Apparel & Accessories > Clothing > Outerwear > Coats & Jackets,Jackets,"cropped, puffer, metallic, recycled nylon, made in korea, category:Outerwear, subcategory:Jackets, department:women, style:streetwear, style:y2k-retro, material:recycled nylon, material:recycled polyester insulation, colorfamily:cool, colorfamily:black, color:metallic silver, color:black, usecase:cold nights, usecase:layering over hoodies, occasion:night out, occasion:campus, occasion:weekend, fit:oversized, season:winter, season:fall, tier:mid, new",TRUE,Size,XS,,,,,fd-out-02-xs,0,shopify,25,deny,manual,195.00,,TRUE,TRUE,,https://images.pexels.com/photos/14688629/pexels-photo-14688629.jpeg?auto=compress&cs=tinysrgb&w=1600,1,SEOM Halo Cropped Puffer,FALSE,SEOM Halo Cropped Puffer | Fold,"A short, high-gloss puffer that stops right at the waist and is cut wide through the body, so it sits boxy over a baby tee or a cropped hoodie. The shell is a liquid-shine recycled nylon with a stand collar that zips up past the chin and a small reflective tab at the back. Loud in metallic silver, sharp in black, and v",,kg,,,active
seom-halo-cropped-puffer,,,,,,,,,S,,,,,fd-out-02-s,0,shopify,0,deny,manual,195.00,,TRUE,TRUE,,,,,,,,,kg,,,
seom-halo-cropped-puffer,,,,,,,,,M,,,,,fd-out-02-m,0,shopify,25,deny,manual,195.00,,TRUE,TRUE,,,,,,,,,kg,,,
seom-halo-cropped-puffer,,,,,,,,,L,,,,,fd-out-02-l,0,shopify,25,deny,manual,195.00,,TRUE,TRUE,,,,,,,,,kg,,,
seom-halo-cropped-puffer,,,,,,,,,XL,,,,,fd-out-02-xl,0,shopify,25,deny,manual,195.00,,TRUE,TRUE,,,,,,,,,kg,,,
adidas-firebird-track-top,Firebird Track Top,"<p>The Firebird is Adidas' archive track top, in smooth recycled tricot with the three stripes running down the sleeves and a contrast stand collar. It is cut slim through the body with ribbed cuffs and hem, so it zips up neatly over a tee and looks right with matching track pants, a pleated mini or baggy jeans. Sporty, a little retro and easy to throw on.</p><ul><li>100% recycled polyester tricot</li><li>Slim fit; size up for a looser look</li><li>Full zip with stand collar, zip hand pockets</li><li>Ribbed cuffs and hem</li><li>Machine wash cold</li></ul>",Adidas,Apparel & Accessories > Clothing > Outerwear > Coats & Jackets,Jackets,"track top, three stripes, archive, recycled, category:Outerwear, subcategory:Jackets, department:women, style:athletic, style:y2k-retro, material:recycled polyester tricot, colorfamily:black, colorfamily:white, color:black, color:white, usecase:warm-ups, usecase:everyday layering, occasion:everyday, occasion:gym, occasion:weekend, fit:slim, season:spring, season:fall, tier:mid, bestseller",TRUE,Size,XS,,,,,fd-out-03-xs,0,shopify,25,deny,manual,95.00,,TRUE,TRUE,,https://images.pexels.com/photos/40017361/pexels-photo-40017361.jpeg?auto=compress&cs=tinysrgb&w=1600,1,Adidas Firebird Track Top,FALSE,Adidas Firebird Track Top | Fold,"The Firebird is Adidas' archive track top, in smooth recycled tricot with the three stripes running down the sleeves and a contrast stand collar. It is cut slim through the body with ribbed cuffs and hem, so it zips up neatly over a tee and looks right with matching track pants, a pleated mini or baggy jeans. Sporty, a",,kg,,,active
adidas-firebird-track-top,,,,,,,,,S,,,,,fd-out-03-s,0,shopify,25,deny,manual,95.00,,TRUE,TRUE,,,,,,,,,kg,,,
adidas-firebird-track-top,,,,,,,,,M,,,,,fd-out-03-m,0,shopify,25,deny,manual,95.00,,TRUE,TRUE,,,,,,,,,kg,,,
adidas-firebird-track-top,,,,,,,,,L,,,,,fd-out-03-l,0,shopify,25,deny,manual,95.00,,TRUE,TRUE,,,,,,,,,kg,,,
adidas-firebird-track-top,,,,,,,,,XL,,,,,fd-out-03-xl,0,shopify,25,deny,manual,95.00,,TRUE,TRUE,,,,,,,,,kg,,,
burnside-canvas-hawthorne-waxed-chore-coat,Hawthorne Waxed Chore Coat,"<p>The Hawthorne is a hip-length chore coat in 10 oz waxed cotton canvas, deep tobacco brown, with four patch pockets, a blanket-lined body and triple-stitched seams. The wax sheds drizzle and picks up creases and scuffs that make each coat look like its owner's, and the workshop will re-wax and repair it for life. Boxy and utilitarian, it goes over a flannel on a trail weekend or a hoodie in town.</p><ul><li>10 oz waxed cotton canvas, woven in the USA</li><li>Wool-blend blanket lining in body; cotton-lined sleeves</li><li>Relaxed, boxy fit; sized to layer over a sweater</li><li>Brass snaps, four patch pockets, interior map pocket</li><li>Re-wax yearly; spot clean only</li><li>Cut and sewn in Portland, Oregon</li></ul>",Burnside Canvas,Apparel & Accessories > Clothing > Outerwear > Coats & Jackets,Jackets,"waxed canvas, chore coat, made in usa, repairable, blanket lined, category:Outerwear, subcategory:Jackets, department:men, style:heritage-workwear, style:gorpcore-outdoor, material:waxed cotton canvas, material:wool-blend blanket lining, material:brass, colorfamily:earth, color:tobacco brown, color:field olive, usecase:light rain, usecase:layering, usecase:outdoor work, occasion:everyday, occasion:camping, occasion:weekend, fit:relaxed, season:fall, season:winter, season:spring, tier:premium",TRUE,Size,S,,,,,fd-out-04-s,0,shopify,25,deny,manual,295.00,,TRUE,TRUE,,https://images.pexels.com/photos/38700001/pexels-photo-38700001.jpeg?auto=compress&cs=tinysrgb&w=1600,1,Burnside Canvas Hawthorne Waxed Chore Coat,FALSE,Burnside Canvas Hawthorne Waxed Chore Coat | Fold,"The Hawthorne is a hip-length chore coat in 10 oz waxed cotton canvas, deep tobacco brown, with four patch pockets, a blanket-lined body and triple-stitched seams. The wax sheds drizzle and picks up creases and scuffs that make each coat look like its owner's, and the workshop will re-wax and repair it for life. Boxy a",,kg,,,active
burnside-canvas-hawthorne-waxed-chore-coat,,,,,,,,,M,,,,,fd-out-04-m,0,shopify,25,deny,manual,295.00,,TRUE,TRUE,,,,,,,,,kg,,,
burnside-canvas-hawthorne-waxed-chore-coat,,,,,,,,,L,,,,,fd-out-04-l,0,shopify,0,deny,manual,295.00,,TRUE,TRUE,,,,,,,,,kg,,,
burnside-canvas-hawthorne-waxed-chore-coat,,,,,,,,,XL,,,,,fd-out-04-xl,0,shopify,25,deny,manual,295.00,,TRUE,TRUE,,,,,,,,,kg,,,
burnside-canvas-hawthorne-waxed-chore-coat,,,,,,,,,XXL,,,,,fd-out-04-xxl,0,shopify,25,deny,manual,295.00,,TRUE,TRUE,,,,,,,,,kg,,,
cranmore-kennebunk-barn-jacket,Kennebunk Barn Jacket,"<p>The Kennebunk is a New England barn jacket in khaki waxed cotton with a chocolate corduroy collar and a brushed tartan flannel lining. It falls just past the hip with bellows pockets and a straight, easy shape that layers over an oxford shirt and a shetland crewneck. Crisp on day one, it softens into the kind of jacket that gets handed down.</p><ul><li>8 oz waxed cotton; 100% cotton corduroy collar</li><li>Lined in brushed cotton tartan flannel</li><li>Regular fit; room for a sweater underneath</li><li>Brass two-way zip with storm flap, snap-down bellows pockets</li><li>Re-wax when needed; do not machine wash</li><li>Made in Portugal</li></ul>",Cranmore,Apparel & Accessories > Clothing > Outerwear > Coats & Jackets,Jackets,"barn jacket, corduroy collar, tartan lining, waxed cotton, category:Outerwear, subcategory:Jackets, department:men, style:preppy-ivy, style:heritage-workwear, material:waxed cotton, material:corduroy, material:cotton flannel, colorfamily:earth, colorfamily:neutral, color:khaki tan, color:chocolate, color:green tartan, usecase:country weekends, usecase:layering, usecase:light rain, occasion:weekend, occasion:campus, occasion:everyday, fit:regular, season:fall, season:spring, tier:premium",TRUE,Size,S,,,,,fd-out-05-s,0,shopify,25,deny,manual,345.00,395.00,TRUE,TRUE,,https://images.pexels.com/photos/8519181/pexels-photo-8519181.jpeg?auto=compress&cs=tinysrgb&w=1600,1,Cranmore Kennebunk Barn Jacket,FALSE,Cranmore Kennebunk Barn Jacket | Fold,"The Kennebunk is a New England barn jacket in khaki waxed cotton with a chocolate corduroy collar and a brushed tartan flannel lining. It falls just past the hip with bellows pockets and a straight, easy shape that layers over an oxford shirt and a shetland crewneck. Crisp on day one, it softens into the kind of jacket",,kg,,,active
cranmore-kennebunk-barn-jacket,,,,,,,,,M,,,,,fd-out-05-m,0,shopify,25,deny,manual,345.00,395.00,TRUE,TRUE,,,,,,,,,kg,,,
cranmore-kennebunk-barn-jacket,,,,,,,,,L,,,,,fd-out-05-l,0,shopify,25,deny,manual,345.00,395.00,TRUE,TRUE,,,,,,,,,kg,,,
cranmore-kennebunk-barn-jacket,,,,,,,,,XL,,,,,fd-out-05-xl,0,shopify,25,deny,manual,345.00,395.00,TRUE,TRUE,,,,,,,,,kg,,,
cranmore-kennebunk-barn-jacket,,,,,,,,,XXL,,,,,fd-out-05-xxl,0,shopify,0,deny,manual,345.00,395.00,TRUE,TRUE,,,,,,,,,kg,,,
cranmore-hanover-varsity-jacket,Hanover Varsity Jacket,"<p>A proper varsity jacket in heavy navy melton wool with cream leather sleeves, striped knit trims and a chenille letter patch on the chest. It is cut regular through the body with snap closures and a quilted satin lining, so it reads collegiate with chinos and loafers or louder over a hoodie and wide jeans. The leather softens and creases with years of wear.</p><ul><li>Body: 80% wool, 20% nylon melton, 24 oz</li><li>Sleeves: cowhide leather</li><li>Quilted satin lining; striped rib collar, cuffs and hem</li><li>Regular fit; true to size</li><li>Specialist leather clean only</li><li>Made in the USA</li></ul>",Cranmore,Apparel & Accessories > Clothing > Outerwear > Coats & Jackets,Jackets,"varsity, melton wool, leather sleeves, chenille, made in usa, category:Outerwear, subcategory:Jackets, department:unisex, style:preppy-ivy, style:streetwear, material:wool melton, material:cowhide leather, material:chenille, colorfamily:cool, colorfamily:neutral, color:navy, color:cream, usecase:campus, usecase:cold days, occasion:campus, occasion:weekend, occasion:everyday, fit:regular, season:fall, season:winter, tier:premium",TRUE,Size,XS,,,,,fd-out-06-xs,0,shopify,0,deny,manual,420.00,,TRUE,TRUE,,https://images.pexels.com/photos/35067832/pexels-photo-35067832.jpeg?auto=compress&cs=tinysrgb&w=1600,1,Cranmore Hanover Varsity Jacket,FALSE,Cranmore Hanover Varsity Jacket | Fold,"A proper varsity jacket in heavy navy melton wool with cream leather sleeves, striped knit trims and a chenille letter patch on the chest. It is cut regular through the body with snap closures and a quilted satin lining, so it reads collegiate with chinos and loafers or louder over a hoodie and wide jeans. The leather ",,kg,,,active
cranmore-hanover-varsity-jacket,,,,,,,,,S,,,,,fd-out-06-s,0,shopify,25,deny,manual,420.00,,TRUE,TRUE,,,,,,,,,kg,,,
cranmore-hanover-varsity-jacket,,,,,,,,,M,,,,,fd-out-06-m,0,shopify,25,deny,manual,420.00,,TRUE,TRUE,,,,,,,,,kg,,,
cranmore-hanover-varsity-jacket,,,,,,,,,L,,,,,fd-out-06-l,0,shopify,25,deny,manual,420.00,,TRUE,TRUE,,,,,,,,,kg,,,
cranmore-hanover-varsity-jacket,,,,,,,,,XL,,,,,fd-out-06-xl,0,shopify,25,deny,manual,420.00,,TRUE,TRUE,,,,,,,,,kg,,,
soller-dei-linen-chore-jacket,Deià Linen Chore Jacket,"<p>An unlined chore jacket in washed European linen, garment-dyed a pale sand so it already looks a summer old. It hangs loose and boxy with three patch pockets and corozo buttons, light enough to throw over a tee on a breezy evening by the water or to pack flat for a trip. Creases are part of the look.</p><ul><li>100% European linen, 210 gsm, garment-washed</li><li>Unlined; boxy, relaxed fit</li><li>Corozo buttons, three patch pockets</li><li>Machine wash cool, line dry</li><li>Made in Spain</li></ul>",Sóller,Apparel & Accessories > Clothing > Outerwear > Coats & Jackets,Jackets,"linen, unlined, garment-dyed, made in spain, resort, category:Outerwear, subcategory:Jackets, department:men, style:coastal-resort, style:quiet-minimal, material:linen, material:corozo, colorfamily:neutral, colorfamily:cool, color:sand, color:sun-faded sky blue, usecase:warm evenings, usecase:travel, usecase:layering over tees, occasion:travel, occasion:beach, occasion:weekend, fit:relaxed, season:spring, season:summer, tier:mid",TRUE,Size,S,,,,,fd-out-07-s,0,shopify,25,deny,manual,185.00,,TRUE,TRUE,,https://images.pexels.com/photos/6461394/pexels-photo-6461394.jpeg?auto=compress&cs=tinysrgb&w=1600,1,Sóller Deià Linen Chore Jacket,FALSE,Sóller Deià Linen Chore Jacket | Fold,"An unlined chore jacket in washed European linen, garment-dyed a pale sand so it already looks a summer old. It hangs loose and boxy with three patch pockets and corozo buttons, light enough to throw over a tee on a breezy evening by the water or to pack flat for a trip. Creases are part of the look.",,kg,,,active
soller-dei-linen-chore-jacket,,,,,,,,,M,,,,,fd-out-07-m,0,shopify,25,deny,manual,185.00,,TRUE,TRUE,,,,,,,,,kg,,,
soller-dei-linen-chore-jacket,,,,,,,,,L,,,,,fd-out-07-l,0,shopify,25,deny,manual,185.00,,TRUE,TRUE,,,,,,,,,kg,,,
soller-dei-linen-chore-jacket,,,,,,,,,XL,,,,,fd-out-07-xl,0,shopify,25,deny,manual,185.00,,TRUE,TRUE,,,,,,,,,kg,,,
soller-dei-linen-chore-jacket,,,,,,,,,XXL,,,,,fd-out-07-xxl,0,shopify,25,deny,manual,185.00,,TRUE,TRUE,,,,,,,,,kg,,,
hedda-vang-froya-quilted-floral-jacket,Frøya Quilted Floral Jacket,"<p>The Frøya is a lightweight quilted jacket in printed cotton voile, scattered with small faded roses on a cream ground and finished with a scalloped edge and a ribbon tie at the neck. It is channel-quilted over a thin cotton wadding, so it feels more like a padded blouse than a coat, and sits loose at the hip. Soft and romantic over a prairie dress, or with jeans and a broderie top.</p><ul><li>Shell and lining: 100% cotton voile</li><li>Thin cotton wadding, channel-quilted</li><li>Relaxed fit; hip length</li><li>Ribbon tie at neck, covered-button front, scalloped hem</li><li>Gentle machine wash cold, dry flat</li><li>Made in Portugal</li></ul>",Hedda Vang,Apparel & Accessories > Clothing > Outerwear > Coats & Jackets,Jackets,"floral, quilted, cotton voile, scalloped, made in portugal, category:Outerwear, subcategory:Jackets, department:women, style:romantic-boho, material:cotton voile, material:cotton wadding, colorfamily:pastel, colorfamily:neutral, color:cream, color:faded rose, color:sage, usecase:cool spring days, usecase:layering over dresses, occasion:weekend, occasion:date night, occasion:everyday, fit:relaxed, season:spring, season:fall, tier:premium",TRUE,Size,XS,,,,,fd-out-08-xs,0,shopify,25,deny,manual,275.00,,TRUE,TRUE,,https://images.pexels.com/photos/6765179/pexels-photo-6765179.jpeg?auto=compress&cs=tinysrgb&w=1600,1,Hedda Vang Frøya Quilted Floral Jacket,FALSE,Hedda Vang Frøya Quilted Floral Jacket | Fold,"The Frøya is a lightweight quilted jacket in printed cotton voile, scattered with small faded roses on a cream ground and finished with a scalloped edge and a ribbon tie at the neck. It is channel-quilted over a thin cotton wadding, so it feels more like a padded blouse than a coat, and sits loose at the hip. Soft and ",,kg,,,active
hedda-vang-froya-quilted-floral-jacket,,,,,,,,,S,,,,,fd-out-08-s,0,shopify,25,deny,manual,275.00,,TRUE,TRUE,,,,,,,,,kg,,,
hedda-vang-froya-quilted-floral-jacket,,,,,,,,,M,,,,,fd-out-08-m,0,shopify,0,deny,manual,275.00,,TRUE,TRUE,,,,,,,,,kg,,,
hedda-vang-froya-quilted-floral-jacket,,,,,,,,,L,,,,,fd-out-08-l,0,shopify,25,deny,manual,275.00,,TRUE,TRUE,,,,,,,,,kg,,,
hedda-vang-froya-quilted-floral-jacket,,,,,,,,,XL,,,,,fd-out-08-xl,0,shopify,25,deny,manual,275.00,,TRUE,TRUE,,,,,,,,,kg,,,
asche-rauch-washed-leather-biker,Rauch Washed Leather Biker,"<p>Asche's Rauch biker is cut from lambskin that is washed and tumbled until it goes soft and faintly crackled, in a black that turns almost charcoal at the creases. The asymmetric zip, belted hem and antiqued silver hardware are heavy on purpose, and the shoulders are cut a little sharp. Moody over long drape jersey with heavy boots.</p><ul><li>100% lambskin leather, washed and tumbled</li><li>Lining: 100% cupro</li><li>Regular fit with a slightly cropped body</li><li>Antiqued silver zips and buckles</li><li>Specialist leather clean only</li><li>Made in Germany</li></ul>",Asche,Apparel & Accessories > Clothing > Outerwear > Coats & Jackets,Jackets,"leather, biker, silver hardware, washed, made in germany, category:Outerwear, subcategory:Jackets, department:women, style:dark-gothic, material:lambskin leather, material:cupro, colorfamily:black, color:washed black, color:antiqued silver, usecase:nights out, usecase:layering, usecase:transitional weather, occasion:night out, occasion:date night, occasion:everyday, fit:regular, season:fall, season:spring, tier:premium, new",TRUE,Size,XS,,,,,fd-out-09-xs,0,shopify,0,deny,manual,540.00,,TRUE,TRUE,,https://images.pexels.com/photos/8939059/pexels-photo-8939059.jpeg?auto=compress&cs=tinysrgb&w=1600,1,Asche Rauch Washed Leather Biker,FALSE,Asche Rauch Washed Leather Biker | Fold,"Asche's Rauch biker is cut from lambskin that is washed and tumbled until it goes soft and faintly crackled, in a black that turns almost charcoal at the creases. The asymmetric zip, belted hem and antiqued silver hardware are heavy on purpose, and the shoulders are cut a little sharp. Moody over long drape jersey with",,kg,,,active
asche-rauch-washed-leather-biker,,,,,,,,,S,,,,,fd-out-09-s,0,shopify,25,deny,manual,540.00,,TRUE,TRUE,,,,,,,,,kg,,,
asche-rauch-washed-leather-biker,,,,,,,,,M,,,,,fd-out-09-m,0,shopify,25,deny,manual,540.00,,TRUE,TRUE,,,,,,,,,kg,,,
asche-rauch-washed-leather-biker,,,,,,,,,L,,,,,fd-out-09-l,0,shopify,25,deny,manual,540.00,,TRUE,TRUE,,,,,,,,,kg,,,
asche-rauch-washed-leather-biker,,,,,,,,,XL,,,,,fd-out-09-xl,0,shopify,25,deny,manual,540.00,,TRUE,TRUE,,,,,,,,,kg,,,
levis-90s-trucker-jacket,'90s Trucker Jacket,"<p>Levi's '90s Trucker takes the Type III shape and blows it out, with dropped shoulders, a roomy body and a slightly shorter length in a light vintage wash with fading at the elbows and seams. It is rigid cotton denim with pleated front panels, flap chest pockets and the red tab. Wear it over a baby tee with low-rise jeans, or with a slip skirt and slim sneakers.</p><ul><li>100% cotton denim, non-stretch</li><li>Oversized, dropped-shoulder fit</li><li>Button front, flap chest pockets, welt hand pockets</li><li>Machine wash cold, inside out</li></ul>",Levi's,Apparel & Accessories > Clothing > Outerwear > Coats & Jackets,Jackets,"denim, trucker, vintage wash, oversized, category:Outerwear, subcategory:Jackets, department:women, style:y2k-retro, style:heritage-workwear, material:cotton denim, colorfamily:cool, color:light vintage indigo, color:faded indigo, usecase:layering, usecase:spring evenings, occasion:everyday, occasion:weekend, occasion:festival, fit:oversized, season:spring, season:fall, tier:mid",TRUE,Size,XS,,,,,fd-out-10-xs,0,shopify,25,deny,manual,110.00,,TRUE,TRUE,,https://images.pexels.com/photos/32085693/pexels-photo-32085693.jpeg?auto=compress&cs=tinysrgb&w=1600,1,Levi's '90s Trucker Jacket,FALSE,Levi's '90s Trucker Jacket | Fold,"Levi's '90s Trucker takes the Type III shape and blows it out, with dropped shoulders, a roomy body and a slightly shorter length in a light vintage wash with fading at the elbows and seams. It is rigid cotton denim with pleated front panels, flap chest pockets and the red tab. Wear it over a baby tee with low-rise jea",,kg,,,active
levis-90s-trucker-jacket,,,,,,,,,S,,,,,fd-out-10-s,0,shopify,25,deny,manual,110.00,,TRUE,TRUE,,,,,,,,,kg,,,
levis-90s-trucker-jacket,,,,,,,,,M,,,,,fd-out-10-m,0,shopify,25,deny,manual,110.00,,TRUE,TRUE,,,,,,,,,kg,,,
levis-90s-trucker-jacket,,,,,,,,,L,,,,,fd-out-10-l,0,shopify,25,deny,manual,110.00,,TRUE,TRUE,,,,,,,,,kg,,,
levis-90s-trucker-jacket,,,,,,,,,XL,,,,,fd-out-10-xl,0,shopify,25,deny,manual,110.00,,TRUE,TRUE,,,,,,,,,kg,,,
kapital-sashiko-boro-coverall-jacket,Sashiko Boro Coverall Jacket,"<p>Kapital builds this coverall jacket from hand-dyed indigo cotton, patched with scraps of older boro cloth and stitched over by hand in white sashiko thread. No two are alike: the patches, fades and running stitches change from jacket to jacket, and the indigo keeps shifting as it is worn and washed. A boxy work-coat shape with four patch pockets, it carries a whole outfit with plain trousers and a white tee.</p><ul><li>100% cotton, hand-dyed indigo with patchwork panels</li><li>Hand sashiko stitching; each piece is unique</li><li>Boxy, relaxed fit</li><li>Wooden buttons, four patch pockets</li><li>Hand wash cold separately; indigo will transfer</li><li>Made in Japan</li></ul>",Kapital,Apparel & Accessories > Clothing > Outerwear > Coats & Jackets,Jackets,"indigo, sashiko, boro, made in japan, one of a kind, category:Outerwear, subcategory:Jackets, department:men, style:heritage-workwear, material:indigo cotton, material:sashiko thread, material:wood, colorfamily:cool, color:indigo, color:faded indigo, color:ecru stitching, usecase:statement layer, usecase:everyday wear, occasion:everyday, occasion:weekend, fit:relaxed, season:spring, season:fall, tier:premium",TRUE,Size,S,,,,,fd-out-11-s,0,shopify,0,deny,manual,545.00,,TRUE,TRUE,,https://images.pexels.com/photos/33551278/pexels-photo-33551278.jpeg?auto=compress&cs=tinysrgb&w=1600,1,Kapital Sashiko Boro Coverall Jacket,FALSE,Kapital Sashiko Boro Coverall Jacket | Fold,"Kapital builds this coverall jacket from hand-dyed indigo cotton, patched with scraps of older boro cloth and stitched over by hand in white sashiko thread. No two are alike: the patches, fades and running stitches change from jacket to jacket, and the indigo keeps shifting as it is worn and washed. A boxy work-coat sh",,kg,,,active
kapital-sashiko-boro-coverall-jacket,,,,,,,,,M,,,,,fd-out-11-m,0,shopify,25,deny,manual,545.00,,TRUE,TRUE,,,,,,,,,kg,,,
kapital-sashiko-boro-coverall-jacket,,,,,,,,,L,,,,,fd-out-11-l,0,shopify,25,deny,manual,545.00,,TRUE,TRUE,,,,,,,,,kg,,,
kapital-sashiko-boro-coverall-jacket,,,,,,,,,XL,,,,,fd-out-11-xl,0,shopify,25,deny,manual,545.00,,TRUE,TRUE,,,,,,,,,kg,,,
kapital-sashiko-boro-coverall-jacket,,,,,,,,,XXL,,,,,fd-out-11-xxl,0,shopify,25,deny,manual,545.00,,TRUE,TRUE,,,,,,,,,kg,,,
asche-schatten-long-wool-coat,Schatten Long Wool Coat,"<p>A long single-breasted coat in heavy black boiled wool that falls to mid-calf, with a high notch lapel, concealed buttons and a deep back vent so it moves when you walk. There is no logo and almost no detail; the length and the weight do the work. It layers over a hoodie as easily as over a suit, for anyone who wears black all winter.</p><ul><li>90% virgin wool, 10% cashmere boiled wool, 680 gsm</li><li>Lining: 100% cupro</li><li>Relaxed fit; mid-calf length (125 cm on size M)</li><li>Concealed button placket, side-seam pockets</li><li>Dry clean only</li><li>Made in Germany</li></ul>",Asche,Apparel & Accessories > Clothing > Outerwear > Coats & Jackets,Coats,"long coat, boiled wool, cashmere blend, no logo, made in germany, category:Outerwear, subcategory:Coats, department:unisex, style:dark-gothic, style:quiet-minimal, material:boiled wool, material:cashmere, material:cupro, colorfamily:black, color:black, usecase:cold commutes, usecase:layering over tailoring, occasion:everyday, occasion:office, occasion:night out, fit:relaxed, season:fall, season:winter, tier:premium",TRUE,Size,XS,,,,,fd-out-12-xs,0,shopify,25,deny,manual,620.00,,TRUE,TRUE,,https://images.pexels.com/photos/19354455/pexels-photo-19354455.jpeg?auto=compress&cs=tinysrgb&w=1600,1,Asche Schatten Long Wool Coat,FALSE,Asche Schatten Long Wool Coat | Fold,"A long single-breasted coat in heavy black boiled wool that falls to mid-calf, with a high notch lapel, concealed buttons and a deep back vent so it moves when you walk. There is no logo and almost no detail; the length and the weight do the work. It layers over a hoodie as easily as over a suit, for anyone who wears b",,kg,,,active
asche-schatten-long-wool-coat,,,,,,,,,S,,,,,fd-out-12-s,0,shopify,25,deny,manual,620.00,,TRUE,TRUE,,,,,,,,,kg,,,
asche-schatten-long-wool-coat,,,,,,,,,M,,,,,fd-out-12-m,0,shopify,25,deny,manual,620.00,,TRUE,TRUE,,,,,,,,,kg,,,
asche-schatten-long-wool-coat,,,,,,,,,L,,,,,fd-out-12-l,0,shopify,0,deny,manual,620.00,,TRUE,TRUE,,,,,,,,,kg,,,
asche-schatten-long-wool-coat,,,,,,,,,XL,,,,,fd-out-12-xl,0,shopify,25,deny,manual,620.00,,TRUE,TRUE,,,,,,,,,kg,,,
asche-kohle-long-leather-coat,Kohle Long Leather Coat,"<p>The Kohle is a long leather coat in washed black cowhide that reaches below the knee, with a wide collar, a self-tie belt and heavy silver buckles at the cuffs. The hide is tumbled to a soft, uneven matte so it looks lived-in from the first wear. Dramatic and moody over black denim and combat boots.</p><ul><li>100% cowhide leather, washed and tumbled</li><li>Lining: viscose twill</li><li>Regular fit; below-knee length</li><li>Antiqued silver cuff buckles, horn buttons</li><li>Specialist leather clean only</li><li>Made in Germany</li></ul>",Asche,Apparel & Accessories > Clothing > Outerwear > Coats & Jackets,Coats,"leather, long coat, belted, silver hardware, category:Outerwear, subcategory:Coats, department:men, style:dark-gothic, material:cowhide leather, material:viscose, colorfamily:black, color:washed black, usecase:statement layer, usecase:cold nights, occasion:night out, occasion:date night, occasion:everyday, fit:regular, season:fall, season:winter, tier:premium",TRUE,Size,S,,,,,fd-out-13-s,0,shopify,25,deny,manual,650.00,,TRUE,TRUE,,https://images.pexels.com/photos/12363298/pexels-photo-12363298.jpeg?auto=compress&cs=tinysrgb&w=1600,1,Asche Kohle Long Leather Coat,FALSE,Asche Kohle Long Leather Coat | Fold,"The Kohle is a long leather coat in washed black cowhide that reaches below the knee, with a wide collar, a self-tie belt and heavy silver buckles at the cuffs. The hide is tumbled to a soft, uneven matte so it looks lived-in from the first wear. Dramatic and moody over black denim and combat boots.",,kg,,,active
asche-kohle-long-leather-coat,,,,,,,,,M,,,,,fd-out-13-m,0,shopify,25,deny,manual,650.00,,TRUE,TRUE,,,,,,,,,kg,,,
asche-kohle-long-leather-coat,,,,,,,,,L,,,,,fd-out-13-l,0,shopify,25,deny,manual,650.00,,TRUE,TRUE,,,,,,,,,kg,,,
asche-kohle-long-leather-coat,,,,,,,,,XL,,,,,fd-out-13-xl,0,shopify,25,deny,manual,650.00,,TRUE,TRUE,,,,,,,,,kg,,,
asche-kohle-long-leather-coat,,,,,,,,,XXL,,,,,fd-out-13-xxl,0,shopify,25,deny,manual,650.00,,TRUE,TRUE,,,,,,,,,kg,,,
studio-nicholson-hayle-oversized-wool-coat,Hayle Oversized Wool Coat,"<p>An oversized single-breasted overcoat in Italian wool-cashmere melton, cut long and dropped at the shoulder so it drapes rather than holds a shape. It comes in a warm undyed ecru with dark horn buttons and is half-lined for a lighter feel. Calm and considered over wide pleated trousers and a fine-gauge knit.</p><ul><li>80% wool, 20% cashmere melton, woven in Italy</li><li>Half-lined in cupro</li><li>Oversized fit with dropped shoulder; size down for a closer fit</li><li>Horn buttons, deep welt pockets</li><li>Dry clean only</li><li>Made in Portugal</li></ul>",Studio Nicholson,Apparel & Accessories > Clothing > Outerwear > Coats & Jackets,Coats,"overcoat, wool cashmere, italian cloth, oversized, category:Outerwear, subcategory:Coats, department:women, style:quiet-minimal, material:wool, material:cashmere, material:cupro, material:horn, colorfamily:neutral, color:ecru, color:dark navy, usecase:office, usecase:city winters, occasion:office, occasion:everyday, occasion:travel, fit:oversized, season:fall, season:winter, tier:premium",TRUE,Size,XS,,,,,fd-out-14-xs,0,shopify,25,deny,manual,640.00,,TRUE,TRUE,,https://images.pexels.com/photos/25746340/pexels-photo-25746340.jpeg?auto=compress&cs=tinysrgb&w=1600,1,Studio Nicholson Hayle Oversized Wool Coat,FALSE,Studio Nicholson Hayle Oversized Wool Coat | Fold,"An oversized single-breasted overcoat in Italian wool-cashmere melton, cut long and dropped at the shoulder so it drapes rather than holds a shape. It comes in a warm undyed ecru with dark horn buttons and is half-lined for a lighter feel. Calm and considered over wide pleated trousers and a fine-gauge knit.",,kg,,,active
studio-nicholson-hayle-oversized-wool-coat,,,,,,,,,S,,,,,fd-out-14-s,0,shopify,25,deny,manual,640.00,,TRUE,TRUE,,,,,,,,,kg,,,
studio-nicholson-hayle-oversized-wool-coat,,,,,,,,,M,,,,,fd-out-14-m,0,shopify,25,deny,manual,640.00,,TRUE,TRUE,,,,,,,,,kg,,,
studio-nicholson-hayle-oversized-wool-coat,,,,,,,,,L,,,,,fd-out-14-l,0,shopify,25,deny,manual,640.00,,TRUE,TRUE,,,,,,,,,kg,,,
studio-nicholson-hayle-oversized-wool-coat,,,,,,,,,XL,,,,,fd-out-14-xl,0,shopify,25,deny,manual,640.00,,TRUE,TRUE,,,,,,,,,kg,,,
arket-wool-blend-overcoat,Wool-Blend Overcoat,"<p>A clean single-breasted overcoat in a recycled wool blend that falls just above the knee, with a notch lapel and a straight cut that sits neatly over a suit jacket or a heavy knit. It comes in charcoal melange or deep navy with tonal buttons and no visible branding. Simple, warm and easy to wear every day of the winter.</p><ul><li>60% recycled wool, 30% wool, 10% polyamide</li><li>Fully lined in recycled polyester</li><li>Regular fit; knee length</li><li>Three-button front, flap pockets, inside pocket</li><li>Dry clean only</li></ul>",Arket,Apparel & Accessories > Clothing > Outerwear > Coats & Jackets,Coats,"overcoat, recycled wool, tailored, sale, category:Outerwear, subcategory:Coats, department:men, style:quiet-minimal, material:recycled wool, material:wool, material:polyamide, colorfamily:neutral, colorfamily:cool, color:charcoal melange, color:navy, usecase:commuting, usecase:layering over suits, occasion:office, occasion:commute, occasion:everyday, fit:regular, season:fall, season:winter, tier:premium",TRUE,Size,S,,,,,fd-out-15-s,0,shopify,25,deny,manual,290.00,345.00,TRUE,TRUE,,https://images.pexels.com/photos/1643025/pexels-photo-1643025.jpeg?auto=compress&cs=tinysrgb&w=1600,1,Arket Wool-Blend Overcoat,FALSE,Arket Wool-Blend Overcoat | Fold,"A clean single-breasted overcoat in a recycled wool blend that falls just above the knee, with a notch lapel and a straight cut that sits neatly over a suit jacket or a heavy knit. It comes in charcoal melange or deep navy with tonal buttons and no visible branding. Simple, warm and easy to wear every day of the winter",,kg,,,active
arket-wool-blend-overcoat,,,,,,,,,M,,,,,fd-out-15-m,0,shopify,0,deny,manual,290.00,345.00,TRUE,TRUE,,,,,,,,,kg,,,
arket-wool-blend-overcoat,,,,,,,,,L,,,,,fd-out-15-l,0,shopify,25,deny,manual,290.00,345.00,TRUE,TRUE,,,,,,,,,kg,,,
arket-wool-blend-overcoat,,,,,,,,,XL,,,,,fd-out-15-xl,0,shopify,25,deny,manual,290.00,345.00,TRUE,TRUE,,,,,,,,,kg,,,
arket-wool-blend-overcoat,,,,,,,,,XXL,,,,,fd-out-15-xxl,0,shopify,25,deny,manual,290.00,345.00,TRUE,TRUE,,,,,,,,,kg,,,
norse-projects-tycho-wool-car-coat,Tycho Wool Car Coat,"<p>A short, hip-length car coat in Italian wool twill with a fly front, a small turn-down collar and a lightly padded lining for raw Nordic wind. The color is a muted espresso brown with tonal buttons, and the cut is straight and slightly roomy so a lambswool crewneck fits underneath. Functional, understated and better the closer you look.</p><ul><li>100% wool twill, woven in Italy</li><li>Lightly padded recycled polyester lining</li><li>Regular fit; hip length</li><li>Concealed fly front, slanted hand pockets</li><li>Dry clean only</li></ul>",Norse Projects,Apparel & Accessories > Clothing > Outerwear > Coats & Jackets,Coats,"car coat, italian wool, scandinavian, padded, category:Outerwear, subcategory:Coats, department:men, style:quiet-minimal, material:wool twill, material:recycled polyester padding, colorfamily:earth, color:espresso, color:dark navy, usecase:city commuting, usecase:cold wind, occasion:commute, occasion:office, occasion:everyday, fit:regular, season:fall, season:winter, tier:premium",TRUE,Size,S,,,,,fd-out-16-s,0,shopify,25,deny,manual,495.00,,TRUE,TRUE,,https://images.pexels.com/photos/19454629/pexels-photo-19454629.jpeg?auto=compress&cs=tinysrgb&w=1600,1,Norse Projects Tycho Wool Car Coat,FALSE,Norse Projects Tycho Wool Car Coat | Fold,"A short, hip-length car coat in Italian wool twill with a fly front, a small turn-down collar and a lightly padded lining for raw Nordic wind. The color is a muted espresso brown with tonal buttons, and the cut is straight and slightly roomy so a lambswool crewneck fits underneath. Functional, understated and better th",,kg,,,active
norse-projects-tycho-wool-car-coat,,,,,,,,,M,,,,,fd-out-16-m,0,shopify,25,deny,manual,495.00,,TRUE,TRUE,,,,,,,,,kg,,,
norse-projects-tycho-wool-car-coat,,,,,,,,,L,,,,,fd-out-16-l,0,shopify,25,deny,manual,495.00,,TRUE,TRUE,,,,,,,,,kg,,,
norse-projects-tycho-wool-car-coat,,,,,,,,,XL,,,,,fd-out-16-xl,0,shopify,25,deny,manual,495.00,,TRUE,TRUE,,,,,,,,,kg,,,
norse-projects-tycho-wool-car-coat,,,,,,,,,XXL,,,,,fd-out-16-xxl,0,shopify,25,deny,manual,495.00,,TRUE,TRUE,,,,,,,,,kg,,,
malha-lisboa-alfama-crochet-trim-cardigan-coat,Alfama Crochet-Trim Cardigan Coat,"<p>A long knitted coat in chunky undyed cotton, edged all the way round in a wide hand-crocheted scallop trim and tied loosely at the waist. It has the weight of a blanket but breathes like a summer knit, so it covers bare shoulders on a cool evening by the sea. Soft and a little undone over a slip dress or linen trousers.</p><ul><li>100% organic cotton, 7-gauge knit</li><li>Hand-crocheted scallop trim</li><li>Relaxed fit; knee length</li><li>Open front with self-tie belt, two patch pockets</li><li>Hand wash cold, dry flat</li><li>Knitted and finished in Portugal</li></ul>",Malha Lisboa,Apparel & Accessories > Clothing > Outerwear > Coats & Jackets,Coats,"crochet, hand-finished, organic cotton, made in portugal, cardigan coat, category:Outerwear, subcategory:Coats, department:women, style:romantic-boho, style:coastal-resort, material:organic cotton, material:crochet, colorfamily:neutral, colorfamily:white, color:ecru, color:sand, usecase:cool evenings, usecase:layering over dresses, usecase:travel, occasion:weekend, occasion:beach, occasion:date night, fit:relaxed, season:spring, season:summer, season:fall, tier:premium, new",TRUE,Size,XS,,,,,fd-out-17-xs,0,shopify,25,deny,manual,310.00,,TRUE,TRUE,,https://images.pexels.com/photos/15685183/pexels-photo-15685183.jpeg?auto=compress&cs=tinysrgb&w=1600,1,Malha Lisboa Alfama Crochet-Trim Cardigan Coat,FALSE,Malha Lisboa Alfama Crochet-Trim Cardigan Coat | Fold,"A long knitted coat in chunky undyed cotton, edged all the way round in a wide hand-crocheted scallop trim and tied loosely at the waist. It has the weight of a blanket but breathes like a summer knit, so it covers bare shoulders on a cool evening by the sea. Soft and a little undone over a slip dress or linen trousers",,kg,,,active
malha-lisboa-alfama-crochet-trim-cardigan-coat,,,,,,,,,S,,,,,fd-out-17-s,0,shopify,25,deny,manual,310.00,,TRUE,TRUE,,,,,,,,,kg,,,
malha-lisboa-alfama-crochet-trim-cardigan-coat,,,,,,,,,M,,,,,fd-out-17-m,0,shopify,25,deny,manual,310.00,,TRUE,TRUE,,,,,,,,,kg,,,
malha-lisboa-alfama-crochet-trim-cardigan-coat,,,,,,,,,L,,,,,fd-out-17-l,0,shopify,25,deny,manual,310.00,,TRUE,TRUE,,,,,,,,,kg,,,
malha-lisboa-alfama-crochet-trim-cardigan-coat,,,,,,,,,XL,,,,,fd-out-17-xl,0,shopify,0,deny,manual,310.00,,TRUE,TRUE,,,,,,,,,kg,,,
hedda-vang-signe-ruffle-collar-trench,Signe Ruffle-Collar Trench,"<p>A light cotton trench in pale stone with a soft ruffled collar, gently puffed sleeve heads and a rose gingham lining that shows when the belt hangs loose. It is cut close at the shoulder and flares to the knee, so it moves more like a dress than a raincoat. Romantic over a floral midi, crisp over an oxford shirt and jeans.</p><ul><li>100% cotton gabardine with water-repellent finish</li><li>Lined in cotton gingham</li><li>Regular fit; knee length</li><li>Double-breasted, tortoiseshell buttons, removable belt</li><li>Machine wash cold, line dry</li><li>Made in Portugal</li></ul>",Hedda Vang,Apparel & Accessories > Clothing > Outerwear > Coats & Jackets,Coats,"trench, ruffle, gingham, made in portugal, category:Outerwear, subcategory:Coats, department:women, style:romantic-boho, style:preppy-ivy, material:cotton gabardine, material:cotton gingham, colorfamily:neutral, colorfamily:pastel, color:pale stone, color:rose gingham, usecase:spring showers, usecase:layering over dresses, occasion:everyday, occasion:office, occasion:wedding guest, fit:regular, season:spring, season:fall, tier:premium",TRUE,Size,XS,,,,,fd-out-18-xs,0,shopify,0,deny,manual,385.00,,TRUE,TRUE,,https://images.pexels.com/photos/5424917/pexels-photo-5424917.jpeg?auto=compress&cs=tinysrgb&w=1600,1,Hedda Vang Signe Ruffle-Collar Trench,FALSE,Hedda Vang Signe Ruffle-Collar Trench | Fold,"A light cotton trench in pale stone with a soft ruffled collar, gently puffed sleeve heads and a rose gingham lining that shows when the belt hangs loose. It is cut close at the shoulder and flares to the knee, so it moves more like a dress than a raincoat. Romantic over a floral midi, crisp over an oxford shirt and je",,kg,,,active
hedda-vang-signe-ruffle-collar-trench,,,,,,,,,S,,,,,fd-out-18-s,0,shopify,25,deny,manual,385.00,,TRUE,TRUE,,,,,,,,,kg,,,
hedda-vang-signe-ruffle-collar-trench,,,,,,,,,M,,,,,fd-out-18-m,0,shopify,25,deny,manual,385.00,,TRUE,TRUE,,,,,,,,,kg,,,
hedda-vang-signe-ruffle-collar-trench,,,,,,,,,L,,,,,fd-out-18-l,0,shopify,25,deny,manual,385.00,,TRUE,TRUE,,,,,,,,,kg,,,
hedda-vang-signe-ruffle-collar-trench,,,,,,,,,XL,,,,,fd-out-18-xl,0,shopify,25,deny,manual,385.00,,TRUE,TRUE,,,,,,,,,kg,,,
patagonia-classic-retro-x-fleece-jacket,Classic Retro-X Fleece Jacket,"<p>Patagonia's Retro-X is a deep-pile fleece in recycled polyester, backed with a windproof barrier membrane so it blocks a cold breeze far better than plain fleece. The pile is a natural off-white with contrast nylon trim on the chest pocket, and the cut is easy and regular. It works at a trailhead in October and over a flannel in town all winter.</p><ul><li>100% recycled polyester pile fleece</li><li>Windproof barrier membrane; recycled polyester mesh lining</li><li>Regular fit</li><li>Zip chest pocket, zippered handwarmer pockets</li><li>Machine wash cold, line dry</li><li>Fair Trade Certified sewn</li></ul>",Patagonia,Apparel & Accessories > Clothing > Outerwear > Coats & Jackets,Shells & fleece,"fleece, recycled, windproof, fair trade, category:Outerwear, subcategory:Shells & fleece, department:men, style:gorpcore-outdoor, material:recycled polyester fleece, material:nylon trim, colorfamily:white, colorfamily:neutral, color:natural, color:dark natural, usecase:trailheads, usecase:cold mornings, usecase:layering, occasion:hiking, occasion:camping, occasion:everyday, fit:regular, season:fall, season:winter, tier:mid, bestseller",TRUE,Size,S,,,,,fd-out-19-s,0,shopify,25,deny,manual,195.00,,TRUE,TRUE,,https://images.pexels.com/photos/17459731/pexels-photo-17459731.jpeg?auto=compress&cs=tinysrgb&w=1600,1,Patagonia Classic Retro-X Fleece Jacket,FALSE,Patagonia Classic Retro-X Fleece Jacket | Fold,"Patagonia's Retro-X is a deep-pile fleece in recycled polyester, backed with a windproof barrier membrane so it blocks a cold breeze far better than plain fleece. The pile is a natural off-white with contrast nylon trim on the chest pocket, and the cut is easy and regular. It works at a trailhead in October and over a ",,kg,,,active
patagonia-classic-retro-x-fleece-jacket,,,,,,,,,M,,,,,fd-out-19-m,0,shopify,25,deny,manual,195.00,,TRUE,TRUE,,,,,,,,,kg,,,
patagonia-classic-retro-x-fleece-jacket,,,,,,,,,L,,,,,fd-out-19-l,0,shopify,0,deny,manual,195.00,,TRUE,TRUE,,,,,,,,,kg,,,
patagonia-classic-retro-x-fleece-jacket,,,,,,,,,XL,,,,,fd-out-19-xl,0,shopify,25,deny,manual,195.00,,TRUE,TRUE,,,,,,,,,kg,,,
patagonia-classic-retro-x-fleece-jacket,,,,,,,,,XXL,,,,,fd-out-19-xxl,0,shopify,25,deny,manual,195.00,,TRUE,TRUE,,,,,,,,,kg,,,
patagonia-torrentshell-3l-rain-jacket,Torrentshell 3L Rain Jacket,"<p>The Torrentshell is a three-layer waterproof, breathable rain shell in recycled nylon that packs into its own pocket and comes out on the first wet morning of every season. It has pit zips for venting, an adjustable hood that rolls away into the collar, and a regular fit with room for a fleece underneath. In a burnt orange that is easy to spot on the trail.</p><ul><li>3-layer H2No Performance Standard shell, 100% recycled nylon ripstop</li><li>PFC-free water-repellent finish</li><li>Regular fit; layers over a midweight fleece</li><li>Pit zips, adjustable roll-away hood, stows in hand pocket</li><li>Machine wash warm, tumble dry low</li><li>Fair Trade Certified sewn</li></ul>",Patagonia,Apparel & Accessories > Clothing > Outerwear > Coats & Jackets,Shells & fleece,"waterproof, packable, recycled, rain shell, category:Outerwear, subcategory:Shells & fleece, department:women, style:gorpcore-outdoor, material:recycled nylon ripstop, colorfamily:warm, colorfamily:bold, color:burnt orange, color:black, usecase:rain, usecase:packable layer, usecase:travel, occasion:hiking, occasion:travel, occasion:commute, fit:regular, season:all-season, tier:mid",TRUE,Size,XS,,,,,fd-out-20-xs,0,shopify,25,deny,manual,180.00,,TRUE,TRUE,,https://images.pexels.com/photos/32328363/pexels-photo-32328363.jpeg?auto=compress&cs=tinysrgb&w=1600,1,Patagonia Torrentshell 3L Rain Jacket,FALSE,Patagonia Torrentshell 3L Rain Jacket | Fold,"The Torrentshell is a three-layer waterproof, breathable rain shell in recycled nylon that packs into its own pocket and comes out on the first wet morning of every season. It has pit zips for venting, an adjustable hood that rolls away into the collar, and a regular fit with room for a fleece underneath. In a burnt or",,kg,,,active
patagonia-torrentshell-3l-rain-jacket,,,,,,,,,S,,,,,fd-out-20-s,0,shopify,0,deny,manual,180.00,,TRUE,TRUE,,,,,,,,,kg,,,
patagonia-torrentshell-3l-rain-jacket,,,,,,,,,M,,,,,fd-out-20-m,0,shopify,25,deny,manual,180.00,,TRUE,TRUE,,,,,,,,,kg,,,
patagonia-torrentshell-3l-rain-jacket,,,,,,,,,L,,,,,fd-out-20-l,0,shopify,25,deny,manual,180.00,,TRUE,TRUE,,,,,,,,,kg,,,
patagonia-torrentshell-3l-rain-jacket,,,,,,,,,XL,,,,,fd-out-20-xl,0,shopify,25,deny,manual,180.00,,TRUE,TRUE,,,,,,,,,kg,,,
salomon-bonatti-waterproof-jacket,Bonatti Waterproof Jacket,"<p>Salomon's Bonatti is a featherweight waterproof running shell that stuffs into its own chest pocket. Fully taped seams and a 2.5-layer membrane keep rain out on a mountain run, while a close, athletic cut and elastic cuffs stop it flapping at pace. In deep black with a reflective logo, it looks just as right on the street with trail runners.</p><ul><li>2.5-layer waterproof shell, 100% polyamide</li><li>Fully taped seams; 10K/10K rating</li><li>Slim, athletic fit; size up to layer</li><li>Hood with rear volume adjuster; stows into chest pocket</li><li>Weight approx. 185 g (size M)</li><li>Machine wash cold</li></ul>",Salomon,Apparel & Accessories > Clothing > Outerwear > Coats & Jackets,Shells & fleece,"waterproof, running, packable, lightweight, category:Outerwear, subcategory:Shells & fleece, department:unisex, style:gorpcore-outdoor, style:athletic, material:polyamide, material:waterproof membrane, colorfamily:black, color:deep black, usecase:trail running, usecase:rain, usecase:packable layer, occasion:running, occasion:hiking, occasion:travel, fit:slim, season:spring, season:summer, season:fall, tier:mid",TRUE,Size,XS,,,,,fd-out-21-xs,0,shopify,25,deny,manual,160.00,,TRUE,TRUE,,https://images.pexels.com/photos/6080641/pexels-photo-6080641.jpeg?auto=compress&cs=tinysrgb&w=1600,1,Salomon Bonatti Waterproof Jacket,FALSE,Salomon Bonatti Waterproof Jacket | Fold,"Salomon's Bonatti is a featherweight waterproof running shell that stuffs into its own chest pocket. Fully taped seams and a 2.5-layer membrane keep rain out on a mountain run, while a close, athletic cut and elastic cuffs stop it flapping at pace. In deep black with a reflective logo, it looks just as right on the str",,kg,,,active
salomon-bonatti-waterproof-jacket,,,,,,,,,S,,,,,fd-out-21-s,0,shopify,25,deny,manual,160.00,,TRUE,TRUE,,,,,,,,,kg,,,
salomon-bonatti-waterproof-jacket,,,,,,,,,M,,,,,fd-out-21-m,0,shopify,25,deny,manual,160.00,,TRUE,TRUE,,,,,,,,,kg,,,
salomon-bonatti-waterproof-jacket,,,,,,,,,L,,,,,fd-out-21-l,0,shopify,25,deny,manual,160.00,,TRUE,TRUE,,,,,,,,,kg,,,
salomon-bonatti-waterproof-jacket,,,,,,,,,XL,,,,,fd-out-21-xl,0,shopify,25,deny,manual,160.00,,TRUE,TRUE,,,,,,,,,kg,,,
snow-peak-light-mountain-cloth-parka,Light Mountain Cloth Parka,"<p>A long, roomy shell in Snow Peak's light mountain cloth, a dry, matte polyester weave that blocks wind and light rain while feeling closer to cotton than nylon. The shape is simple and boxy with a large hood, a snap-covered zip and deep pockets, in quiet olive or charcoal. Equally at home at a campsite or over tailoring on a damp city day.</p><ul><li>100% polyester light mountain cloth, water-repellent</li><li>Unlined; packs small</li><li>Relaxed, longline fit</li><li>Two-way zip under snap placket, adjustable hood</li><li>Machine wash cold, line dry</li><li>Made in Japan</li></ul>",Snow Peak,Apparel & Accessories > Clothing > Outerwear > Coats & Jackets,Shells & fleece,"shell, unlined, water-repellent, longline, made in japan, category:Outerwear, subcategory:Shells & fleece, department:unisex, style:gorpcore-outdoor, style:quiet-minimal, material:polyester, colorfamily:earth, colorfamily:neutral, color:olive, color:charcoal, usecase:wind, usecase:light rain, usecase:camping, occasion:camping, occasion:commute, occasion:travel, fit:relaxed, season:spring, season:fall, tier:premium",TRUE,Size,XS,,,,,fd-out-22-xs,0,shopify,25,deny,manual,395.00,,TRUE,TRUE,,https://images.pexels.com/photos/23644356/pexels-photo-23644356.jpeg?auto=compress&cs=tinysrgb&w=1600,1,Snow Peak Light Mountain Cloth Parka,FALSE,Snow Peak Light Mountain Cloth Parka | Fold,"A long, roomy shell in Snow Peak's light mountain cloth, a dry, matte polyester weave that blocks wind and light rain while feeling closer to cotton than nylon. The shape is simple and boxy with a large hood, a snap-covered zip and deep pockets, in quiet olive or charcoal. Equally at home at a campsite or over tailorin",,kg,,,active
snow-peak-light-mountain-cloth-parka,,,,,,,,,S,,,,,fd-out-22-s,0,shopify,25,deny,manual,395.00,,TRUE,TRUE,,,,,,,,,kg,,,
snow-peak-light-mountain-cloth-parka,,,,,,,,,M,,,,,fd-out-22-m,0,shopify,25,deny,manual,395.00,,TRUE,TRUE,,,,,,,,,kg,,,
snow-peak-light-mountain-cloth-parka,,,,,,,,,L,,,,,fd-out-22-l,0,shopify,25,deny,manual,395.00,,TRUE,TRUE,,,,,,,,,kg,,,
snow-peak-light-mountain-cloth-parka,,,,,,,,,XL,,,,,fd-out-22-xl,0,shopify,25,deny,manual,395.00,,TRUE,TRUE,,,,,,,,,kg,,,
seom-signal-packable-anorak,Signal Packable Anorak,"<p>SEOM's Signal is a half-zip anorak in crinkly, lightweight recycled nylon, cut oversized with a big kangaroo pocket and a toggled hood. A hand-drawn graphic of a broken radio mast runs down one sleeve in reflective ink, and the whole thing packs into its own pocket. Throw it over a heavyweight tee with nylon cargos and trail runners.</p><ul><li>100% recycled nylon taffeta, water-repellent</li><li>Oversized fit; size down for a regular look</li><li>Half zip, kangaroo pocket, toggle hood and hem</li><li>Reflective sleeve print</li><li>Packs into front pocket</li><li>Made in South Korea</li></ul>",SEOM,Apparel & Accessories > Clothing > Outerwear > Coats & Jackets,Shells & fleece,"anorak, packable, reflective, graphic, recycled nylon, category:Outerwear, subcategory:Shells & fleece, department:unisex, style:streetwear, style:gorpcore-outdoor, material:recycled nylon, colorfamily:black, colorfamily:bold, color:washed black, color:safety orange, usecase:festivals, usecase:light rain, usecase:packable layer, occasion:everyday, occasion:festival, occasion:hiking, fit:oversized, season:spring, season:summer, season:fall, tier:mid",TRUE,Size,XS,,,,,fd-out-23-xs,0,shopify,25,deny,manual,145.00,175.00,TRUE,TRUE,,https://images.pexels.com/photos/7051082/pexels-photo-7051082.jpeg?auto=compress&cs=tinysrgb&w=1600,1,SEOM Signal Packable Anorak,FALSE,SEOM Signal Packable Anorak | Fold,"SEOM's Signal is a half-zip anorak in crinkly, lightweight recycled nylon, cut oversized with a big kangaroo pocket and a toggled hood. A hand-drawn graphic of a broken radio mast runs down one sleeve in reflective ink, and the whole thing packs into its own pocket. Throw it over a heavyweight tee with nylon cargos and",,kg,,,active
seom-signal-packable-anorak,,,,,,,,,S,,,,,fd-out-23-s,0,shopify,25,deny,manual,145.00,175.00,TRUE,TRUE,,,,,,,,,kg,,,
seom-signal-packable-anorak,,,,,,,,,M,,,,,fd-out-23-m,0,shopify,0,deny,manual,145.00,175.00,TRUE,TRUE,,,,,,,,,kg,,,
seom-signal-packable-anorak,,,,,,,,,L,,,,,fd-out-23-l,0,shopify,25,deny,manual,145.00,175.00,TRUE,TRUE,,,,,,,,,kg,,,
seom-signal-packable-anorak,,,,,,,,,XL,,,,,fd-out-23-xl,0,shopify,25,deny,manual,145.00,175.00,TRUE,TRUE,,,,,,,,,kg,,,
nike-windrunner-jacket,Windrunner Jacket,"<p>Nike's Windrunner is the 1978 running jacket that never left: a woven nylon-feel shell with the signature chevron yoke across the chest, a hood that stows in the collar and elastic cuffs. It is light and wind-resistant with a mesh lining that breathes on a run or a long walk, and the regular fit layers over a hoodie. Sporty and a little retro with track pants or cargos.</p><ul><li>100% recycled polyester woven shell; mesh lining</li><li>Regular fit</li><li>Full zip; hood stows in the collar</li><li>Zip hand pockets, elastic cuffs and hem</li><li>Machine wash cold</li></ul>",Nike,Apparel & Accessories > Clothing > Outerwear > Coats & Jackets,Shells & fleece,"windbreaker, chevron, lightweight, running, category:Outerwear, subcategory:Shells & fleece, department:men, style:athletic, style:streetwear, material:recycled polyester, material:mesh, colorfamily:black, colorfamily:bold, color:black, color:white, color:university red, usecase:wind, usecase:running, usecase:layering, occasion:running, occasion:everyday, occasion:gym, fit:regular, season:spring, season:fall, tier:mid",TRUE,Size,S,,,,,fd-out-24-s,0,shopify,25,deny,manual,110.00,,TRUE,TRUE,,https://images.pexels.com/photos/26887046/pexels-photo-26887046.jpeg?auto=compress&cs=tinysrgb&w=1600,1,Nike Windrunner Jacket,FALSE,Nike Windrunner Jacket | Fold,"Nike's Windrunner is the 1978 running jacket that never left: a woven nylon-feel shell with the signature chevron yoke across the chest, a hood that stows in the collar and elastic cuffs. It is light and wind-resistant with a mesh lining that breathes on a run or a long walk, and the regular fit layers over a hoodie. S",,kg,,,active
nike-windrunner-jacket,,,,,,,,,M,,,,,fd-out-24-m,0,shopify,25,deny,manual,110.00,,TRUE,TRUE,,,,,,,,,kg,,,
nike-windrunner-jacket,,,,,,,,,L,,,,,fd-out-24-l,0,shopify,25,deny,manual,110.00,,TRUE,TRUE,,,,,,,,,kg,,,
nike-windrunner-jacket,,,,,,,,,XL,,,,,fd-out-24-xl,0,shopify,25,deny,manual,110.00,,TRUE,TRUE,,,,,,,,,kg,,,
nike-windrunner-jacket,,,,,,,,,XXL,,,,,fd-out-24-xxl,0,shopify,0,deny,manual,110.00,,TRUE,TRUE,,,,,,,,,kg,,,
new-balance-impact-run-water-defy-jacket,Impact Run Water Defy Jacket,"<p>A light, water-resistant running jacket with a slim, athletic cut, a dropped back hem for coverage and reflective details for dark mornings. The fabric is a soft, quiet woven that sheds drizzle and blocks wind without rustling, and the jacket packs into its own back pocket. Sporty in a pale sea-salt grey with lime accents.</p><ul><li>100% recycled polyester woven, water-repellent finish</li><li>Slim, athletic fit</li><li>Laser-cut ventilation at back yoke</li><li>Zip back pocket doubles as a stuff sack</li><li>Reflective logo and trims</li><li>Machine wash cold</li></ul>",New Balance,Apparel & Accessories > Clothing > Outerwear > Coats & Jackets,Shells & fleece,"running, water-resistant, reflective, packable, category:Outerwear, subcategory:Shells & fleece, department:women, style:athletic, material:recycled polyester, colorfamily:neutral, colorfamily:bold, color:sea salt grey, color:lime, usecase:early runs, usecase:drizzle, usecase:commuting, occasion:running, occasion:commute, occasion:gym, fit:slim, season:spring, season:fall, tier:mid",TRUE,Size,XS,,,,,fd-out-25-xs,0,shopify,25,deny,manual,130.00,,TRUE,TRUE,,https://images.pexels.com/photos/7746163/pexels-photo-7746163.jpeg?auto=compress&cs=tinysrgb&w=1600,1,New Balance Impact Run Water Defy Jacket,FALSE,New Balance Impact Run Water Defy Jacket | Fold,"A light, water-resistant running jacket with a slim, athletic cut, a dropped back hem for coverage and reflective details for dark mornings. The fabric is a soft, quiet woven that sheds drizzle and blocks wind without rustling, and the jacket packs into its own back pocket. Sporty in a pale sea-salt grey with lime acce",,kg,,,active
new-balance-impact-run-water-defy-jacket,,,,,,,,,S,,,,,fd-out-25-s,0,shopify,25,deny,manual,130.00,,TRUE,TRUE,,,,,,,,,kg,,,
new-balance-impact-run-water-defy-jacket,,,,,,,,,M,,,,,fd-out-25-m,0,shopify,25,deny,manual,130.00,,TRUE,TRUE,,,,,,,,,kg,,,
new-balance-impact-run-water-defy-jacket,,,,,,,,,L,,,,,fd-out-25-l,0,shopify,25,deny,manual,130.00,,TRUE,TRUE,,,,,,,,,kg,,,
new-balance-impact-run-water-defy-jacket,,,,,,,,,XL,,,,,fd-out-25-xl,0,shopify,25,deny,manual,130.00,,TRUE,TRUE,,,,,,,,,kg,,,
hedda-vang-astrid-puff-sleeve-poplin-dress,Astrid Puff-Sleeve Poplin Dress,"<p>A full midi dress in crisp organic cotton poplin with big gathered puff sleeves, a square neck and a smocked bodice that gives where you need it. The skirt is tiered and wide, and the cream color has a faint broderie trim at the hem. Romantic and a little bit undone, it suits a garden wedding, a picnic or a summer evening with sandals.</p><ul><li>100% organic cotton poplin with broderie anglaise trim</li><li>Square neck, elasticated puff sleeves, smocked bodice</li><li>Tiered midi skirt, 47 in from shoulder on S; side pockets</li><li>Model is 5'9"" and wears S</li><li>Machine wash 30°C, warm iron</li><li>Made in small runs in Portugal</li></ul>",Hedda Vang,Apparel & Accessories > Clothing > Dresses,Dresses,"puff sleeve, smocked, broderie, midi, organic cotton, category:Dresses & one-pieces, subcategory:Dresses, department:women, style:romantic-boho, material:organic cotton poplin, material:broderie anglaise, colorfamily:white, colorfamily:neutral, color:cream, color:white, usecase:weddings, usecase:picnics, usecase:summer evenings, occasion:wedding guest, occasion:date night, occasion:weekend, fit:relaxed, season:spring, season:summer, tier:mid, bestseller",TRUE,Size,XS,,,,,fd-dre-01-xs,0,shopify,0,deny,manual,245.00,,TRUE,TRUE,,https://images.pexels.com/photos/9033327/pexels-photo-9033327.jpeg?auto=compress&cs=tinysrgb&w=1600,1,Hedda Vang Astrid Puff-Sleeve Poplin Dress,FALSE,Hedda Vang Astrid Puff-Sleeve Poplin Dress | Fold,"A full midi dress in crisp organic cotton poplin with big gathered puff sleeves, a square neck and a smocked bodice that gives where you need it. The skirt is tiered and wide, and the cream color has a faint broderie trim at the hem. Romantic and a little bit undone, it suits a garden wedding, a picnic or a summer even",,kg,,,active
hedda-vang-astrid-puff-sleeve-poplin-dress,,,,,,,,,S,,,,,fd-dre-01-s,0,shopify,25,deny,manual,245.00,,TRUE,TRUE,,,,,,,,,kg,,,
hedda-vang-astrid-puff-sleeve-poplin-dress,,,,,,,,,M,,,,,fd-dre-01-m,0,shopify,25,deny,manual,245.00,,TRUE,TRUE,,,,,,,,,kg,,,
hedda-vang-astrid-puff-sleeve-poplin-dress,,,,,,,,,L,,,,,fd-dre-01-l,0,shopify,25,deny,manual,245.00,,TRUE,TRUE,,,,,,,,,kg,,,
hedda-vang-astrid-puff-sleeve-poplin-dress,,,,,,,,,XL,,,,,fd-dre-01-xl,0,shopify,25,deny,manual,245.00,,TRUE,TRUE,,,,,,,,,kg,,,
hedda-vang-sigrid-gingham-smocked-mini-dress,Sigrid Gingham Smocked Mini Dress,"<p>A short, fully smocked dress in red-and-cream cotton gingham with tie shoulder straps and a soft ruffle at the hem. It stretches to fit, moves easily and has a sweet, schoolgirl-meets-countryside feel. Wear it with ballet flats and a cardigan over the shoulders, or loafers and white socks.</p><ul><li>100% cotton seersucker gingham</li><li>Fully smocked bodice; adjustable tie straps</li><li>Mini length, 33 in on S; ruffle hem</li><li>Model is 5'8"" and wears S</li><li>Machine wash 30°C, line dry</li><li>Made in small runs in Portugal</li></ul>",Hedda Vang,Apparel & Accessories > Clothing > Dresses,Dresses,"gingham, smocked, mini, seersucker, category:Dresses & one-pieces, subcategory:Dresses, department:women, style:romantic-boho, style:preppy-ivy, material:cotton seersucker, colorfamily:warm, colorfamily:white, color:red gingham, color:cream, usecase:picnics, usecase:summer outfits, usecase:dates, occasion:date night, occasion:weekend, occasion:wedding guest, fit:slim, season:summer, tier:mid",TRUE,Size,XS,,,,,fd-dre-02-xs,0,shopify,25,deny,manual,195.00,230.00,TRUE,TRUE,,https://images.pexels.com/photos/33374905/pexels-photo-33374905.jpeg?auto=compress&cs=tinysrgb&w=1600,1,Hedda Vang Sigrid Gingham Smocked Mini Dress,FALSE,Hedda Vang Sigrid Gingham Smocked Mini Dress | Fold,"A short, fully smocked dress in red-and-cream cotton gingham with tie shoulder straps and a soft ruffle at the hem. It stretches to fit, moves easily and has a sweet, schoolgirl-meets-countryside feel. Wear it with ballet flats and a cardigan over the shoulders, or loafers and white socks.",,kg,,,active
hedda-vang-sigrid-gingham-smocked-mini-dress,,,,,,,,,S,,,,,fd-dre-02-s,0,shopify,25,deny,manual,195.00,230.00,TRUE,TRUE,,,,,,,,,kg,,,
hedda-vang-sigrid-gingham-smocked-mini-dress,,,,,,,,,M,,,,,fd-dre-02-m,0,shopify,25,deny,manual,195.00,230.00,TRUE,TRUE,,,,,,,,,kg,,,
hedda-vang-sigrid-gingham-smocked-mini-dress,,,,,,,,,L,,,,,fd-dre-02-l,0,shopify,25,deny,manual,195.00,230.00,TRUE,TRUE,,,,,,,,,kg,,,
hedda-vang-sigrid-gingham-smocked-mini-dress,,,,,,,,,XL,,,,,fd-dre-02-xl,0,shopify,25,deny,manual,195.00,230.00,TRUE,TRUE,,,,,,,,,kg,,,
arket-cupro-slip-dress,Cupro Slip Dress,"<p>A bias-cut slip dress in fluid cupro with thin adjustable straps, a low V neck and a midi hem that skims the body. The deep navy has a soft matte sheen and no trims, so it reads quietly from across a room. Wear it alone in summer, or layered over a fine white tee with a long wool coat in autumn.</p><ul><li>100% cupro, bias cut</li><li>Adjustable straps, V neckline</li><li>Midi length, 46 in on S</li><li>Model is 5'10"" and wears S</li><li>Hand wash cold or dry clean</li><li>Made in China</li></ul>",Arket,Apparel & Accessories > Clothing > Dresses,Dresses,"slip dress, bias cut, midi, layering, category:Dresses & one-pieces, subcategory:Dresses, department:women, style:quiet-minimal, material:cupro, colorfamily:cool, colorfamily:black, color:navy, color:black, color:oat, usecase:dinners, usecase:layering, usecase:minimal capsule, occasion:date night, occasion:wedding guest, occasion:night out, fit:slim, season:spring, season:summer, season:fall, tier:mid",TRUE,Size,XS,,,,,fd-dre-03-xs,0,shopify,25,deny,manual,110.00,,TRUE,TRUE,,https://images.pexels.com/photos/5822660/pexels-photo-5822660.jpeg?auto=compress&cs=tinysrgb&w=1600,1,Arket Cupro Slip Dress,FALSE,Arket Cupro Slip Dress | Fold,"A bias-cut slip dress in fluid cupro with thin adjustable straps, a low V neck and a midi hem that skims the body. The deep navy has a soft matte sheen and no trims, so it reads quietly from across a room. Wear it alone in summer, or layered over a fine white tee with a long wool coat in autumn.",,kg,,,active
arket-cupro-slip-dress,,,,,,,,,S,,,,,fd-dre-03-s,0,shopify,25,deny,manual,110.00,,TRUE,TRUE,,,,,,,,,kg,,,
arket-cupro-slip-dress,,,,,,,,,M,,,,,fd-dre-03-m,0,shopify,25,deny,manual,110.00,,TRUE,TRUE,,,,,,,,,kg,,,
arket-cupro-slip-dress,,,,,,,,,L,,,,,fd-dre-03-l,0,shopify,25,deny,manual,110.00,,TRUE,TRUE,,,,,,,,,kg,,,
arket-cupro-slip-dress,,,,,,,,,XL,,,,,fd-dre-03-xl,0,shopify,25,deny,manual,110.00,,TRUE,TRUE,,,,,,,,,kg,,,
studio-nicholson-kiko-poplin-shirt-dress,Kiko Poplin Shirt Dress,"<p>A long, generous shirt dress in a dense Japanese cotton poplin, with a dropped shoulder, a hidden placket and a single curved hem that sits mid-calf. It hangs straight from the shoulder and can be worn loose or belted with its own self-tie. Clean, cool and quietly architectural, it pairs with leather slides or flat black loafers.</p><ul><li>100% cotton poplin, woven in Japan</li><li>Concealed button placket, dropped shoulder, self-tie belt</li><li>Midi-calf length, 49 in from shoulder on S</li><li>Model is 5'10"" and wears XS; very relaxed, consider sizing down</li><li>Machine wash 30°C, iron while damp</li><li>Made in Portugal</li></ul>",Studio Nicholson,Apparel & Accessories > Clothing > Dresses,Dresses,"shirt dress, japanese fabric, no logo, belted, category:Dresses & one-pieces, subcategory:Dresses, department:women, style:quiet-minimal, material:cotton poplin, colorfamily:white, colorfamily:neutral, color:optic white, color:pale grey, color:navy, usecase:office outfits, usecase:travel, usecase:summer tailoring, occasion:office, occasion:everyday, occasion:travel, fit:oversized, season:spring, season:summer, tier:premium, new",TRUE,Size,XS,,,,,fd-dre-04-xs,0,shopify,25,deny,manual,350.00,,TRUE,TRUE,,https://images.pexels.com/photos/16439686/pexels-photo-16439686.jpeg?auto=compress&cs=tinysrgb&w=1600,1,Studio Nicholson Kiko Poplin Shirt Dress,FALSE,Studio Nicholson Kiko Poplin Shirt Dress | Fold,"A long, generous shirt dress in a dense Japanese cotton poplin, with a dropped shoulder, a hidden placket and a single curved hem that sits mid-calf. It hangs straight from the shoulder and can be worn loose or belted with its own self-tie. Clean, cool and quietly architectural, it pairs with leather slides or flat bla",,kg,,,active
studio-nicholson-kiko-poplin-shirt-dress,,,,,,,,,S,,,,,fd-dre-04-s,0,shopify,0,deny,manual,350.00,,TRUE,TRUE,,,,,,,,,kg,,,
studio-nicholson-kiko-poplin-shirt-dress,,,,,,,,,M,,,,,fd-dre-04-m,0,shopify,25,deny,manual,350.00,,TRUE,TRUE,,,,,,,,,kg,,,
studio-nicholson-kiko-poplin-shirt-dress,,,,,,,,,L,,,,,fd-dre-04-l,0,shopify,25,deny,manual,350.00,,TRUE,TRUE,,,,,,,,,kg,,,
studio-nicholson-kiko-poplin-shirt-dress,,,,,,,,,XL,,,,,fd-dre-04-xl,0,shopify,25,deny,manual,350.00,,TRUE,TRUE,,,,,,,,,kg,,,
asche-nachtfalter-draped-jersey-dress,Nachtfalter Draped Jersey Dress,"<p>A long, column dress in heavy black viscose jersey with a high cowl neck, long fitted sleeves and an asymmetric draped wrap at the hip. It falls to the ankle and moves slowly, and the matte fabric takes silver jewelry beautifully. Severe and romantic at once, it is made for dark evenings with heavy boots and a long coat.</p><ul><li>95% viscose, 5% elastane jersey, 300 gsm</li><li>Cowl neck, long sleeves, draped asymmetric wrap</li><li>Maxi length, 56 in from shoulder on S</li><li>Model is 5'10"" and wears S</li><li>Hand wash cold, dry flat</li><li>Cut and sewn in Berlin</li></ul>",Asche,Apparel & Accessories > Clothing > Dresses,Dresses,"maxi, draped, cowl neck, made in germany, long sleeve, category:Dresses & one-pieces, subcategory:Dresses, department:women, style:dark-gothic, material:viscose jersey, colorfamily:black, color:black, usecase:concerts, usecase:evenings, usecase:statement dressing, occasion:night out, occasion:date night, occasion:wedding guest, fit:slim, season:fall, season:winter, tier:premium",TRUE,Size,XS,,,,,fd-dre-05-xs,0,shopify,25,deny,manual,260.00,,TRUE,TRUE,,https://images.pexels.com/photos/20195200/pexels-photo-20195200.jpeg?auto=compress&cs=tinysrgb&w=1600,1,Asche Nachtfalter Draped Jersey Dress,FALSE,Asche Nachtfalter Draped Jersey Dress | Fold,"A long, column dress in heavy black viscose jersey with a high cowl neck, long fitted sleeves and an asymmetric draped wrap at the hip. It falls to the ankle and moves slowly, and the matte fabric takes silver jewelry beautifully. Severe and romantic at once, it is made for dark evenings with heavy boots and a long coa",,kg,,,active
asche-nachtfalter-draped-jersey-dress,,,,,,,,,S,,,,,fd-dre-05-s,0,shopify,25,deny,manual,260.00,,TRUE,TRUE,,,,,,,,,kg,,,
asche-nachtfalter-draped-jersey-dress,,,,,,,,,M,,,,,fd-dre-05-m,0,shopify,25,deny,manual,260.00,,TRUE,TRUE,,,,,,,,,kg,,,
asche-nachtfalter-draped-jersey-dress,,,,,,,,,L,,,,,fd-dre-05-l,0,shopify,25,deny,manual,260.00,,TRUE,TRUE,,,,,,,,,kg,,,
asche-nachtfalter-draped-jersey-dress,,,,,,,,,XL,,,,,fd-dre-05-xl,0,shopify,25,deny,manual,260.00,,TRUE,TRUE,,,,,,,,,kg,,,
soller-formentor-linen-maxi-dress,Formentor Linen Maxi Dress,"<p>A loose, sleeveless maxi dress in washed linen with a deep scoop back, a drawstring waist and side slits that let it move in the breeze. The sun-faded blue-and-white stripe looks like old Mediterranean awnings. Made for heat, it goes from beach to a late dinner with espadrilles and a raffia tote.</p><ul><li>100% European linen, 170 gsm, stone washed</li><li>Scoop back, adjustable drawstring waist</li><li>Maxi length with side slits; 52 in from shoulder on S</li><li>Model is 5'8"" and wears S</li><li>Machine wash 30°C, line dry</li><li>Made in Spain</li></ul>",Sóller,Apparel & Accessories > Clothing > Dresses,Dresses,"linen, maxi, striped, made in spain, resort, category:Dresses & one-pieces, subcategory:Dresses, department:women, style:coastal-resort, material:linen, colorfamily:cool, colorfamily:white, color:sky blue stripe, color:white, color:sand, usecase:vacation, usecase:beach to dinner, usecase:hot weather, occasion:beach, occasion:travel, occasion:date night, fit:relaxed, season:summer, tier:mid",TRUE,Size,XS,,,,,fd-dre-06-xs,0,shopify,25,deny,manual,185.00,220.00,TRUE,TRUE,,https://images.pexels.com/photos/36747240/pexels-photo-36747240.jpeg?auto=compress&cs=tinysrgb&w=1600,1,Sóller Formentor Linen Maxi Dress,FALSE,Sóller Formentor Linen Maxi Dress | Fold,"A loose, sleeveless maxi dress in washed linen with a deep scoop back, a drawstring waist and side slits that let it move in the breeze. The sun-faded blue-and-white stripe looks like old Mediterranean awnings. Made for heat, it goes from beach to a late dinner with espadrilles and a raffia tote.",,kg,,,active
soller-formentor-linen-maxi-dress,,,,,,,,,S,,,,,fd-dre-06-s,0,shopify,25,deny,manual,185.00,220.00,TRUE,TRUE,,,,,,,,,kg,,,
soller-formentor-linen-maxi-dress,,,,,,,,,M,,,,,fd-dre-06-m,0,shopify,0,deny,manual,185.00,220.00,TRUE,TRUE,,,,,,,,,kg,,,
soller-formentor-linen-maxi-dress,,,,,,,,,L,,,,,fd-dre-06-l,0,shopify,25,deny,manual,185.00,220.00,TRUE,TRUE,,,,,,,,,kg,,,
soller-formentor-linen-maxi-dress,,,,,,,,,XL,,,,,fd-dre-06-xl,0,shopify,25,deny,manual,185.00,220.00,TRUE,TRUE,,,,,,,,,kg,,,
malha-lisboa-graca-crochet-midi-dress,Graça Crochet Midi Dress,"<p>A slim, sleeveless midi dress in open cotton crochet, worked in a traditional Portuguese pineapple stitch with a scalloped neckline and hem. It is hand-finished at the family mill and comes with a slip you can wear or swap for a swimsuit. Soft, textured and summery, it suits a seaside wedding, a festival or a slow evening on a terrace.</p><ul><li>100% mercerized cotton crochet, hand-finished</li><li>Removable cotton slip</li><li>Midi length, 45 in from shoulder on S</li><li>Model is 5'9"" and wears S</li><li>Hand wash cold, dry flat</li><li>Knitted and finished outside Lisbon, Portugal</li></ul>",Malha Lisboa,Apparel & Accessories > Clothing > Dresses,Dresses,"crochet, handmade, made in portugal, midi, category:Dresses & one-pieces, subcategory:Dresses, department:women, style:romantic-boho, style:coastal-resort, material:mercerized cotton, material:crochet, colorfamily:neutral, colorfamily:white, color:ecru, color:sand, usecase:vacation, usecase:festivals, usecase:weddings, occasion:beach, occasion:festival, occasion:wedding guest, fit:slim, season:spring, season:summer, tier:mid",TRUE,Size,XS,,,,,fd-dre-07-xs,0,shopify,25,deny,manual,240.00,,TRUE,TRUE,,https://images.pexels.com/photos/30471942/pexels-photo-30471942.jpeg?auto=compress&cs=tinysrgb&w=1600,1,Malha Lisboa Graça Crochet Midi Dress,FALSE,Malha Lisboa Graça Crochet Midi Dress | Fold,"A slim, sleeveless midi dress in open cotton crochet, worked in a traditional Portuguese pineapple stitch with a scalloped neckline and hem. It is hand-finished at the family mill and comes with a slip you can wear or swap for a swimsuit. Soft, textured and summery, it suits a seaside wedding, a festival or a slow even",,kg,,,active
malha-lisboa-graca-crochet-midi-dress,,,,,,,,,S,,,,,fd-dre-07-s,0,shopify,25,deny,manual,240.00,,TRUE,TRUE,,,,,,,,,kg,,,
malha-lisboa-graca-crochet-midi-dress,,,,,,,,,M,,,,,fd-dre-07-m,0,shopify,25,deny,manual,240.00,,TRUE,TRUE,,,,,,,,,kg,,,
malha-lisboa-graca-crochet-midi-dress,,,,,,,,,L,,,,,fd-dre-07-l,0,shopify,25,deny,manual,240.00,,TRUE,TRUE,,,,,,,,,kg,,,
malha-lisboa-graca-crochet-midi-dress,,,,,,,,,XL,,,,,fd-dre-07-xl,0,shopify,25,deny,manual,240.00,,TRUE,TRUE,,,,,,,,,kg,,,
nike-nikecourt-dri-fit-victory-tennis-dress,NikeCourt Dri-FIT Victory Tennis Dress,"<p>A sleeveless tennis dress in stretchy Dri-FIT jersey with a racerback, a built-in bra shelf and a flippy pleated skirt over integrated shorts with ball pockets. The clean white with a small black Swoosh looks right on court and just as sharp with a cardigan afterwards. Sporty, breathable and easy to move in.</p><ul><li>88% recycled polyester, 12% spandex Dri-FIT jersey</li><li>Racerback, built-in shelf bra</li><li>Integrated shorts with ball pockets; pleated skirt</li><li>Model is 5'8"" and wears S</li><li>Machine wash cold</li><li>Made in Thailand</li></ul>",Nike,Apparel & Accessories > Clothing > Dresses,Dresses,"tennis, dri-fit, built-in shorts, pleated, category:Dresses & one-pieces, subcategory:Dresses, department:women, style:athletic, material:recycled polyester, material:spandex, colorfamily:white, color:white, color:black, usecase:tennis, usecase:padel, usecase:training, occasion:gym, occasion:weekend, fit:slim, season:spring, season:summer, tier:mid",TRUE,Size,XS,,,,,fd-dre-08-xs,0,shopify,25,deny,manual,90.00,,TRUE,TRUE,,https://images.pexels.com/photos/27064329/pexels-photo-27064329.jpeg?auto=compress&cs=tinysrgb&w=1600,1,Nike NikeCourt Dri-FIT Victory Tennis Dress,FALSE,Nike NikeCourt Dri-FIT Victory Tennis Dress | Fold,"A sleeveless tennis dress in stretchy Dri-FIT jersey with a racerback, a built-in bra shelf and a flippy pleated skirt over integrated shorts with ball pockets. The clean white with a small black Swoosh looks right on court and just as sharp with a cardigan afterwards. Sporty, breathable and easy to move in.",,kg,,,active
nike-nikecourt-dri-fit-victory-tennis-dress,,,,,,,,,S,,,,,fd-dre-08-s,0,shopify,25,deny,manual,90.00,,TRUE,TRUE,,,,,,,,,kg,,,
nike-nikecourt-dri-fit-victory-tennis-dress,,,,,,,,,M,,,,,fd-dre-08-m,0,shopify,25,deny,manual,90.00,,TRUE,TRUE,,,,,,,,,kg,,,
nike-nikecourt-dri-fit-victory-tennis-dress,,,,,,,,,L,,,,,fd-dre-08-l,0,shopify,25,deny,manual,90.00,,TRUE,TRUE,,,,,,,,,kg,,,
nike-nikecourt-dri-fit-victory-tennis-dress,,,,,,,,,XL,,,,,fd-dre-08-xl,0,shopify,0,deny,manual,90.00,,TRUE,TRUE,,,,,,,,,kg,,,
seom-chrome-ruched-mesh-mini-dress,Chrome Ruched Mesh Mini Dress,"<p>A body-skimming mini in stretch power mesh, ruched along both sides with adjustable drawcords so you can pull the hem as short as you want. It is printed with a hazy chrome graphic drawn by the founders and lined at the body. Shiny, slim and very early-2000s, it wants platform sneakers or boots and a cropped jacket.</p><ul><li>90% nylon, 10% elastane power mesh; jersey lining</li><li>Side ruching with adjustable drawcords</li><li>Mini length, 30–34 in from shoulder on S</li><li>Model is 5'7"" and wears S</li><li>Hand wash cold</li><li>Made in South Korea</li></ul>",SEOM,Apparel & Accessories > Clothing > Dresses,Dresses,"mesh, ruched, mini, graphic, party, category:Dresses & one-pieces, subcategory:Dresses, department:women, style:y2k-retro, style:streetwear, material:nylon mesh, material:elastane, colorfamily:cool, colorfamily:black, color:chrome silver, color:black, usecase:going out, usecase:parties, usecase:festival outfits, occasion:night out, occasion:festival, fit:slim, season:spring, season:summer, tier:mid, new",TRUE,Size,XS,,,,,fd-dre-09-xs,0,shopify,25,deny,manual,95.00,,TRUE,TRUE,,https://images.pexels.com/photos/18276739/pexels-photo-18276739.jpeg?auto=compress&cs=tinysrgb&w=1600,1,SEOM Chrome Ruched Mesh Mini Dress,FALSE,SEOM Chrome Ruched Mesh Mini Dress | Fold,"A body-skimming mini in stretch power mesh, ruched along both sides with adjustable drawcords so you can pull the hem as short as you want. It is printed with a hazy chrome graphic drawn by the founders and lined at the body. Shiny, slim and very early-2000s, it wants platform sneakers or boots and a cropped jacket.",,kg,,,active
seom-chrome-ruched-mesh-mini-dress,,,,,,,,,S,,,,,fd-dre-09-s,0,shopify,25,deny,manual,95.00,,TRUE,TRUE,,,,,,,,,kg,,,
seom-chrome-ruched-mesh-mini-dress,,,,,,,,,M,,,,,fd-dre-09-m,0,shopify,25,deny,manual,95.00,,TRUE,TRUE,,,,,,,,,kg,,,
seom-chrome-ruched-mesh-mini-dress,,,,,,,,,L,,,,,fd-dre-09-l,0,shopify,25,deny,manual,95.00,,TRUE,TRUE,,,,,,,,,kg,,,
seom-chrome-ruched-mesh-mini-dress,,,,,,,,,XL,,,,,fd-dre-09-xl,0,shopify,25,deny,manual,95.00,,TRUE,TRUE,,,,,,,,,kg,,,
carhartt-wip-w-bib-overall-straight,W' Bib Overall Straight,"<p>A straight-leg bib overall in rinsed 12 oz Dearborn canvas, with adjustable buckle straps, a chest pocket and side button openings. It starts stiff and softens into a slouchy, faded fit over months of wear. Utilitarian and a little cool, it goes over a striped long-sleeve tee or a hoodie with chunky boots or skate shoes.</p><ul><li>100% organic cotton 'Dearborn' canvas, 12 oz</li><li>Adjustable buckle straps; button side openings</li><li>Bib pocket, hammer loop, rear patch pockets</li><li>Model is 5'8"" and wears S</li><li>Machine wash cold; expect fading at seams</li><li>Made in Tunisia</li></ul>",Carhartt WIP,Apparel & Accessories > Clothing > One-Pieces,Jumpsuits,"overalls, canvas, organic cotton, breaks in, category:Dresses & one-pieces, subcategory:Jumpsuits, department:women, style:heritage-workwear, style:streetwear, material:cotton canvas, colorfamily:earth, colorfamily:black, color:hamilton brown, color:black rinsed, usecase:workshop, usecase:everyday, usecase:gardening, occasion:everyday, occasion:weekend, occasion:festival, fit:relaxed, season:spring, season:fall, tier:mid",TRUE,Size,XS,,,,,fd-dre-10-xs,0,shopify,25,deny,manual,150.00,,TRUE,TRUE,,https://images.pexels.com/photos/20451043/pexels-photo-20451043.jpeg?auto=compress&cs=tinysrgb&w=1600,1,Carhartt WIP W' Bib Overall Straight,FALSE,Carhartt WIP W' Bib Overall Straight | Fold,"A straight-leg bib overall in rinsed 12 oz Dearborn canvas, with adjustable buckle straps, a chest pocket and side button openings. It starts stiff and softens into a slouchy, faded fit over months of wear. Utilitarian and a little cool, it goes over a striped long-sleeve tee or a hoodie with chunky boots or skate shoe",,kg,,,active
carhartt-wip-w-bib-overall-straight,,,,,,,,,S,,,,,fd-dre-10-s,0,shopify,25,deny,manual,150.00,,TRUE,TRUE,,,,,,,,,kg,,,
carhartt-wip-w-bib-overall-straight,,,,,,,,,M,,,,,fd-dre-10-m,0,shopify,0,deny,manual,150.00,,TRUE,TRUE,,,,,,,,,kg,,,
carhartt-wip-w-bib-overall-straight,,,,,,,,,L,,,,,fd-dre-10-l,0,shopify,25,deny,manual,150.00,,TRUE,TRUE,,,,,,,,,kg,,,
carhartt-wip-w-bib-overall-straight,,,,,,,,,XL,,,,,fd-dre-10-xl,0,shopify,25,deny,manual,150.00,,TRUE,TRUE,,,,,,,,,kg,,,
soller-valldemossa-linen-jumpsuit,Valldemossa Linen Jumpsuit,"<p>A sleeveless wide-leg jumpsuit in washed linen with a V neck, a self-tie waist and deep pockets. It drapes loosely and stays cool in real heat, and the sand color is softened to look sun-bleached. Calm and easy, it pairs with flat leather sandals, a straw hat and gold hoops.</p><ul><li>100% European linen, 190 gsm, stone washed</li><li>V neck, self-tie waist, button back</li><li>Wide leg, inseam 29 in on S; side pockets</li><li>Model is 5'9"" and wears S</li><li>Machine wash 30°C, line dry</li><li>Made in Spain</li></ul>",Sóller,Apparel & Accessories > Clothing > One-Pieces,Jumpsuits,"linen, jumpsuit, pockets, made in spain, category:Dresses & one-pieces, subcategory:Jumpsuits, department:women, style:coastal-resort, style:quiet-minimal, material:linen, colorfamily:neutral, color:sand, color:white, color:olive, usecase:vacation, usecase:travel, usecase:hot weather, occasion:travel, occasion:beach, occasion:weekend, fit:relaxed, season:summer, tier:mid",TRUE,Size,XS,,,,,fd-dre-11-xs,0,shopify,25,deny,manual,195.00,,TRUE,TRUE,,https://images.pexels.com/photos/38023309/pexels-photo-38023309.jpeg?auto=compress&cs=tinysrgb&w=1600,1,Sóller Valldemossa Linen Jumpsuit,FALSE,Sóller Valldemossa Linen Jumpsuit | Fold,"A sleeveless wide-leg jumpsuit in washed linen with a V neck, a self-tie waist and deep pockets. It drapes loosely and stays cool in real heat, and the sand color is softened to look sun-bleached. Calm and easy, it pairs with flat leather sandals, a straw hat and gold hoops.",,kg,,,active
soller-valldemossa-linen-jumpsuit,,,,,,,,,S,,,,,fd-dre-11-s,0,shopify,25,deny,manual,195.00,,TRUE,TRUE,,,,,,,,,kg,,,
soller-valldemossa-linen-jumpsuit,,,,,,,,,M,,,,,fd-dre-11-m,0,shopify,25,deny,manual,195.00,,TRUE,TRUE,,,,,,,,,kg,,,
soller-valldemossa-linen-jumpsuit,,,,,,,,,L,,,,,fd-dre-11-l,0,shopify,25,deny,manual,195.00,,TRUE,TRUE,,,,,,,,,kg,,,
soller-valldemossa-linen-jumpsuit,,,,,,,,,XL,,,,,fd-dre-11-xl,0,shopify,25,deny,manual,195.00,,TRUE,TRUE,,,,,,,,,kg,,,
burnside-canvas-mill-coverall,Mill Coverall,"<p>A one-piece work coverall in 10 oz duck canvas with a two-way front zip, action-pleat back and a stack of pockets for pencils, rules and phone. Garment-dyed a deep indigo-washed navy, it fades over time to the soft blue of old work clothes. Rugged and practical, it is made for the workshop or the garden and looks good with boots and a beanie.</p><ul><li>100% cotton duck canvas, 10 oz, garment dyed</li><li>Two-way brass zip, action-pleat back, elastic back waist</li><li>Chest, hip, rule and pencil pockets</li><li>Unisex sizing; women typically size down one</li><li>Machine wash cold; free repairs for life</li><li>Made in Portland, Oregon</li></ul>",Burnside Canvas,Apparel & Accessories > Clothing > One-Pieces,Jumpsuits,"coverall, boilersuit, duck canvas, made in usa, repairable, category:Dresses & one-pieces, subcategory:Jumpsuits, department:unisex, style:heritage-workwear, material:cotton duck canvas, colorfamily:cool, colorfamily:earth, color:washed navy, color:tobacco brown, usecase:workshop, usecase:gardening, usecase:making, occasion:everyday, occasion:weekend, occasion:camping, fit:relaxed, season:spring, season:fall, tier:mid",TRUE,Size,XS,,,,,fd-dre-12-xs,0,shopify,25,deny,manual,245.00,,TRUE,TRUE,,https://images.pexels.com/photos/8985709/pexels-photo-8985709.jpeg?auto=compress&cs=tinysrgb&w=1600,1,Burnside Canvas Mill Coverall,FALSE,Burnside Canvas Mill Coverall | Fold,"A one-piece work coverall in 10 oz duck canvas with a two-way front zip, action-pleat back and a stack of pockets for pencils, rules and phone. Garment-dyed a deep indigo-washed navy, it fades over time to the soft blue of old work clothes. Rugged and practical, it is made for the workshop or the garden and looks good ",,kg,,,active
burnside-canvas-mill-coverall,,,,,,,,,S,,,,,fd-dre-12-s,0,shopify,25,deny,manual,245.00,,TRUE,TRUE,,,,,,,,,kg,,,
burnside-canvas-mill-coverall,,,,,,,,,M,,,,,fd-dre-12-m,0,shopify,25,deny,manual,245.00,,TRUE,TRUE,,,,,,,,,kg,,,
burnside-canvas-mill-coverall,,,,,,,,,L,,,,,fd-dre-12-l,0,shopify,25,deny,manual,245.00,,TRUE,TRUE,,,,,,,,,kg,,,
burnside-canvas-mill-coverall,,,,,,,,,XL,,,,,fd-dre-12-xl,0,shopify,0,deny,manual,245.00,,TRUE,TRUE,,,,,,,,,kg,,,
nike-air-force-1-07,Air Force 1 '07,"<p>The 1982 basketball shoe that never left the street: a full-grain leather upper in triple white, a chunky cupsole with Air cushioning in the heel and a perforated toe box. It reads loud and clean at once, the shoe that goes under baggy cargos, wide denim and oversized hoodies. Keep it box-fresh or let it crease; both are part of the point.</p><ul><li>Full-grain leather upper with stitched overlays</li><li>Rubber cupsole with encapsulated Air unit in the heel</li><li>Pivot-circle outsole tread</li><li>Runs about a half size large; consider sizing down</li><li>Wipe clean with a damp cloth</li></ul>",Nike,Apparel & Accessories > Shoes > Sneakers,Sneakers,"court classic, icon, white sneakers, basketball heritage, category:Footwear, subcategory:Sneakers, department:unisex, style:streetwear, material:leather, material:rubber, colorfamily:white, color:triple white, usecase:daily wear, usecase:pairing with baggy denim, usecase:city walking, occasion:everyday, occasion:weekend, occasion:campus, fit:regular, season:all-season, tier:mid, bestseller",TRUE,Size,EU 38,,,,,fd-ftw-01-eu-38,0,shopify,25,deny,manual,115.00,,TRUE,TRUE,,https://images.pexels.com/photos/4208241/pexels-photo-4208241.jpeg?auto=compress&cs=tinysrgb&w=1600,1,Nike Air Force 1 '07,FALSE,Nike Air Force 1 '07 | Fold,"The 1982 basketball shoe that never left the street: a full-grain leather upper in triple white, a chunky cupsole with Air cushioning in the heel and a perforated toe box. It reads loud and clean at once, the shoe that goes under baggy cargos, wide denim and oversized hoodies. Keep it box-fresh or let it crease; both a",,kg,,,active
nike-air-force-1-07,,,,,,,,,EU 39,,,,,fd-ftw-01-eu-39,0,shopify,25,deny,manual,115.00,,TRUE,TRUE,,,,,,,,,kg,,,
nike-air-force-1-07,,,,,,,,,EU 40,,,,,fd-ftw-01-eu-40,0,shopify,25,deny,manual,115.00,,TRUE,TRUE,,,,,,,,,kg,,,
nike-air-force-1-07,,,,,,,,,EU 41,,,,,fd-ftw-01-eu-41,0,shopify,0,deny,manual,115.00,,TRUE,TRUE,,,,,,,,,kg,,,
nike-air-force-1-07,,,,,,,,,EU 42,,,,,fd-ftw-01-eu-42,0,shopify,25,deny,manual,115.00,,TRUE,TRUE,,,,,,,,,kg,,,
nike-air-force-1-07,,,,,,,,,EU 43,,,,,fd-ftw-01-eu-43,0,shopify,25,deny,manual,115.00,,TRUE,TRUE,,,,,,,,,kg,,,
nike-air-force-1-07,,,,,,,,,EU 44,,,,,fd-ftw-01-eu-44,0,shopify,25,deny,manual,115.00,,TRUE,TRUE,,,,,,,,,kg,,,
nike-pegasus-41,Pegasus 41,"<p>Nike's everyday road trainer, with a breathable engineered mesh upper, ReactX foam and Air Zoom units front and back for a springy, protective ride. It handles easy miles, tempo days and the walk to the gym without fuss. White with volt and black accents, it looks the part on a track and does not look out of place after.</p><ul><li>Engineered mesh upper with padded collar and tongue</li><li>ReactX midsole with forefoot and heel Air Zoom units</li><li>10 mm heel-to-toe drop; about 280 g (men's EU 42)</li><li>Waffle-inspired rubber outsole</li><li>True to size for most runners</li></ul>",Nike,Apparel & Accessories > Shoes > Sneakers,Sneakers,"running shoe, neutral cushioning, daily trainer, breathable, category:Footwear, subcategory:Sneakers, department:unisex, style:athletic, material:engineered mesh, material:foam, material:rubber, colorfamily:white, colorfamily:bold, color:white, color:volt, color:black, usecase:road running, usecase:gym sessions, usecase:daily training, occasion:running, occasion:gym, occasion:everyday, fit:regular, season:all-season, tier:mid",TRUE,Size,EU 38,,,,,fd-ftw-02-eu-38,0,shopify,25,deny,manual,140.00,,TRUE,TRUE,,https://images.pexels.com/photos/32910496/pexels-photo-32910496.jpeg?auto=compress&cs=tinysrgb&w=1600,1,Nike Pegasus 41,FALSE,Nike Pegasus 41 | Fold,"Nike's everyday road trainer, with a breathable engineered mesh upper, ReactX foam and Air Zoom units front and back for a springy, protective ride. It handles easy miles, tempo days and the walk to the gym without fuss. White with volt and black accents, it looks the part on a track and does not look out of place afte",,kg,,,active
nike-pegasus-41,,,,,,,,,EU 39,,,,,fd-ftw-02-eu-39,0,shopify,25,deny,manual,140.00,,TRUE,TRUE,,,,,,,,,kg,,,
nike-pegasus-41,,,,,,,,,EU 40,,,,,fd-ftw-02-eu-40,0,shopify,25,deny,manual,140.00,,TRUE,TRUE,,,,,,,,,kg,,,
nike-pegasus-41,,,,,,,,,EU 41,,,,,fd-ftw-02-eu-41,0,shopify,25,deny,manual,140.00,,TRUE,TRUE,,,,,,,,,kg,,,
nike-pegasus-41,,,,,,,,,EU 42,,,,,fd-ftw-02-eu-42,0,shopify,25,deny,manual,140.00,,TRUE,TRUE,,,,,,,,,kg,,,
nike-pegasus-41,,,,,,,,,EU 43,,,,,fd-ftw-02-eu-43,0,shopify,25,deny,manual,140.00,,TRUE,TRUE,,,,,,,,,kg,,,
nike-pegasus-41,,,,,,,,,EU 44,,,,,fd-ftw-02-eu-44,0,shopify,0,deny,manual,140.00,,TRUE,TRUE,,,,,,,,,kg,,,
nike-cortez-leather,Cortez Leather,"<p>The slim 1972 runner that became a West Coast street staple, in smooth white leather with a varsity red Swoosh and a blue-striped herringbone sole. It has a low, narrow profile and a slight wedge that sits nicely under flared track pants and low-rise denim. Sporty, a little retro, and easy to wear every day.</p><ul><li>Leather upper with synthetic overlays</li><li>Foam wedge midsole with herringbone rubber outsole</li><li>Slim, narrow last; go half a size up if you have wide feet</li><li>Lace-up front with padded collar</li></ul>",Nike,Apparel & Accessories > Shoes > Sneakers,Sneakers,"retro runner, slim sneaker, 70s archive, sale, category:Footwear, subcategory:Sneakers, department:women, style:y2k-retro, material:leather, material:foam, material:rubber, colorfamily:white, colorfamily:bold, color:white, color:varsity red, color:royal blue, usecase:daily wear, usecase:pairing with track pants, usecase:light walking, occasion:everyday, occasion:weekend, occasion:campus, fit:slim, season:spring, season:summer, season:fall, tier:mid",TRUE,Size,EU 36,,,,,fd-ftw-03-eu-36,0,shopify,25,deny,manual,78.00,100.00,TRUE,TRUE,,https://images.pexels.com/photos/5667963/pexels-photo-5667963.jpeg?auto=compress&cs=tinysrgb&w=1600,1,Nike Cortez Leather,FALSE,Nike Cortez Leather | Fold,"The slim 1972 runner that became a West Coast street staple, in smooth white leather with a varsity red Swoosh and a blue-striped herringbone sole. It has a low, narrow profile and a slight wedge that sits nicely under flared track pants and low-rise denim. Sporty, a little retro, and easy to wear every day.",,kg,,,active
nike-cortez-leather,,,,,,,,,EU 37,,,,,fd-ftw-03-eu-37,0,shopify,25,deny,manual,78.00,100.00,TRUE,TRUE,,,,,,,,,kg,,,
nike-cortez-leather,,,,,,,,,EU 38,,,,,fd-ftw-03-eu-38,0,shopify,0,deny,manual,78.00,100.00,TRUE,TRUE,,,,,,,,,kg,,,
nike-cortez-leather,,,,,,,,,EU 39,,,,,fd-ftw-03-eu-39,0,shopify,25,deny,manual,78.00,100.00,TRUE,TRUE,,,,,,,,,kg,,,
nike-cortez-leather,,,,,,,,,EU 40,,,,,fd-ftw-03-eu-40,0,shopify,25,deny,manual,78.00,100.00,TRUE,TRUE,,,,,,,,,kg,,,
nike-cortez-leather,,,,,,,,,EU 41,,,,,fd-ftw-03-eu-41,0,shopify,25,deny,manual,78.00,100.00,TRUE,TRUE,,,,,,,,,kg,,,
adidas-samba-og,Samba OG,"<p>Born as a football trainer for icy pitches, the Samba is all low profile: soft white leather, a suede T-toe overlay, black three stripes and a gum rubber sole. It is the terrace shoe that crossed into everything, from baggy jeans and track tops to cropped trousers. Slim through the toe, so it looks sharp rather than chunky.</p><ul><li>Leather upper with suede T-toe overlay</li><li>Gum rubber cupsole</li><li>Synthetic lining</li><li>Narrow fit; wide feet should size up half a size</li><li>Made in Vietnam</li></ul>",Adidas,Apparel & Accessories > Shoes > Sneakers,Sneakers,"terrace, gum sole, low profile, icon, category:Footwear, subcategory:Sneakers, department:unisex, style:streetwear, style:y2k-retro, material:leather, material:suede, material:gum rubber, colorfamily:white, colorfamily:black, color:cloud white, color:core black, color:gum, usecase:daily wear, usecase:city walking, usecase:pairing with baggy denim, occasion:everyday, occasion:weekend, occasion:night out, fit:slim, season:all-season, tier:mid, bestseller",TRUE,Size,EU 37,,,,,fd-ftw-04-eu-37,0,shopify,25,deny,manual,100.00,,TRUE,TRUE,,https://images.pexels.com/photos/20082767/pexels-photo-20082767.jpeg?auto=compress&cs=tinysrgb&w=1600,1,Adidas Samba OG,FALSE,Adidas Samba OG | Fold,"Born as a football trainer for icy pitches, the Samba is all low profile: soft white leather, a suede T-toe overlay, black three stripes and a gum rubber sole. It is the terrace shoe that crossed into everything, from baggy jeans and track tops to cropped trousers. Slim through the toe, so it looks sharp rather than ch",,kg,,,active
adidas-samba-og,,,,,,,,,EU 38,,,,,fd-ftw-04-eu-38,0,shopify,25,deny,manual,100.00,,TRUE,TRUE,,,,,,,,,kg,,,
adidas-samba-og,,,,,,,,,EU 39,,,,,fd-ftw-04-eu-39,0,shopify,0,deny,manual,100.00,,TRUE,TRUE,,,,,,,,,kg,,,
adidas-samba-og,,,,,,,,,EU 40,,,,,fd-ftw-04-eu-40,0,shopify,25,deny,manual,100.00,,TRUE,TRUE,,,,,,,,,kg,,,
adidas-samba-og,,,,,,,,,EU 41,,,,,fd-ftw-04-eu-41,0,shopify,25,deny,manual,100.00,,TRUE,TRUE,,,,,,,,,kg,,,
adidas-samba-og,,,,,,,,,EU 42,,,,,fd-ftw-04-eu-42,0,shopify,0,deny,manual,100.00,,TRUE,TRUE,,,,,,,,,kg,,,
adidas-samba-og,,,,,,,,,EU 43,,,,,fd-ftw-04-eu-43,0,shopify,25,deny,manual,100.00,,TRUE,TRUE,,,,,,,,,kg,,,
adidas-gazelle-indoor,Gazelle Indoor,"<p>The indoor training Gazelle in soft blue fusion suede with white stripes and a translucent blue gum sole. It has a slim, low-slung shape and that slightly flattened toe that sits nicely under low-rise jeans, mini skirts and track pants. Playful color, early-2000s attitude, comfortable all day.</p><ul><li>Suede upper with leather three stripes</li><li>Translucent gum rubber outsole</li><li>Leather lining</li><li>Slim fit; true to size for narrow to average feet</li></ul>",Adidas,Apparel & Accessories > Shoes > Sneakers,Sneakers,"suede, colorful, terrace, gum sole, category:Footwear, subcategory:Sneakers, department:women, style:y2k-retro, material:suede, material:leather, material:gum rubber, colorfamily:cool, colorfamily:pastel, color:blue fusion, color:cloud white, color:translucent blue gum, usecase:daily wear, usecase:pairing with skirts, usecase:weekends out, occasion:everyday, occasion:weekend, occasion:night out, fit:slim, season:spring, season:summer, season:fall, tier:mid",TRUE,Size,EU 36,,,,,fd-ftw-05-eu-36,0,shopify,25,deny,manual,120.00,,TRUE,TRUE,,https://images.pexels.com/photos/9471932/pexels-photo-9471932.jpeg?auto=compress&cs=tinysrgb&w=1600,1,Adidas Gazelle Indoor,FALSE,Adidas Gazelle Indoor | Fold,"The indoor training Gazelle in soft blue fusion suede with white stripes and a translucent blue gum sole. It has a slim, low-slung shape and that slightly flattened toe that sits nicely under low-rise jeans, mini skirts and track pants. Playful color, early-2000s attitude, comfortable all day.",,kg,,,active
adidas-gazelle-indoor,,,,,,,,,EU 37,,,,,fd-ftw-05-eu-37,0,shopify,0,deny,manual,120.00,,TRUE,TRUE,,,,,,,,,kg,,,
adidas-gazelle-indoor,,,,,,,,,EU 38,,,,,fd-ftw-05-eu-38,0,shopify,25,deny,manual,120.00,,TRUE,TRUE,,,,,,,,,kg,,,
adidas-gazelle-indoor,,,,,,,,,EU 39,,,,,fd-ftw-05-eu-39,0,shopify,25,deny,manual,120.00,,TRUE,TRUE,,,,,,,,,kg,,,
adidas-gazelle-indoor,,,,,,,,,EU 40,,,,,fd-ftw-05-eu-40,0,shopify,25,deny,manual,120.00,,TRUE,TRUE,,,,,,,,,kg,,,
adidas-gazelle-indoor,,,,,,,,,EU 41,,,,,fd-ftw-05-eu-41,0,shopify,25,deny,manual,120.00,,TRUE,TRUE,,,,,,,,,kg,,,
new-balance-990v6-made-in-usa,990v6 Made in USA,"<p>The grey-suede running shoe, built in New Balance's New England factories with a pigskin suede and mesh upper and a FuelCell and ENCAP midsole that feels cushioned without being soft. In tonal grey it disappears into a neutral outfit: wide trousers, a navy crewneck, a plain overcoat. Built for long days on your feet, whether that is a run or a commute.</p><ul><li>Pigskin suede and mesh upper</li><li>FuelCell foam with ENCAP heel support</li><li>Blown rubber outsole</li><li>Made in USA with domestic and imported materials</li><li>Regular width; true to size</li></ul>",New Balance,Apparel & Accessories > Shoes > Sneakers,Sneakers,"made in usa, grey suede, dad shoe, cushioned, category:Footwear, subcategory:Sneakers, department:unisex, style:quiet-minimal, style:athletic, material:pigskin suede, material:mesh, material:foam, colorfamily:neutral, color:grey, color:castlerock, color:silver, usecase:commuting, usecase:long walks, usecase:light running, occasion:everyday, occasion:commute, occasion:travel, fit:regular, season:all-season, tier:mid",TRUE,Size,EU 38,,,,,fd-ftw-06-eu-38,0,shopify,25,deny,manual,200.00,,TRUE,TRUE,,https://images.pexels.com/photos/32044923/pexels-photo-32044923.jpeg?auto=compress&cs=tinysrgb&w=1600,1,New Balance 990v6 Made in USA,FALSE,New Balance 990v6 Made in USA | Fold,"The grey-suede running shoe, built in New Balance's New England factories with a pigskin suede and mesh upper and a FuelCell and ENCAP midsole that feels cushioned without being soft. In tonal grey it disappears into a neutral outfit: wide trousers, a navy crewneck, a plain overcoat. Built for long days on your feet, w",,kg,,,active
new-balance-990v6-made-in-usa,,,,,,,,,EU 39,,,,,fd-ftw-06-eu-39,0,shopify,25,deny,manual,200.00,,TRUE,TRUE,,,,,,,,,kg,,,
new-balance-990v6-made-in-usa,,,,,,,,,EU 40,,,,,fd-ftw-06-eu-40,0,shopify,0,deny,manual,200.00,,TRUE,TRUE,,,,,,,,,kg,,,
new-balance-990v6-made-in-usa,,,,,,,,,EU 41,,,,,fd-ftw-06-eu-41,0,shopify,25,deny,manual,200.00,,TRUE,TRUE,,,,,,,,,kg,,,
new-balance-990v6-made-in-usa,,,,,,,,,EU 42,,,,,fd-ftw-06-eu-42,0,shopify,25,deny,manual,200.00,,TRUE,TRUE,,,,,,,,,kg,,,
new-balance-990v6-made-in-usa,,,,,,,,,EU 43,,,,,fd-ftw-06-eu-43,0,shopify,25,deny,manual,200.00,,TRUE,TRUE,,,,,,,,,kg,,,
new-balance-990v6-made-in-usa,,,,,,,,,EU 44,,,,,fd-ftw-06-eu-44,0,shopify,25,deny,manual,200.00,,TRUE,TRUE,,,,,,,,,kg,,,
new-balance-550,550,"<p>A 1989 basketball shoe brought back from the archive, in white leather with a forest green N and heel tab. It has a low, padded collar and a flat cupsole that make it feel more campus than court. Wear it with chinos and a cable knit, or with a boxy tee and wide cargos.</p><ul><li>Leather upper with perforated toe box</li><li>Rubber cupsole with pivot point</li><li>Padded collar and tongue</li><li>Runs true to size; roomy toe box</li></ul>",New Balance,Apparel & Accessories > Shoes > Sneakers,Sneakers,"court classic, archive, basketball heritage, green and white, category:Footwear, subcategory:Sneakers, department:unisex, style:preppy-ivy, style:streetwear, material:leather, material:rubber, colorfamily:white, colorfamily:earth, color:white, color:forest green, usecase:daily wear, usecase:campus, usecase:pairing with chinos, occasion:campus, occasion:everyday, occasion:weekend, season:all-season, tier:mid",TRUE,Size,EU 37,,,,,fd-ftw-07-eu-37,0,shopify,25,deny,manual,120.00,,TRUE,TRUE,,https://images.pexels.com/photos/13691723/pexels-photo-13691723.jpeg?auto=compress&cs=tinysrgb&w=1600,1,New Balance 550,FALSE,New Balance 550 | Fold,"A 1989 basketball shoe brought back from the archive, in white leather with a forest green N and heel tab. It has a low, padded collar and a flat cupsole that make it feel more campus than court. Wear it with chinos and a cable knit, or with a boxy tee and wide cargos.",,kg,,,active
new-balance-550,,,,,,,,,EU 38,,,,,fd-ftw-07-eu-38,0,shopify,25,deny,manual,120.00,,TRUE,TRUE,,,,,,,,,kg,,,
new-balance-550,,,,,,,,,EU 39,,,,,fd-ftw-07-eu-39,0,shopify,25,deny,manual,120.00,,TRUE,TRUE,,,,,,,,,kg,,,
new-balance-550,,,,,,,,,EU 40,,,,,fd-ftw-07-eu-40,0,shopify,25,deny,manual,120.00,,TRUE,TRUE,,,,,,,,,kg,,,
new-balance-550,,,,,,,,,EU 41,,,,,fd-ftw-07-eu-41,0,shopify,25,deny,manual,120.00,,TRUE,TRUE,,,,,,,,,kg,,,
new-balance-550,,,,,,,,,EU 42,,,,,fd-ftw-07-eu-42,0,shopify,25,deny,manual,120.00,,TRUE,TRUE,,,,,,,,,kg,,,
new-balance-550,,,,,,,,,EU 43,,,,,fd-ftw-07-eu-43,0,shopify,0,deny,manual,120.00,,TRUE,TRUE,,,,,,,,,kg,,,
salomon-xt-6,XT-6,"<p>A trail racing shoe from the French Alps, with an anti-debris mesh upper, Quicklace cords and a deep-lugged Contagrip outsole that grips wet rock and gravel. In black and olive night with a phantom-grey midsole, it works on the trail and looks just as right with ripstop pants and a shell in town. Light, technical and stable over rough ground.</p><ul><li>Anti-debris mesh upper with welded overlays</li><li>Quicklace pull-cord lacing with lace pocket</li><li>EnergyCell midsole, 11 mm drop</li><li>Contagrip rubber outsole with 4 mm lugs</li><li>Narrow fit; consider half a size up</li></ul>",Salomon,Apparel & Accessories > Shoes > Sneakers,Sneakers,"trail runner, quicklace, technical, grippy, category:Footwear, subcategory:Sneakers, department:unisex, style:gorpcore-outdoor, style:athletic, material:mesh, material:TPU, material:rubber, colorfamily:black, colorfamily:earth, color:black, color:olive night, color:phantom grey, usecase:trail running, usecase:hiking, usecase:city wear, occasion:hiking, occasion:running, occasion:everyday, fit:slim, season:all-season, tier:mid",TRUE,Size,EU 37,,,,,fd-ftw-08-eu-37,0,shopify,0,deny,manual,200.00,,TRUE,TRUE,,https://images.pexels.com/photos/29499910/pexels-photo-29499910.jpeg?auto=compress&cs=tinysrgb&w=1600,1,Salomon XT-6,FALSE,Salomon XT-6 | Fold,"A trail racing shoe from the French Alps, with an anti-debris mesh upper, Quicklace cords and a deep-lugged Contagrip outsole that grips wet rock and gravel. In black and olive night with a phantom-grey midsole, it works on the trail and looks just as right with ripstop pants and a shell in town. Light, technical and s",,kg,,,active
salomon-xt-6,,,,,,,,,EU 38,,,,,fd-ftw-08-eu-38,0,shopify,25,deny,manual,200.00,,TRUE,TRUE,,,,,,,,,kg,,,
salomon-xt-6,,,,,,,,,EU 39,,,,,fd-ftw-08-eu-39,0,shopify,25,deny,manual,200.00,,TRUE,TRUE,,,,,,,,,kg,,,
salomon-xt-6,,,,,,,,,EU 40,,,,,fd-ftw-08-eu-40,0,shopify,25,deny,manual,200.00,,TRUE,TRUE,,,,,,,,,kg,,,
salomon-xt-6,,,,,,,,,EU 41,,,,,fd-ftw-08-eu-41,0,shopify,25,deny,manual,200.00,,TRUE,TRUE,,,,,,,,,kg,,,
salomon-xt-6,,,,,,,,,EU 42,,,,,fd-ftw-08-eu-42,0,shopify,25,deny,manual,200.00,,TRUE,TRUE,,,,,,,,,kg,,,
salomon-xt-6,,,,,,,,,EU 43,,,,,fd-ftw-08-eu-43,0,shopify,25,deny,manual,200.00,,TRUE,TRUE,,,,,,,,,kg,,,
veja-v-10-leather,V-10 Leather,"<p>A clean leather court shoe with a quiet V on the side, made with chrome-free leather, organic cotton laces and a sole of Amazonian wild rubber and rice waste. Off-white with a pale sable heel, it is the low-key white sneaker for tailored trousers, straight jeans and linen. It softens and creases into your foot over a few weeks.</p><ul><li>Chrome-free leather upper</li><li>Wild rubber and rice waste outsole</li><li>Recycled polyester and organic cotton lining</li><li>Made in Brazil</li><li>True to size; slightly snug at first</li></ul>",Veja,Apparel & Accessories > Shoes > Sneakers,Sneakers,"chrome-free leather, made in brazil, white sneakers, low key, category:Footwear, subcategory:Sneakers, department:unisex, style:quiet-minimal, material:chrome-free leather, material:wild rubber, material:organic cotton, colorfamily:white, colorfamily:neutral, color:extra white, color:sable, usecase:daily wear, usecase:pairing with tailoring, usecase:travel, occasion:everyday, occasion:office, occasion:travel, season:all-season, tier:mid",TRUE,Size,EU 36,,,,,fd-ftw-09-eu-36,0,shopify,25,deny,manual,175.00,,TRUE,TRUE,,https://images.pexels.com/photos/31705700/pexels-photo-31705700.jpeg?auto=compress&cs=tinysrgb&w=1600,1,Veja V-10 Leather,FALSE,Veja V-10 Leather | Fold,"A clean leather court shoe with a quiet V on the side, made with chrome-free leather, organic cotton laces and a sole of Amazonian wild rubber and rice waste. Off-white with a pale sable heel, it is the low-key white sneaker for tailored trousers, straight jeans and linen. It softens and creases into your foot over a f",,kg,,,active
veja-v-10-leather,,,,,,,,,EU 37,,,,,fd-ftw-09-eu-37,0,shopify,25,deny,manual,175.00,,TRUE,TRUE,,,,,,,,,kg,,,
veja-v-10-leather,,,,,,,,,EU 38,,,,,fd-ftw-09-eu-38,0,shopify,25,deny,manual,175.00,,TRUE,TRUE,,,,,,,,,kg,,,
veja-v-10-leather,,,,,,,,,EU 39,,,,,fd-ftw-09-eu-39,0,shopify,25,deny,manual,175.00,,TRUE,TRUE,,,,,,,,,kg,,,
veja-v-10-leather,,,,,,,,,EU 40,,,,,fd-ftw-09-eu-40,0,shopify,25,deny,manual,175.00,,TRUE,TRUE,,,,,,,,,kg,,,
veja-v-10-leather,,,,,,,,,EU 41,,,,,fd-ftw-09-eu-41,0,shopify,25,deny,manual,175.00,,TRUE,TRUE,,,,,,,,,kg,,,
veja-v-10-leather,,,,,,,,,EU 42,,,,,fd-ftw-09-eu-42,0,shopify,0,deny,manual,175.00,,TRUE,TRUE,,,,,,,,,kg,,,
arket-leather-court-sneaker,Leather Court Sneaker,"<p>A plain low-top in soft off-white calf leather with a stitched cupsole and no visible branding at all. The shape is slim and flat, close to a tennis shoe, so it sits neatly under wide wool trousers or cropped denim. Calm, considered and easy to keep looking good.</p><ul><li>Calf leather upper and leather lining</li><li>Stitched rubber cupsole</li><li>Waxed cotton laces</li><li>Made in Portugal</li><li>True to size</li></ul>",Arket,Apparel & Accessories > Shoes > Sneakers,Sneakers,"no logo, made in portugal, minimal, sale, category:Footwear, subcategory:Sneakers, department:unisex, style:quiet-minimal, material:calf leather, material:rubber, colorfamily:white, color:off-white, usecase:daily wear, usecase:office, usecase:pairing with tailoring, occasion:everyday, occasion:office, occasion:commute, fit:slim, season:all-season, tier:mid",TRUE,Size,EU 37,,,,,fd-ftw-10-eu-37,0,shopify,25,deny,manual,105.00,140.00,TRUE,TRUE,,https://images.pexels.com/photos/12628401/pexels-photo-12628401.jpeg?auto=compress&cs=tinysrgb&w=1600,1,Arket Leather Court Sneaker,FALSE,Arket Leather Court Sneaker | Fold,"A plain low-top in soft off-white calf leather with a stitched cupsole and no visible branding at all. The shape is slim and flat, close to a tennis shoe, so it sits neatly under wide wool trousers or cropped denim. Calm, considered and easy to keep looking good.",,kg,,,active
arket-leather-court-sneaker,,,,,,,,,EU 38,,,,,fd-ftw-10-eu-38,0,shopify,25,deny,manual,105.00,140.00,TRUE,TRUE,,,,,,,,,kg,,,
arket-leather-court-sneaker,,,,,,,,,EU 39,,,,,fd-ftw-10-eu-39,0,shopify,25,deny,manual,105.00,140.00,TRUE,TRUE,,,,,,,,,kg,,,
arket-leather-court-sneaker,,,,,,,,,EU 40,,,,,fd-ftw-10-eu-40,0,shopify,25,deny,manual,105.00,140.00,TRUE,TRUE,,,,,,,,,kg,,,
arket-leather-court-sneaker,,,,,,,,,EU 41,,,,,fd-ftw-10-eu-41,0,shopify,25,deny,manual,105.00,140.00,TRUE,TRUE,,,,,,,,,kg,,,
arket-leather-court-sneaker,,,,,,,,,EU 42,,,,,fd-ftw-10-eu-42,0,shopify,25,deny,manual,105.00,140.00,TRUE,TRUE,,,,,,,,,kg,,,
arket-leather-court-sneaker,,,,,,,,,EU 43,,,,,fd-ftw-10-eu-43,0,shopify,25,deny,manual,105.00,140.00,TRUE,TRUE,,,,,,,,,kg,,,
seom-static-suede-trainer,Static Suede Trainer,"<p>SEOM's slim retro trainer in washed black suede with a cracked-silver side stripe and a thin gum sole, drawn by the founders after the indoor football shoes they wore in Seongsu in the 2000s. It is low, narrow and close to the ground, the opposite of a chunky sneaker. Made to go under oversized tees, nylon cargos and wide denim.</p><ul><li>Split suede upper with metallic leather stripe</li><li>Thin gum rubber cupsole</li><li>Printed founder graphic on the sockliner</li><li>Narrow last; size up half a size for wide feet</li><li>Made in South Korea</li></ul>",SEOM,Apparel & Accessories > Shoes > Sneakers,Sneakers,"slim sneaker, made in korea, suede, gum sole, category:Footwear, subcategory:Sneakers, department:unisex, style:streetwear, style:y2k-retro, material:suede, material:metallic leather, material:gum rubber, colorfamily:black, color:washed black, color:cracked silver, color:gum, usecase:daily wear, usecase:pairing with cargos, usecase:nights out, occasion:everyday, occasion:night out, occasion:weekend, fit:slim, season:all-season, tier:mid",TRUE,Size,EU 37,,,,,fd-ftw-11-eu-37,0,shopify,25,deny,manual,135.00,,TRUE,TRUE,,https://images.pexels.com/photos/3139991/pexels-photo-3139991.jpeg?auto=compress&cs=tinysrgb&w=1600,1,SEOM Static Suede Trainer,FALSE,SEOM Static Suede Trainer | Fold,"SEOM's slim retro trainer in washed black suede with a cracked-silver side stripe and a thin gum sole, drawn by the founders after the indoor football shoes they wore in Seongsu in the 2000s. It is low, narrow and close to the ground, the opposite of a chunky sneaker. Made to go under oversized tees, nylon cargos and w",,kg,,,active
seom-static-suede-trainer,,,,,,,,,EU 38,,,,,fd-ftw-11-eu-38,0,shopify,25,deny,manual,135.00,,TRUE,TRUE,,,,,,,,,kg,,,
seom-static-suede-trainer,,,,,,,,,EU 39,,,,,fd-ftw-11-eu-39,0,shopify,25,deny,manual,135.00,,TRUE,TRUE,,,,,,,,,kg,,,
seom-static-suede-trainer,,,,,,,,,EU 40,,,,,fd-ftw-11-eu-40,0,shopify,0,deny,manual,135.00,,TRUE,TRUE,,,,,,,,,kg,,,
seom-static-suede-trainer,,,,,,,,,EU 41,,,,,fd-ftw-11-eu-41,0,shopify,25,deny,manual,135.00,,TRUE,TRUE,,,,,,,,,kg,,,
seom-static-suede-trainer,,,,,,,,,EU 42,,,,,fd-ftw-11-eu-42,0,shopify,25,deny,manual,135.00,,TRUE,TRUE,,,,,,,,,kg,,,
seom-static-suede-trainer,,,,,,,,,EU 43,,,,,fd-ftw-11-eu-43,0,shopify,25,deny,manual,135.00,,TRUE,TRUE,,,,,,,,,kg,,,
seom-signal-metallic-runner,Signal Metallic Runner,"<p>A slim, low-slung runner in chrome-silver nylon and mesh with reflective piping and a sculpted white foam sole, modeled on the millennium-era running shoes SEOM's founders grew up wanting. It has real cushioning for a light jog but mostly lives under track pants, baby tees and low-rise denim. Shiny, sporty and a little bit futuristic.</p><ul><li>Metallic nylon and mesh upper with 3M reflective piping</li><li>EVA foam midsole with rubber outsole pods</li><li>Removable OrthoLite insole</li><li>Slim fit; true to size</li><li>Made in South Korea</li></ul>",SEOM,Apparel & Accessories > Shoes > Sneakers,Sneakers,"metallic, retro runner, reflective, new season, category:Footwear, subcategory:Sneakers, department:unisex, style:y2k-retro, style:athletic, material:metallic nylon, material:mesh, material:EVA foam, colorfamily:cool, colorfamily:white, color:chrome silver, color:white, color:ice blue, usecase:daily wear, usecase:light jogging, usecase:nights out, occasion:everyday, occasion:night out, occasion:running, fit:slim, season:spring, season:summer, season:fall, tier:mid, new",TRUE,Size,EU 36,,,,,fd-ftw-12-eu-36,0,shopify,0,deny,manual,150.00,,TRUE,TRUE,,https://images.pexels.com/photos/36641178/pexels-photo-36641178.jpeg?auto=compress&cs=tinysrgb&w=1600,1,SEOM Signal Metallic Runner,FALSE,SEOM Signal Metallic Runner | Fold,"A slim, low-slung runner in chrome-silver nylon and mesh with reflective piping and a sculpted white foam sole, modeled on the millennium-era running shoes SEOM's founders grew up wanting. It has real cushioning for a light jog but mostly lives under track pants, baby tees and low-rise denim. Shiny, sporty and a little",,kg,,,active
seom-signal-metallic-runner,,,,,,,,,EU 37,,,,,fd-ftw-12-eu-37,0,shopify,25,deny,manual,150.00,,TRUE,TRUE,,,,,,,,,kg,,,
seom-signal-metallic-runner,,,,,,,,,EU 38,,,,,fd-ftw-12-eu-38,0,shopify,25,deny,manual,150.00,,TRUE,TRUE,,,,,,,,,kg,,,
seom-signal-metallic-runner,,,,,,,,,EU 39,,,,,fd-ftw-12-eu-39,0,shopify,25,deny,manual,150.00,,TRUE,TRUE,,,,,,,,,kg,,,
seom-signal-metallic-runner,,,,,,,,,EU 40,,,,,fd-ftw-12-eu-40,0,shopify,25,deny,manual,150.00,,TRUE,TRUE,,,,,,,,,kg,,,
seom-signal-metallic-runner,,,,,,,,,EU 41,,,,,fd-ftw-12-eu-41,0,shopify,25,deny,manual,150.00,,TRUE,TRUE,,,,,,,,,kg,,,
seom-signal-metallic-runner,,,,,,,,,EU 42,,,,,fd-ftw-12-eu-42,0,shopify,25,deny,manual,150.00,,TRUE,TRUE,,,,,,,,,kg,,,
dr-martens-1460-smooth-leather-boot,1460 Smooth Leather Boot,"<p>The original eight-eye boot from 1960, in stiff black Smooth leather with yellow welt stitching, a heel loop and the bouncing AirWair sole. It takes a few weeks of wear to soften and then moulds to your foot for years. Heavy, dependable and dark, it suits long black coats, ripped denim and everything in between.</p><ul><li>Smooth leather upper</li><li>Goodyear-welted with heat-sealed seams</li><li>Air-cushioned PVC sole, oil and fat resistant</li><li>8 eyelets with heel loop</li><li>Comes in whole sizes; if between sizes, go down</li></ul>",Dr. Martens,Apparel & Accessories > Shoes > Boots,Boots,"combat boot, goodyear welt, icon, breaks in, category:Footwear, subcategory:Boots, department:unisex, style:dark-gothic, style:heritage-workwear, material:smooth leather, material:PVC sole, colorfamily:black, color:black, color:yellow stitch, usecase:daily wear, usecase:gigs, usecase:rainy days, occasion:everyday, occasion:night out, occasion:festival, fit:regular, season:fall, season:winter, season:spring, tier:mid, bestseller",TRUE,Size,EU 37,,,,,fd-ftw-13-eu-37,0,shopify,25,deny,manual,170.00,,TRUE,TRUE,,https://images.pexels.com/photos/38227161/pexels-photo-38227161.jpeg?auto=compress&cs=tinysrgb&w=1600,1,Dr. Martens 1460 Smooth Leather Boot,FALSE,Dr. Martens 1460 Smooth Leather Boot | Fold,"The original eight-eye boot from 1960, in stiff black Smooth leather with yellow welt stitching, a heel loop and the bouncing AirWair sole. It takes a few weeks of wear to soften and then moulds to your foot for years. Heavy, dependable and dark, it suits long black coats, ripped denim and everything in between.",,kg,,,active
dr-martens-1460-smooth-leather-boot,,,,,,,,,EU 38,,,,,fd-ftw-13-eu-38,0,shopify,0,deny,manual,170.00,,TRUE,TRUE,,,,,,,,,kg,,,
dr-martens-1460-smooth-leather-boot,,,,,,,,,EU 39,,,,,fd-ftw-13-eu-39,0,shopify,25,deny,manual,170.00,,TRUE,TRUE,,,,,,,,,kg,,,
dr-martens-1460-smooth-leather-boot,,,,,,,,,EU 40,,,,,fd-ftw-13-eu-40,0,shopify,25,deny,manual,170.00,,TRUE,TRUE,,,,,,,,,kg,,,
dr-martens-1460-smooth-leather-boot,,,,,,,,,EU 41,,,,,fd-ftw-13-eu-41,0,shopify,25,deny,manual,170.00,,TRUE,TRUE,,,,,,,,,kg,,,
dr-martens-1460-smooth-leather-boot,,,,,,,,,EU 42,,,,,fd-ftw-13-eu-42,0,shopify,25,deny,manual,170.00,,TRUE,TRUE,,,,,,,,,kg,,,
dr-martens-1460-smooth-leather-boot,,,,,,,,,EU 43,,,,,fd-ftw-13-eu-43,0,shopify,25,deny,manual,170.00,,TRUE,TRUE,,,,,,,,,kg,,,
dr-martens-jadon-platform-boot,Jadon Platform Boot,"<p>The 1460 silhouette on a chunky platform: black Polished Smooth leather, a side zip, eight eyelets and a deeply cleated sole that adds about 5 cm of height. It is the boot for long black slip dresses, leather trousers and layered mesh, heavy and moody without being hard to walk in. The inside zip makes it easy to get on and off.</p><ul><li>Polished Smooth leather upper</li><li>Goodyear-welted platform sole, 5 cm</li><li>Inside zip and 8 eyelets</li><li>Air-cushioned PVC sole with deep tread</li><li>Whole sizes; if between sizes, go down</li></ul>",Dr. Martens,Apparel & Accessories > Shoes > Boots,Boots,"platform, side zip, chunky sole, goodyear welt, category:Footwear, subcategory:Boots, department:women, style:dark-gothic, style:y2k-retro, material:polished smooth leather, material:PVC sole, colorfamily:black, color:black, usecase:nights out, usecase:gigs, usecase:daily wear, occasion:night out, occasion:festival, occasion:everyday, season:fall, season:winter, season:spring, tier:mid",TRUE,Size,EU 36,,,,,fd-ftw-14-eu-36,0,shopify,25,deny,manual,210.00,,TRUE,TRUE,,https://images.pexels.com/photos/27869769/pexels-photo-27869769.jpeg?auto=compress&cs=tinysrgb&w=1600,1,Dr. Martens Jadon Platform Boot,FALSE,Dr. Martens Jadon Platform Boot | Fold,"The 1460 silhouette on a chunky platform: black Polished Smooth leather, a side zip, eight eyelets and a deeply cleated sole that adds about 5 cm of height. It is the boot for long black slip dresses, leather trousers and layered mesh, heavy and moody without being hard to walk in. The inside zip makes it easy to get o",,kg,,,active
dr-martens-jadon-platform-boot,,,,,,,,,EU 37,,,,,fd-ftw-14-eu-37,0,shopify,25,deny,manual,210.00,,TRUE,TRUE,,,,,,,,,kg,,,
dr-martens-jadon-platform-boot,,,,,,,,,EU 38,,,,,fd-ftw-14-eu-38,0,shopify,25,deny,manual,210.00,,TRUE,TRUE,,,,,,,,,kg,,,
dr-martens-jadon-platform-boot,,,,,,,,,EU 39,,,,,fd-ftw-14-eu-39,0,shopify,0,deny,manual,210.00,,TRUE,TRUE,,,,,,,,,kg,,,
dr-martens-jadon-platform-boot,,,,,,,,,EU 40,,,,,fd-ftw-14-eu-40,0,shopify,25,deny,manual,210.00,,TRUE,TRUE,,,,,,,,,kg,,,
dr-martens-jadon-platform-boot,,,,,,,,,EU 41,,,,,fd-ftw-14-eu-41,0,shopify,25,deny,manual,210.00,,TRUE,TRUE,,,,,,,,,kg,,,
burnside-canvas-alder-moc-toe-boot,Alder Moc-Toe Boot,"<p>A six-inch moc-toe work boot in oil-tanned brown leather on a white wedge crepe sole, hand-stitched at the toe and Goodyear welted so it can be resoled. The leather is stiff for the first couple of weeks, then darkens and creases into something that is entirely yours. Made for selvedge denim, duck canvas and chore coats, and for actual work.</p><ul><li>Oil-tanned full-grain leather, 2.4 mm</li><li>Hand-sewn moc toe, Goodyear welt construction</li><li>White wedge crepe outsole, fully resoleable</li><li>Leather lining and cork footbed</li><li>Made in Portland, Oregon; free first resole through our workshop</li></ul>",Burnside Canvas,Apparel & Accessories > Shoes > Boots,Boots,"moc toe, goodyear welt, resoleable, made in usa, breaks in, category:Footwear, subcategory:Boots, department:men, style:heritage-workwear, material:oil-tanned leather, material:crepe rubber, material:cork, colorfamily:earth, color:chestnut brown, color:white crepe, usecase:workshop days, usecase:everyday wear, usecase:pairing with selvedge denim, occasion:everyday, occasion:weekend, occasion:commute, fit:regular, season:fall, season:winter, season:spring, tier:premium",TRUE,Size,EU 40,,,,,fd-ftw-15-eu-40,0,shopify,25,deny,manual,320.00,,TRUE,TRUE,,https://images.pexels.com/photos/36057054/pexels-photo-36057054.jpeg?auto=compress&cs=tinysrgb&w=1600,1,Burnside Canvas Alder Moc-Toe Boot,FALSE,Burnside Canvas Alder Moc-Toe Boot | Fold,"A six-inch moc-toe work boot in oil-tanned brown leather on a white wedge crepe sole, hand-stitched at the toe and Goodyear welted so it can be resoled. The leather is stiff for the first couple of weeks, then darkens and creases into something that is entirely yours. Made for selvedge denim, duck canvas and chore coat",,kg,,,active
burnside-canvas-alder-moc-toe-boot,,,,,,,,,EU 41,,,,,fd-ftw-15-eu-41,0,shopify,25,deny,manual,320.00,,TRUE,TRUE,,,,,,,,,kg,,,
burnside-canvas-alder-moc-toe-boot,,,,,,,,,EU 42,,,,,fd-ftw-15-eu-42,0,shopify,25,deny,manual,320.00,,TRUE,TRUE,,,,,,,,,kg,,,
burnside-canvas-alder-moc-toe-boot,,,,,,,,,EU 43,,,,,fd-ftw-15-eu-43,0,shopify,25,deny,manual,320.00,,TRUE,TRUE,,,,,,,,,kg,,,
burnside-canvas-alder-moc-toe-boot,,,,,,,,,EU 44,,,,,fd-ftw-15-eu-44,0,shopify,25,deny,manual,320.00,,TRUE,TRUE,,,,,,,,,kg,,,
burnside-canvas-alder-moc-toe-boot,,,,,,,,,EU 45,,,,,fd-ftw-15-eu-45,0,shopify,25,deny,manual,320.00,,TRUE,TRUE,,,,,,,,,kg,,,
burnside-canvas-alder-moc-toe-boot,,,,,,,,,EU 46,,,,,fd-ftw-15-eu-46,0,shopify,0,deny,manual,320.00,,TRUE,TRUE,,,,,,,,,kg,,,
burnside-canvas-willamette-hiking-boot,Willamette Hiking Boot,"<p>A mid-height hiker in waxed brown suede and Burnside's own 12 oz waxed canvas, with a waterproof membrane, speed hooks and a lugged Vibram sole. It is lighter than it looks and handles muddy Cascades trails, then goes straight to the pub with ripstop pants and a fleece. Stitch-down construction means it can be rebuilt rather than thrown out.</p><ul><li>Waxed suede and 12 oz waxed cotton canvas upper</li><li>Waterproof breathable membrane</li><li>Vibram Megagrip lugged outsole</li><li>Stitch-down construction, resoleable</li><li>Made in Portland, Oregon</li></ul>",Burnside Canvas,Apparel & Accessories > Shoes > Boots,Boots,"waterproof, vibram, waxed canvas, resoleable, new season, category:Footwear, subcategory:Boots, department:unisex, style:gorpcore-outdoor, style:heritage-workwear, material:waxed suede, material:waxed canvas, material:Vibram rubber, colorfamily:earth, color:tobacco, color:field olive, color:rust laces, usecase:day hikes, usecase:rainy days, usecase:camping, occasion:hiking, occasion:camping, occasion:weekend, fit:regular, season:fall, season:winter, season:spring, tier:premium, new",TRUE,Size,EU 38,,,,,fd-ftw-16-eu-38,0,shopify,0,deny,manual,295.00,,TRUE,TRUE,,https://images.pexels.com/photos/1485167/pexels-photo-1485167.jpeg?auto=compress&cs=tinysrgb&w=1600,1,Burnside Canvas Willamette Hiking Boot,FALSE,Burnside Canvas Willamette Hiking Boot | Fold,"A mid-height hiker in waxed brown suede and Burnside's own 12 oz waxed canvas, with a waterproof membrane, speed hooks and a lugged Vibram sole. It is lighter than it looks and handles muddy Cascades trails, then goes straight to the pub with ripstop pants and a fleece. Stitch-down construction means it can be rebuilt ",,kg,,,active
burnside-canvas-willamette-hiking-boot,,,,,,,,,EU 39,,,,,fd-ftw-16-eu-39,0,shopify,25,deny,manual,295.00,,TRUE,TRUE,,,,,,,,,kg,,,
burnside-canvas-willamette-hiking-boot,,,,,,,,,EU 40,,,,,fd-ftw-16-eu-40,0,shopify,25,deny,manual,295.00,,TRUE,TRUE,,,,,,,,,kg,,,
burnside-canvas-willamette-hiking-boot,,,,,,,,,EU 41,,,,,fd-ftw-16-eu-41,0,shopify,25,deny,manual,295.00,,TRUE,TRUE,,,,,,,,,kg,,,
burnside-canvas-willamette-hiking-boot,,,,,,,,,EU 42,,,,,fd-ftw-16-eu-42,0,shopify,25,deny,manual,295.00,,TRUE,TRUE,,,,,,,,,kg,,,
burnside-canvas-willamette-hiking-boot,,,,,,,,,EU 43,,,,,fd-ftw-16-eu-43,0,shopify,25,deny,manual,295.00,,TRUE,TRUE,,,,,,,,,kg,,,
burnside-canvas-willamette-hiking-boot,,,,,,,,,EU 44,,,,,fd-ftw-16-eu-44,0,shopify,25,deny,manual,295.00,,TRUE,TRUE,,,,,,,,,kg,,,
asche-kessel-lace-up-boot,Kessel Lace-Up Boot,"<p>A heavy ten-eye boot in washed black calf leather that looks already worn in, with brushed silver hooks at the top and a stacked commando sole. It is cut long and slim up the shin so it sits under long draped trousers or over black jeans. Dark, weighty and quiet about it.</p><ul><li>Washed calf leather with leather lining</li><li>Blake-stitched to a lug commando rubber sole, 4.5 cm</li><li>Brushed silver eyelets and speed hooks</li><li>10 eyelets; shaft height 19 cm</li><li>Made in Portugal for Asche, Berlin</li></ul>",Asche,Apparel & Accessories > Shoes > Boots,Boots,"chunky sole, washed leather, silver hardware, made in portugal, category:Footwear, subcategory:Boots, department:unisex, style:dark-gothic, material:washed calf leather, material:rubber, material:silver-tone hardware, colorfamily:black, color:washed black, color:brushed silver, usecase:daily wear, usecase:nights out, usecase:cold weather, occasion:night out, occasion:everyday, occasion:date night, fit:slim, season:fall, season:winter, tier:premium",TRUE,Size,EU 38,,,,,fd-ftw-17-eu-38,0,shopify,25,deny,manual,340.00,,TRUE,TRUE,,https://images.pexels.com/photos/33937416/pexels-photo-33937416.jpeg?auto=compress&cs=tinysrgb&w=1600,1,Asche Kessel Lace-Up Boot,FALSE,Asche Kessel Lace-Up Boot | Fold,"A heavy ten-eye boot in washed black calf leather that looks already worn in, with brushed silver hooks at the top and a stacked commando sole. It is cut long and slim up the shin so it sits under long draped trousers or over black jeans. Dark, weighty and quiet about it.",,kg,,,active
asche-kessel-lace-up-boot,,,,,,,,,EU 39,,,,,fd-ftw-17-eu-39,0,shopify,25,deny,manual,340.00,,TRUE,TRUE,,,,,,,,,kg,,,
asche-kessel-lace-up-boot,,,,,,,,,EU 40,,,,,fd-ftw-17-eu-40,0,shopify,25,deny,manual,340.00,,TRUE,TRUE,,,,,,,,,kg,,,
asche-kessel-lace-up-boot,,,,,,,,,EU 41,,,,,fd-ftw-17-eu-41,0,shopify,25,deny,manual,340.00,,TRUE,TRUE,,,,,,,,,kg,,,
asche-kessel-lace-up-boot,,,,,,,,,EU 42,,,,,fd-ftw-17-eu-42,0,shopify,25,deny,manual,340.00,,TRUE,TRUE,,,,,,,,,kg,,,
asche-kessel-lace-up-boot,,,,,,,,,EU 43,,,,,fd-ftw-17-eu-43,0,shopify,25,deny,manual,340.00,,TRUE,TRUE,,,,,,,,,kg,,,
asche-kessel-lace-up-boot,,,,,,,,,EU 44,,,,,fd-ftw-17-eu-44,0,shopify,0,deny,manual,340.00,,TRUE,TRUE,,,,,,,,,kg,,,
asche-spree-chelsea-boot,Spree Chelsea Boot,"<p>A pointed Chelsea boot in soft black glove leather with a slim silver harness ring at the ankle and a 6 cm block heel. The elastic gores are black on black, so the whole boot reads as one long dark line under a maxi skirt or cropped leather trousers. Moody, sharp and comfortable enough to stay out in.</p><ul><li>Glove leather upper with leather lining</li><li>6 cm stacked block heel, rubber top lift</li><li>Black elastic side gores and pull tab</li><li>Sterling-look silver harness ring</li><li>Made in Portugal for Asche, Berlin</li></ul>",Asche,Apparel & Accessories > Shoes > Boots,Boots,"pointed toe, block heel, harness, new season, category:Footwear, subcategory:Boots, department:women, style:dark-gothic, material:glove leather, material:silver-tone hardware, colorfamily:black, color:black, usecase:nights out, usecase:dinners, usecase:office, occasion:night out, occasion:date night, occasion:office, season:fall, season:winter, season:spring, tier:premium, new",TRUE,Size,EU 36,,,,,fd-ftw-18-eu-36,0,shopify,25,deny,manual,310.00,,TRUE,TRUE,,https://images.pexels.com/photos/18900683/pexels-photo-18900683.jpeg?auto=compress&cs=tinysrgb&w=1600,1,Asche Spree Chelsea Boot,FALSE,Asche Spree Chelsea Boot | Fold,"A pointed Chelsea boot in soft black glove leather with a slim silver harness ring at the ankle and a 6 cm block heel. The elastic gores are black on black, so the whole boot reads as one long dark line under a maxi skirt or cropped leather trousers. Moody, sharp and comfortable enough to stay out in.",,kg,,,active
asche-spree-chelsea-boot,,,,,,,,,EU 37,,,,,fd-ftw-18-eu-37,0,shopify,25,deny,manual,310.00,,TRUE,TRUE,,,,,,,,,kg,,,
asche-spree-chelsea-boot,,,,,,,,,EU 38,,,,,fd-ftw-18-eu-38,0,shopify,25,deny,manual,310.00,,TRUE,TRUE,,,,,,,,,kg,,,
asche-spree-chelsea-boot,,,,,,,,,EU 39,,,,,fd-ftw-18-eu-39,0,shopify,25,deny,manual,310.00,,TRUE,TRUE,,,,,,,,,kg,,,
asche-spree-chelsea-boot,,,,,,,,,EU 40,,,,,fd-ftw-18-eu-40,0,shopify,0,deny,manual,310.00,,TRUE,TRUE,,,,,,,,,kg,,,
asche-spree-chelsea-boot,,,,,,,,,EU 41,,,,,fd-ftw-18-eu-41,0,shopify,25,deny,manual,310.00,,TRUE,TRUE,,,,,,,,,kg,,,
salomon-x-ultra-4-mid-gore-tex,X Ultra 4 Mid Gore-Tex,"<p>A light mid-height hiking boot with a Gore-Tex membrane, an Advanced Chassis for ankle stability on uneven ground, and a grippy All Terrain Contagrip sole. It feels more like a trail runner than a boot from day one, no break-in. Olive, black and a flash of orange, it suits wet weekend hikes and gorpcore city wear alike.</p><ul><li>Synthetic and textile upper with Gore-Tex membrane</li><li>EnergyCell midsole with Advanced Chassis</li><li>All Terrain Contagrip outsole, 4 mm lugs</li><li>Gusseted tongue keeps out debris</li><li>True to size with room for hiking socks</li></ul>",Salomon,Apparel & Accessories > Shoes > Boots,Boots,"waterproof, gore-tex, hiking boot, no break-in, category:Footwear, subcategory:Boots, department:men, style:gorpcore-outdoor, material:textile, material:Gore-Tex, material:rubber, colorfamily:earth, colorfamily:black, color:olive night, color:black, color:orange, usecase:day hikes, usecase:rainy days, usecase:travel, occasion:hiking, occasion:camping, occasion:travel, fit:regular, season:all-season, tier:mid",TRUE,Size,EU 40,,,,,fd-ftw-19-eu-40,0,shopify,25,deny,manual,185.00,,TRUE,TRUE,,https://images.pexels.com/photos/9654860/pexels-photo-9654860.jpeg?auto=compress&cs=tinysrgb&w=1600,1,Salomon X Ultra 4 Mid Gore-Tex,FALSE,Salomon X Ultra 4 Mid Gore-Tex | Fold,"A light mid-height hiking boot with a Gore-Tex membrane, an Advanced Chassis for ankle stability on uneven ground, and a grippy All Terrain Contagrip sole. It feels more like a trail runner than a boot from day one, no break-in. Olive, black and a flash of orange, it suits wet weekend hikes and gorpcore city wear alike",,kg,,,active
salomon-x-ultra-4-mid-gore-tex,,,,,,,,,EU 41,,,,,fd-ftw-19-eu-41,0,shopify,25,deny,manual,185.00,,TRUE,TRUE,,,,,,,,,kg,,,
salomon-x-ultra-4-mid-gore-tex,,,,,,,,,EU 42,,,,,fd-ftw-19-eu-42,0,shopify,25,deny,manual,185.00,,TRUE,TRUE,,,,,,,,,kg,,,
salomon-x-ultra-4-mid-gore-tex,,,,,,,,,EU 43,,,,,fd-ftw-19-eu-43,0,shopify,25,deny,manual,185.00,,TRUE,TRUE,,,,,,,,,kg,,,
salomon-x-ultra-4-mid-gore-tex,,,,,,,,,EU 44,,,,,fd-ftw-19-eu-44,0,shopify,25,deny,manual,185.00,,TRUE,TRUE,,,,,,,,,kg,,,
salomon-x-ultra-4-mid-gore-tex,,,,,,,,,EU 45,,,,,fd-ftw-19-eu-45,0,shopify,25,deny,manual,185.00,,TRUE,TRUE,,,,,,,,,kg,,,
salomon-x-ultra-4-mid-gore-tex,,,,,,,,,EU 46,,,,,fd-ftw-19-eu-46,0,shopify,0,deny,manual,185.00,,TRUE,TRUE,,,,,,,,,kg,,,
cranmore-kittery-duck-boot,Kittery Duck Boot,"<p>The New England slush boot: a hand-poured rubber chain-tread bottom bonded to a tan full-grain leather upper, with brass eyelets and a cream wool-blend lining. It keeps your feet dry from the first snow to the April mud, with chinos, a rugby shirt or a quilted jacket. Built to be passed down with a fresh pair of laces.</p><ul><li>Full-grain leather upper, rubber shell bottom</li><li>Chain-tread rubber outsole</li><li>Removable wool-blend felt liner</li><li>Brass eyelets and rawhide laces</li><li>Made in Rhode Island</li></ul>",Cranmore,Apparel & Accessories > Shoes > Boots,Boots,"duck boot, waterproof, made in usa, new england, category:Footwear, subcategory:Boots, department:unisex, style:preppy-ivy, style:heritage-workwear, material:full-grain leather, material:rubber, material:wool felt, colorfamily:earth, colorfamily:neutral, color:tan, color:brown rubber, color:cream, usecase:snow and slush, usecase:rainy days, usecase:campus, occasion:campus, occasion:commute, occasion:weekend, fit:relaxed, season:fall, season:winter, tier:mid",TRUE,Size,EU 38,,,,,fd-ftw-20-eu-38,0,shopify,25,deny,manual,195.00,,TRUE,TRUE,,https://images.pexels.com/photos/4194589/pexels-photo-4194589.jpeg?auto=compress&cs=tinysrgb&w=1600,1,Cranmore Kittery Duck Boot,FALSE,Cranmore Kittery Duck Boot | Fold,"The New England slush boot: a hand-poured rubber chain-tread bottom bonded to a tan full-grain leather upper, with brass eyelets and a cream wool-blend lining. It keeps your feet dry from the first snow to the April mud, with chinos, a rugby shirt or a quilted jacket. Built to be passed down with a fresh pair of laces.",,kg,,,active
cranmore-kittery-duck-boot,,,,,,,,,EU 39,,,,,fd-ftw-20-eu-39,0,shopify,25,deny,manual,195.00,,TRUE,TRUE,,,,,,,,,kg,,,
cranmore-kittery-duck-boot,,,,,,,,,EU 40,,,,,fd-ftw-20-eu-40,0,shopify,25,deny,manual,195.00,,TRUE,TRUE,,,,,,,,,kg,,,
cranmore-kittery-duck-boot,,,,,,,,,EU 41,,,,,fd-ftw-20-eu-41,0,shopify,25,deny,manual,195.00,,TRUE,TRUE,,,,,,,,,kg,,,
cranmore-kittery-duck-boot,,,,,,,,,EU 42,,,,,fd-ftw-20-eu-42,0,shopify,25,deny,manual,195.00,,TRUE,TRUE,,,,,,,,,kg,,,
cranmore-kittery-duck-boot,,,,,,,,,EU 43,,,,,fd-ftw-20-eu-43,0,shopify,25,deny,manual,195.00,,TRUE,TRUE,,,,,,,,,kg,,,
cranmore-kittery-duck-boot,,,,,,,,,EU 44,,,,,fd-ftw-20-eu-44,0,shopify,0,deny,manual,195.00,,TRUE,TRUE,,,,,,,,,kg,,,
birkenstock-arizona-soft-footbed-suede,Arizona Soft Footbed Suede,"<p>The two-strap slide on a cork-latex footbed with an extra layer of foam, so it is comfortable from the first wear and shapes itself to your foot over a summer. Taupe suede straps with adjustable brass-tone buckles. Throw it on with linen shorts by the water, or with socks and wide trousers in town.</p><ul><li>Suede upper with adjustable pin buckles</li><li>Contoured cork-latex footbed with soft foam layer, suede lined</li><li>EVA outsole</li><li>Regular width; narrow width available on request</li><li>Made in Germany</li></ul>",Birkenstock,Apparel & Accessories > Shoes > Sandals,Sandals,"made in germany, cork footbed, slides, summer, category:Footwear, subcategory:Sandals, department:unisex, style:coastal-resort, style:quiet-minimal, material:suede, material:cork, material:latex, material:EVA, colorfamily:neutral, colorfamily:earth, color:taupe, usecase:beach days, usecase:holiday, usecase:everyday summer, occasion:beach, occasion:everyday, occasion:travel, fit:regular, season:spring, season:summer, tier:mid",TRUE,Size,EU 38,,,,,fd-ftw-21-eu-38,0,shopify,25,deny,manual,150.00,,TRUE,TRUE,,https://images.pexels.com/photos/15008746/pexels-photo-15008746.jpeg?auto=compress&cs=tinysrgb&w=1600,1,Birkenstock Arizona Soft Footbed Suede,FALSE,Birkenstock Arizona Soft Footbed Suede | Fold,"The two-strap slide on a cork-latex footbed with an extra layer of foam, so it is comfortable from the first wear and shapes itself to your foot over a summer. Taupe suede straps with adjustable brass-tone buckles. Throw it on with linen shorts by the water, or with socks and wide trousers in town.",,kg,,,active
birkenstock-arizona-soft-footbed-suede,,,,,,,,,EU 39,,,,,fd-ftw-21-eu-39,0,shopify,25,deny,manual,150.00,,TRUE,TRUE,,,,,,,,,kg,,,
birkenstock-arizona-soft-footbed-suede,,,,,,,,,EU 40,,,,,fd-ftw-21-eu-40,0,shopify,25,deny,manual,150.00,,TRUE,TRUE,,,,,,,,,kg,,,
birkenstock-arizona-soft-footbed-suede,,,,,,,,,EU 41,,,,,fd-ftw-21-eu-41,0,shopify,25,deny,manual,150.00,,TRUE,TRUE,,,,,,,,,kg,,,
birkenstock-arizona-soft-footbed-suede,,,,,,,,,EU 42,,,,,fd-ftw-21-eu-42,0,shopify,25,deny,manual,150.00,,TRUE,TRUE,,,,,,,,,kg,,,
birkenstock-arizona-soft-footbed-suede,,,,,,,,,EU 43,,,,,fd-ftw-21-eu-43,0,shopify,25,deny,manual,150.00,,TRUE,TRUE,,,,,,,,,kg,,,
birkenstock-arizona-soft-footbed-suede,,,,,,,,,EU 44,,,,,fd-ftw-21-eu-44,0,shopify,25,deny,manual,150.00,,TRUE,TRUE,,,,,,,,,kg,,,
birkenstock-boston-suede-clog,Boston Suede Clog,"<p>The closed-toe clog on Birkenstock's cork footbed, in oiled mink-grey suede with a single adjustable strap. It slips on in a second, holds its shape for years, and has become a quiet favorite with wool socks, wide trousers and a plain knit. Comfortable enough to wear all day, at home or out.</p><ul><li>Suede upper with adjustable buckle</li><li>Cork-latex footbed with suede lining</li><li>EVA outsole</li><li>Regular width; true to Birkenstock sizing</li><li>Made in Germany</li></ul>",Birkenstock,Apparel & Accessories > Shoes > Sandals,Sandals,"clog, made in germany, slip-on, cork footbed, category:Footwear, subcategory:Sandals, department:unisex, style:quiet-minimal, material:suede, material:cork, material:latex, material:EVA, colorfamily:neutral, color:mink grey, color:taupe, usecase:errands, usecase:working from home, usecase:everyday wear, occasion:everyday, occasion:weekend, occasion:travel, fit:regular, season:all-season, tier:mid",TRUE,Size,EU 37,,,,,fd-ftw-22-eu-37,0,shopify,25,deny,manual,160.00,,TRUE,TRUE,,https://images.pexels.com/photos/9427139/pexels-photo-9427139.jpeg?auto=compress&cs=tinysrgb&w=1600,1,Birkenstock Boston Suede Clog,FALSE,Birkenstock Boston Suede Clog | Fold,"The closed-toe clog on Birkenstock's cork footbed, in oiled mink-grey suede with a single adjustable strap. It slips on in a second, holds its shape for years, and has become a quiet favorite with wool socks, wide trousers and a plain knit. Comfortable enough to wear all day, at home or out.",,kg,,,active
birkenstock-boston-suede-clog,,,,,,,,,EU 38,,,,,fd-ftw-22-eu-38,0,shopify,25,deny,manual,160.00,,TRUE,TRUE,,,,,,,,,kg,,,
birkenstock-boston-suede-clog,,,,,,,,,EU 39,,,,,fd-ftw-22-eu-39,0,shopify,0,deny,manual,160.00,,TRUE,TRUE,,,,,,,,,kg,,,
birkenstock-boston-suede-clog,,,,,,,,,EU 40,,,,,fd-ftw-22-eu-40,0,shopify,25,deny,manual,160.00,,TRUE,TRUE,,,,,,,,,kg,,,
birkenstock-boston-suede-clog,,,,,,,,,EU 41,,,,,fd-ftw-22-eu-41,0,shopify,25,deny,manual,160.00,,TRUE,TRUE,,,,,,,,,kg,,,
birkenstock-boston-suede-clog,,,,,,,,,EU 42,,,,,fd-ftw-22-eu-42,0,shopify,25,deny,manual,160.00,,TRUE,TRUE,,,,,,,,,kg,,,
birkenstock-boston-suede-clog,,,,,,,,,EU 43,,,,,fd-ftw-22-eu-43,0,shopify,25,deny,manual,160.00,,TRUE,TRUE,,,,,,,,,kg,,,
soller-deia-espadrille,Deià Espadrille,"<p>A classic flat espadrille in sand-washed linen with a hand-stitched jute sole and a thin rubber tread underneath, made by a family workshop in La Rioja. It molds to your foot, goes sockless with linen trousers or a swim short, and gets better looking as the jute frays a little. Breezy, sun-faded and made for long hot days.</p><ul><li>100% linen upper with cotton lining</li><li>Hand-stitched natural jute sole with vulcanized rubber tread</li><li>Fits snug at first and gives with wear; size down if between sizes</li><li>Spot clean only; keep out of standing water</li><li>Made in Spain</li></ul>",Sóller,Apparel & Accessories > Shoes > Sandals,Sandals,"espadrille, jute sole, made in spain, linen, category:Footwear, subcategory:Sandals, department:unisex, style:coastal-resort, material:linen, material:jute, material:rubber, colorfamily:neutral, color:sand, color:ecru stripe, usecase:beach days, usecase:holiday, usecase:summer evenings, occasion:beach, occasion:weekend, occasion:travel, fit:regular, season:summer, tier:budget",TRUE,Size,EU 37,,,,,fd-ftw-23-eu-37,0,shopify,25,deny,manual,68.00,,TRUE,TRUE,,https://images.pexels.com/photos/38570359/pexels-photo-38570359.jpeg?auto=compress&cs=tinysrgb&w=1600,1,Sóller Deià Espadrille,FALSE,Sóller Deià Espadrille | Fold,"A classic flat espadrille in sand-washed linen with a hand-stitched jute sole and a thin rubber tread underneath, made by a family workshop in La Rioja. It molds to your foot, goes sockless with linen trousers or a swim short, and gets better looking as the jute frays a little. Breezy, sun-faded and made for long hot d",,kg,,,active
soller-deia-espadrille,,,,,,,,,EU 38,,,,,fd-ftw-23-eu-38,0,shopify,25,deny,manual,68.00,,TRUE,TRUE,,,,,,,,,kg,,,
soller-deia-espadrille,,,,,,,,,EU 39,,,,,fd-ftw-23-eu-39,0,shopify,25,deny,manual,68.00,,TRUE,TRUE,,,,,,,,,kg,,,
soller-deia-espadrille,,,,,,,,,EU 40,,,,,fd-ftw-23-eu-40,0,shopify,25,deny,manual,68.00,,TRUE,TRUE,,,,,,,,,kg,,,
soller-deia-espadrille,,,,,,,,,EU 41,,,,,fd-ftw-23-eu-41,0,shopify,0,deny,manual,68.00,,TRUE,TRUE,,,,,,,,,kg,,,
soller-deia-espadrille,,,,,,,,,EU 42,,,,,fd-ftw-23-eu-42,0,shopify,25,deny,manual,68.00,,TRUE,TRUE,,,,,,,,,kg,,,
soller-deia-espadrille,,,,,,,,,EU 43,,,,,fd-ftw-23-eu-43,0,shopify,25,deny,manual,68.00,,TRUE,TRUE,,,,,,,,,kg,,,
soller-fornalutx-leather-sandal,Fornalutx Leather Sandal,"<p>A flat sandal in soft cognac vegetable-tanned leather with woven crossing straps over the toes, a slim ankle strap and a jute-wrapped sole. It looks hand-made because it is, by a small workshop in Inca, Mallorca. Pairs with a white linen dress, a flowy skirt or cropped wide trousers at the beach bar.</p><ul><li>Vegetable-tanned leather upper and footbed</li><li>Jute-wrapped midsole with rubber outsole</li><li>Adjustable ankle buckle</li><li>True to size</li><li>Made in Mallorca, Spain</li></ul>",Sóller,Apparel & Accessories > Shoes > Sandals,Sandals,"handmade, woven leather, made in spain, sale, category:Footwear, subcategory:Sandals, department:women, style:coastal-resort, style:romantic-boho, material:vegetable-tanned leather, material:jute, material:rubber, colorfamily:earth, colorfamily:warm, color:cognac, usecase:holiday, usecase:beach days, usecase:summer evenings, occasion:beach, occasion:travel, occasion:date night, season:spring, season:summer, tier:mid",TRUE,Size,EU 36,,,,,fd-ftw-24-eu-36,0,shopify,0,deny,manual,95.00,125.00,TRUE,TRUE,,https://images.pexels.com/photos/34201652/pexels-photo-34201652.jpeg?auto=compress&cs=tinysrgb&w=1600,1,Sóller Fornalutx Leather Sandal,FALSE,Sóller Fornalutx Leather Sandal | Fold,"A flat sandal in soft cognac vegetable-tanned leather with woven crossing straps over the toes, a slim ankle strap and a jute-wrapped sole. It looks hand-made because it is, by a small workshop in Inca, Mallorca. Pairs with a white linen dress, a flowy skirt or cropped wide trousers at the beach bar.",,kg,,,active
soller-fornalutx-leather-sandal,,,,,,,,,EU 37,,,,,fd-ftw-24-eu-37,0,shopify,25,deny,manual,95.00,125.00,TRUE,TRUE,,,,,,,,,kg,,,
soller-fornalutx-leather-sandal,,,,,,,,,EU 38,,,,,fd-ftw-24-eu-38,0,shopify,25,deny,manual,95.00,125.00,TRUE,TRUE,,,,,,,,,kg,,,
soller-fornalutx-leather-sandal,,,,,,,,,EU 39,,,,,fd-ftw-24-eu-39,0,shopify,25,deny,manual,95.00,125.00,TRUE,TRUE,,,,,,,,,kg,,,
soller-fornalutx-leather-sandal,,,,,,,,,EU 40,,,,,fd-ftw-24-eu-40,0,shopify,25,deny,manual,95.00,125.00,TRUE,TRUE,,,,,,,,,kg,,,
soller-fornalutx-leather-sandal,,,,,,,,,EU 41,,,,,fd-ftw-24-eu-41,0,shopify,25,deny,manual,95.00,125.00,TRUE,TRUE,,,,,,,,,kg,,,
malha-lisboa-alfama-crochet-sandal,Alfama Crochet Sandal,"<p>A flat slide with an open crochet upper hand-worked in cream organic cotton at the Malha Lisboa mill, set on a cork footbed and a stitched leather sole made with a shoemaker in Felgueiras. It has a soft, slightly undone look, like the shawl on your grandmother's chair. Lovely with a broderie dress, a tiered skirt or wide linen trousers.</p><ul><li>Hand-crocheted 100% organic cotton upper</li><li>Cork footbed with leather lining</li><li>Leather and rubber sole</li><li>Each pair takes about four hours to crochet; slight variations are normal</li><li>Made in Portugal</li></ul>",Malha Lisboa,Apparel & Accessories > Shoes > Sandals,Sandals,"crochet, handmade, made in portugal, organic cotton, new season, category:Footwear, subcategory:Sandals, department:women, style:romantic-boho, material:organic cotton crochet, material:cork, material:leather, colorfamily:neutral, colorfamily:warm, color:cream, color:natural, usecase:summer weekends, usecase:holiday, usecase:festivals, occasion:weekend, occasion:festival, occasion:beach, fit:regular, season:spring, season:summer, tier:mid, new",TRUE,Size,EU 36,,,,,fd-ftw-25-eu-36,0,shopify,25,deny,manual,95.00,,TRUE,TRUE,,https://images.pexels.com/photos/30471948/pexels-photo-30471948.jpeg?auto=compress&cs=tinysrgb&w=1600,1,Malha Lisboa Alfama Crochet Sandal,FALSE,Malha Lisboa Alfama Crochet Sandal | Fold,"A flat slide with an open crochet upper hand-worked in cream organic cotton at the Malha Lisboa mill, set on a cork footbed and a stitched leather sole made with a shoemaker in Felgueiras. It has a soft, slightly undone look, like the shawl on your grandmother's chair. Lovely with a broderie dress, a tiered skirt or wi",,kg,,,active
malha-lisboa-alfama-crochet-sandal,,,,,,,,,EU 37,,,,,fd-ftw-25-eu-37,0,shopify,0,deny,manual,95.00,,TRUE,TRUE,,,,,,,,,kg,,,
malha-lisboa-alfama-crochet-sandal,,,,,,,,,EU 38,,,,,fd-ftw-25-eu-38,0,shopify,25,deny,manual,95.00,,TRUE,TRUE,,,,,,,,,kg,,,
malha-lisboa-alfama-crochet-sandal,,,,,,,,,EU 39,,,,,fd-ftw-25-eu-39,0,shopify,25,deny,manual,95.00,,TRUE,TRUE,,,,,,,,,kg,,,
malha-lisboa-alfama-crochet-sandal,,,,,,,,,EU 40,,,,,fd-ftw-25-eu-40,0,shopify,25,deny,manual,95.00,,TRUE,TRUE,,,,,,,,,kg,,,
malha-lisboa-alfama-crochet-sandal,,,,,,,,,EU 41,,,,,fd-ftw-25-eu-41,0,shopify,25,deny,manual,95.00,,TRUE,TRUE,,,,,,,,,kg,,,
dr-martens-adrian-tassel-loafer,Adrian Tassel Loafer,"<p>A tassel loafer with a kiltie fringe in black Smooth leather, set on Dr. Martens' air-cushioned sole with yellow welt stitching. It is the ivy loafer made tougher: right with grey flannels and white socks, just as right with a long black coat and slim black jeans. Expect a short break-in, then years of wear.</p><ul><li>Smooth leather upper with kiltie fringe and tassels</li><li>Goodyear-welted, heat-sealed construction</li><li>Air-cushioned PVC sole</li><li>Whole sizes; if between sizes, go down</li><li>Wipe clean and polish regularly</li></ul>",Dr. Martens,Apparel & Accessories > Shoes,Dress shoes,"loafer, tassel, goodyear welt, slip-on, category:Footwear, subcategory:Dress shoes, department:unisex, style:preppy-ivy, style:dark-gothic, material:smooth leather, material:PVC sole, colorfamily:black, color:black, usecase:office, usecase:campus, usecase:evenings out, occasion:office, occasion:campus, occasion:night out, fit:regular, season:all-season, tier:mid",TRUE,Size,EU 37,,,,,fd-ftw-26-eu-37,0,shopify,25,deny,manual,170.00,,TRUE,TRUE,,https://images.pexels.com/photos/7608463/pexels-photo-7608463.jpeg?auto=compress&cs=tinysrgb&w=1600,1,Dr. Martens Adrian Tassel Loafer,FALSE,Dr. Martens Adrian Tassel Loafer | Fold,"A tassel loafer with a kiltie fringe in black Smooth leather, set on Dr. Martens' air-cushioned sole with yellow welt stitching. It is the ivy loafer made tougher: right with grey flannels and white socks, just as right with a long black coat and slim black jeans. Expect a short break-in, then years of wear.",,kg,,,active
dr-martens-adrian-tassel-loafer,,,,,,,,,EU 38,,,,,fd-ftw-26-eu-38,0,shopify,25,deny,manual,170.00,,TRUE,TRUE,,,,,,,,,kg,,,
dr-martens-adrian-tassel-loafer,,,,,,,,,EU 39,,,,,fd-ftw-26-eu-39,0,shopify,25,deny,manual,170.00,,TRUE,TRUE,,,,,,,,,kg,,,
dr-martens-adrian-tassel-loafer,,,,,,,,,EU 40,,,,,fd-ftw-26-eu-40,0,shopify,25,deny,manual,170.00,,TRUE,TRUE,,,,,,,,,kg,,,
dr-martens-adrian-tassel-loafer,,,,,,,,,EU 41,,,,,fd-ftw-26-eu-41,0,shopify,25,deny,manual,170.00,,TRUE,TRUE,,,,,,,,,kg,,,
dr-martens-adrian-tassel-loafer,,,,,,,,,EU 42,,,,,fd-ftw-26-eu-42,0,shopify,0,deny,manual,170.00,,TRUE,TRUE,,,,,,,,,kg,,,
dr-martens-adrian-tassel-loafer,,,,,,,,,EU 43,,,,,fd-ftw-26-eu-43,0,shopify,25,deny,manual,170.00,,TRUE,TRUE,,,,,,,,,kg,,,
cranmore-wickford-penny-loafer,Wickford Penny Loafer,"<p>A hand-sewn penny loafer in burnished burgundy calf leather, with a beefroll saddle, a leather sole and a rubber heel. The shape is slim and low, built on a last Cranmore has used since the 1970s. Wear it with grey flannels, chinos and an oxford shirt, or with jeans and a cable knit.</p><ul><li>Burnished calf leather upper, leather lining</li><li>Hand-sewn moccasin construction, Blake stitched</li><li>Leather sole with rubber heel</li><li>Slim last; true to size</li><li>Made in Rhode Island</li></ul>",Cranmore,Apparel & Accessories > Shoes,Dress shoes,"penny loafer, hand-sewn, made in usa, leather sole, category:Footwear, subcategory:Dress shoes, department:men, style:preppy-ivy, material:burnished calf leather, material:leather sole, colorfamily:warm, colorfamily:earth, color:burgundy, color:oxblood, usecase:office, usecase:weddings, usecase:weekend dinners, occasion:office, occasion:wedding guest, occasion:date night, fit:slim, season:all-season, tier:premium",TRUE,Size,EU 40,,,,,fd-ftw-27-eu-40,0,shopify,25,deny,manual,265.00,,TRUE,TRUE,,https://images.pexels.com/photos/24196271/pexels-photo-24196271.jpeg?auto=compress&cs=tinysrgb&w=1600,1,Cranmore Wickford Penny Loafer,FALSE,Cranmore Wickford Penny Loafer | Fold,"A hand-sewn penny loafer in burnished burgundy calf leather, with a beefroll saddle, a leather sole and a rubber heel. The shape is slim and low, built on a last Cranmore has used since the 1970s. Wear it with grey flannels, chinos and an oxford shirt, or with jeans and a cable knit.",,kg,,,active
cranmore-wickford-penny-loafer,,,,,,,,,EU 41,,,,,fd-ftw-27-eu-41,0,shopify,25,deny,manual,265.00,,TRUE,TRUE,,,,,,,,,kg,,,
cranmore-wickford-penny-loafer,,,,,,,,,EU 42,,,,,fd-ftw-27-eu-42,0,shopify,25,deny,manual,265.00,,TRUE,TRUE,,,,,,,,,kg,,,
cranmore-wickford-penny-loafer,,,,,,,,,EU 43,,,,,fd-ftw-27-eu-43,0,shopify,25,deny,manual,265.00,,TRUE,TRUE,,,,,,,,,kg,,,
cranmore-wickford-penny-loafer,,,,,,,,,EU 44,,,,,fd-ftw-27-eu-44,0,shopify,0,deny,manual,265.00,,TRUE,TRUE,,,,,,,,,kg,,,
cranmore-wickford-penny-loafer,,,,,,,,,EU 45,,,,,fd-ftw-27-eu-45,0,shopify,25,deny,manual,265.00,,TRUE,TRUE,,,,,,,,,kg,,,
cranmore-wickford-penny-loafer,,,,,,,,,EU 46,,,,,fd-ftw-27-eu-46,0,shopify,25,deny,manual,265.00,,TRUE,TRUE,,,,,,,,,kg,,,
cranmore-watch-hill-boat-shoe,Watch Hill Boat Shoe,"<p>A two-eye boat shoe in oiled tan leather with rawhide 360-degree lacing and a white siped rubber sole that grips a wet deck. Worn sockless, it softens quickly and darkens with salt and sun. Made for summer sailing weekends, chino shorts and a faded oxford shirt.</p><ul><li>Oiled full-grain leather upper, unlined</li><li>Rawhide laces with 360-degree lacing</li><li>Non-marking siped rubber sole</li><li>Hand-sewn moccasin toe</li><li>Made in Rhode Island</li></ul>",Cranmore,Apparel & Accessories > Shoes,Dress shoes,"boat shoe, hand-sewn, made in usa, sale, category:Footwear, subcategory:Dress shoes, department:men, style:preppy-ivy, style:coastal-resort, material:oiled leather, material:rawhide, material:rubber, colorfamily:earth, colorfamily:white, color:tan, color:white sole, usecase:sailing, usecase:summer weekends, usecase:holiday, occasion:weekend, occasion:beach, occasion:travel, fit:regular, season:spring, season:summer, tier:mid",TRUE,Size,EU 40,,,,,fd-ftw-28-eu-40,0,shopify,25,deny,manual,140.00,175.00,TRUE,TRUE,,https://images.pexels.com/photos/7887198/pexels-photo-7887198.jpeg?auto=compress&cs=tinysrgb&w=1600,1,Cranmore Watch Hill Boat Shoe,FALSE,Cranmore Watch Hill Boat Shoe | Fold,"A two-eye boat shoe in oiled tan leather with rawhide 360-degree lacing and a white siped rubber sole that grips a wet deck. Worn sockless, it softens quickly and darkens with salt and sun. Made for summer sailing weekends, chino shorts and a faded oxford shirt.",,kg,,,active
cranmore-watch-hill-boat-shoe,,,,,,,,,EU 41,,,,,fd-ftw-28-eu-41,0,shopify,25,deny,manual,140.00,175.00,TRUE,TRUE,,,,,,,,,kg,,,
cranmore-watch-hill-boat-shoe,,,,,,,,,EU 42,,,,,fd-ftw-28-eu-42,0,shopify,25,deny,manual,140.00,175.00,TRUE,TRUE,,,,,,,,,kg,,,
cranmore-watch-hill-boat-shoe,,,,,,,,,EU 43,,,,,fd-ftw-28-eu-43,0,shopify,0,deny,manual,140.00,175.00,TRUE,TRUE,,,,,,,,,kg,,,
cranmore-watch-hill-boat-shoe,,,,,,,,,EU 44,,,,,fd-ftw-28-eu-44,0,shopify,25,deny,manual,140.00,175.00,TRUE,TRUE,,,,,,,,,kg,,,
cranmore-watch-hill-boat-shoe,,,,,,,,,EU 45,,,,,fd-ftw-28-eu-45,0,shopify,25,deny,manual,140.00,175.00,TRUE,TRUE,,,,,,,,,kg,,,
cranmore-watch-hill-boat-shoe,,,,,,,,,EU 46,,,,,fd-ftw-28-eu-46,0,shopify,25,deny,manual,140.00,175.00,TRUE,TRUE,,,,,,,,,kg,,,
hedda-vang-frogner-mary-jane,Frogner Mary Jane,"<p>A round-toe Mary Jane in soft rose-pink patent leather with a thin buckled strap, a small 3 cm heel and a scalloped edge along the throat. It is sweet without being childish, with a gingham dress and white socks, a puff-sleeve blouse and a full skirt, or plain jeans. Made in small runs in Portugal.</p><ul><li>Patent calf leather upper, leather lining</li><li>3 cm stacked heel, leather sole with rubber insert</li><li>Adjustable buckle strap</li><li>Padded leather footbed</li><li>Made in Portugal</li></ul>",Hedda Vang,Apparel & Accessories > Shoes,Dress shoes,"mary jane, made in portugal, scalloped, patent, category:Footwear, subcategory:Dress shoes, department:women, style:romantic-boho, material:patent leather, material:leather sole, colorfamily:pastel, color:rose pink, color:dusty rose, usecase:dinners, usecase:weddings, usecase:weekend outings, occasion:date night, occasion:wedding guest, occasion:weekend, season:spring, season:summer, season:fall, tier:mid",TRUE,Size,EU 36,,,,,fd-ftw-29-eu-36,0,shopify,25,deny,manual,195.00,,TRUE,TRUE,,https://images.pexels.com/photos/37359481/pexels-photo-37359481.jpeg?auto=compress&cs=tinysrgb&w=1600,1,Hedda Vang Frogner Mary Jane,FALSE,Hedda Vang Frogner Mary Jane | Fold,"A round-toe Mary Jane in soft rose-pink patent leather with a thin buckled strap, a small 3 cm heel and a scalloped edge along the throat. It is sweet without being childish, with a gingham dress and white socks, a puff-sleeve blouse and a full skirt, or plain jeans. Made in small runs in Portugal.",,kg,,,active
hedda-vang-frogner-mary-jane,,,,,,,,,EU 37,,,,,fd-ftw-29-eu-37,0,shopify,25,deny,manual,195.00,,TRUE,TRUE,,,,,,,,,kg,,,
hedda-vang-frogner-mary-jane,,,,,,,,,EU 38,,,,,fd-ftw-29-eu-38,0,shopify,25,deny,manual,195.00,,TRUE,TRUE,,,,,,,,,kg,,,
hedda-vang-frogner-mary-jane,,,,,,,,,EU 39,,,,,fd-ftw-29-eu-39,0,shopify,25,deny,manual,195.00,,TRUE,TRUE,,,,,,,,,kg,,,
hedda-vang-frogner-mary-jane,,,,,,,,,EU 40,,,,,fd-ftw-29-eu-40,0,shopify,25,deny,manual,195.00,,TRUE,TRUE,,,,,,,,,kg,,,
hedda-vang-frogner-mary-jane,,,,,,,,,EU 41,,,,,fd-ftw-29-eu-41,0,shopify,0,deny,manual,195.00,,TRUE,TRUE,,,,,,,,,kg,,,
hedda-vang-bygdoy-ballet-flat,Bygdøy Ballet Flat,"<p>A soft ballet flat in cream nappa leather with a gathered drawstring bow at the toe and a flexible leather sole that folds in half. It is light and quiet on the foot, as easy with a broderie dress or a tiered midi skirt as with cropped trousers. Romantic, simple and good for walking all day.</p><ul><li>Nappa leather upper and lining</li><li>Flexible stitched leather sole with rubber grip pads</li><li>Elasticated drawstring throat</li><li>Runs slim; size up half a size for wider feet</li><li>Made in Portugal</li></ul>",Hedda Vang,Apparel & Accessories > Shoes,Dress shoes,"ballet flat, made in portugal, soft leather, bow detail, category:Footwear, subcategory:Dress shoes, department:women, style:romantic-boho, style:quiet-minimal, material:nappa leather, material:leather sole, colorfamily:neutral, colorfamily:white, color:cream, color:ivory, usecase:everyday wear, usecase:office, usecase:summer evenings, occasion:everyday, occasion:office, occasion:date night, fit:slim, season:spring, season:summer, season:fall, tier:mid",TRUE,Size,EU 36,,,,,fd-ftw-30-eu-36,0,shopify,25,deny,manual,160.00,,TRUE,TRUE,,https://images.pexels.com/photos/16541496/pexels-photo-16541496.jpeg?auto=compress&cs=tinysrgb&w=1600,1,Hedda Vang Bygdøy Ballet Flat,FALSE,Hedda Vang Bygdøy Ballet Flat | Fold,"A soft ballet flat in cream nappa leather with a gathered drawstring bow at the toe and a flexible leather sole that folds in half. It is light and quiet on the foot, as easy with a broderie dress or a tiered midi skirt as with cropped trousers. Romantic, simple and good for walking all day.",,kg,,,active
hedda-vang-bygdoy-ballet-flat,,,,,,,,,EU 37,,,,,fd-ftw-30-eu-37,0,shopify,25,deny,manual,160.00,,TRUE,TRUE,,,,,,,,,kg,,,
hedda-vang-bygdoy-ballet-flat,,,,,,,,,EU 38,,,,,fd-ftw-30-eu-38,0,shopify,25,deny,manual,160.00,,TRUE,TRUE,,,,,,,,,kg,,,
hedda-vang-bygdoy-ballet-flat,,,,,,,,,EU 39,,,,,fd-ftw-30-eu-39,0,shopify,25,deny,manual,160.00,,TRUE,TRUE,,,,,,,,,kg,,,
hedda-vang-bygdoy-ballet-flat,,,,,,,,,EU 40,,,,,fd-ftw-30-eu-40,0,shopify,25,deny,manual,160.00,,TRUE,TRUE,,,,,,,,,kg,,,
hedda-vang-bygdoy-ballet-flat,,,,,,,,,EU 41,,,,,fd-ftw-30-eu-41,0,shopify,25,deny,manual,160.00,,TRUE,TRUE,,,,,,,,,kg,,,
soller-valldemossa-raffia-tote,Valldemossa Raffia Tote,"<p>A wide, open tote hand-woven from natural raffia on Mallorca, with flat tan leather handles and a cotton-lined zip pocket inside. It holds a towel, a book and a bottle of water without fuss, and gets better as the straw softens and sun-fades. Breezy with linen and espadrilles, from the beach to dinner on the port.</p><ul><li>Hand-woven natural raffia</li><li>Vegetable-tanned leather handles, 25 cm drop</li><li>Cotton lining with zip inner pocket</li><li>W 45 cm x H 32 cm x D 16 cm</li><li>Spot clean; keep dry</li><li>Made in Spain</li></ul>",Sóller,Luggage & Bags > Shopping Totes,Totes,"raffia, hand-woven, made in spain, beach, category:Bags, subcategory:Totes, department:women, style:coastal-resort, material:raffia, material:leather, material:cotton, colorfamily:neutral, colorfamily:earth, color:natural, color:tan, usecase:beach days, usecase:holiday, usecase:market runs, occasion:beach, occasion:travel, occasion:weekend, season:spring, season:summer, tier:mid",TRUE,Title,Default Title,,,,,fd-bag-01-one-size,0,shopify,25,deny,manual,145.00,,TRUE,TRUE,,https://images.pexels.com/photos/17836626/pexels-photo-17836626.jpeg?auto=compress&cs=tinysrgb&w=1600,1,Sóller Valldemossa Raffia Tote,FALSE,Sóller Valldemossa Raffia Tote | Fold,"A wide, open tote hand-woven from natural raffia on Mallorca, with flat tan leather handles and a cotton-lined zip pocket inside. It holds a towel, a book and a bottle of water without fuss, and gets better as the straw softens and sun-fades. Breezy with linen and espadrilles, from the beach to dinner on the port.",,kg,,,active
cranmore-nantucket-boat-tote,Nantucket Boat Tote,"<p>A heavy cotton canvas boat tote with colored webbing handles and a reinforced base that stands up on its own. It is cut deep and roomy for a weekend's worth of sweaters, sailing kit or groceries, and the canvas softens and fades with every season. Crisp, collegiate and very New England.</p><ul><li>24 oz cotton canvas</li><li>Reinforced double-layer base</li><li>Cotton webbing handles, 23 cm drop</li><li>W 40 cm x H 33 cm x D 18 cm</li><li>Machine wash cold, air dry</li><li>Made in the USA</li></ul>",Cranmore,Luggage & Bags > Shopping Totes,Totes,"canvas, boat tote, made in usa, gift, category:Bags, subcategory:Totes, department:unisex, style:preppy-ivy, style:coastal-resort, material:cotton canvas, material:cotton webbing, colorfamily:neutral, colorfamily:cool, color:natural canvas, color:navy, color:forest green, usecase:weekends away, usecase:groceries, usecase:beach, occasion:weekend, occasion:beach, occasion:travel, season:all-season, tier:mid",TRUE,Style,Navy trim,,,,,fd-bag-02-navy-trim,0,shopify,25,deny,manual,85.00,,TRUE,TRUE,,https://images.pexels.com/photos/17836628/pexels-photo-17836628.jpeg?auto=compress&cs=tinysrgb&w=1600,1,Cranmore Nantucket Boat Tote,FALSE,Cranmore Nantucket Boat Tote | Fold,"A heavy cotton canvas boat tote with colored webbing handles and a reinforced base that stands up on its own. It is cut deep and roomy for a weekend's worth of sweaters, sailing kit or groceries, and the canvas softens and fades with every season. Crisp, collegiate and very New England.",,kg,,,active
cranmore-nantucket-boat-tote,,,,,,,,,Green trim,,,,,fd-bag-02-green-trim,0,shopify,25,deny,manual,85.00,,TRUE,TRUE,,,,,,,,,kg,,,
arket-canvas-tote-bag,Canvas Tote Bag,"<p>A plain, generous tote in heavyweight organic cotton canvas with long shoulder handles and a single slip pocket inside. No logo, no hardware and a neat squared base that keeps a laptop and lunch upright. The kind of bag you stop noticing because it simply works.</p><ul><li>100% organic cotton canvas, 450 gsm</li><li>Handles 60 cm; fits over the shoulder</li><li>Inside slip pocket</li><li>W 38 cm x H 42 cm x D 12 cm</li><li>Machine wash cold</li></ul>",Arket,Luggage & Bags > Shopping Totes,Totes,"organic cotton, no logo, everyday, laptop, category:Bags, subcategory:Totes, department:unisex, style:quiet-minimal, material:organic cotton canvas, colorfamily:white, colorfamily:black, color:off-white, color:black, usecase:daily carry, usecase:laptop, usecase:groceries, occasion:everyday, occasion:commute, occasion:office, season:all-season, tier:budget",TRUE,Color,Off-white,,,,,fd-bag-03-off-white,0,shopify,25,deny,manual,45.00,,TRUE,TRUE,,https://images.pexels.com/photos/6786665/pexels-photo-6786665.jpeg?auto=compress&cs=tinysrgb&w=1600,1,Arket Canvas Tote Bag,FALSE,Arket Canvas Tote Bag | Fold,"A plain, generous tote in heavyweight organic cotton canvas with long shoulder handles and a single slip pocket inside. No logo, no hardware and a neat squared base that keeps a laptop and lunch upright. The kind of bag you stop noticing because it simply works.",,kg,,,active
arket-canvas-tote-bag,,,,,,,,,Black,,,,,fd-bag-03-black,0,shopify,25,deny,manual,45.00,,TRUE,TRUE,,,,,,,,,kg,,,
asche-mitte-washed-leather-tote,Mitte Washed Leather Tote,"<p>A large, slouchy tote in black washed cowhide that collapses softly when empty and holds a 15-inch laptop when it isn't. The handles are long enough for the shoulder and joined with heavy antiqued silver rings, and it is unlined, so the raw underside of the leather shows inside. It creases and darkens with wear and belongs with an all-black wardrobe.</p><ul><li>Washed cowhide leather, 1.8 mm</li><li>Unlined; magnetic snap closure</li><li>Antiqued silver-tone rings</li><li>W 46 cm x H 38 cm x D 14 cm; handle drop 28 cm</li><li>Condition occasionally</li><li>Made in Germany</li></ul>",Asche,Luggage & Bags > Shopping Totes,Totes,"leather, silver hardware, laptop, made in germany, category:Bags, subcategory:Totes, department:unisex, style:dark-gothic, material:cowhide leather, material:silver-tone metal, colorfamily:black, color:washed black, usecase:daily carry, usecase:laptop, usecase:work, occasion:everyday, occasion:office, occasion:commute, season:all-season, tier:premium",TRUE,Title,Default Title,,,,,fd-bag-04-one-size,0,shopify,25,deny,manual,395.00,,TRUE,TRUE,,https://images.pexels.com/photos/30431969/pexels-photo-30431969.jpeg?auto=compress&cs=tinysrgb&w=1600,1,Asche Mitte Washed Leather Tote,FALSE,Asche Mitte Washed Leather Tote | Fold,"A large, slouchy tote in black washed cowhide that collapses softly when empty and holds a 15-inch laptop when it isn't. The handles are long enough for the shoulder and joined with heavy antiqued silver rings, and it is unlined, so the raw underside of the leather shows inside. It creases and darkens with wear and bel",,kg,,,active
patagonia-black-hole-pack-25l,Black Hole Pack 25L,"<p>Patagonia's everyday pack in tough recycled ripstop with a TPU-film laminate that shrugs off rain and scuffs. A padded laptop sleeve, a big main compartment, stretch side pockets and a soft back panel make it as good on a commute as on a day hike. Shown in black or basin green with the familiar logo patch.</p><ul><li>100% recycled polyester ripstop with TPU-film laminate</li><li>25 L; padded 15-inch laptop sleeve</li><li>Padded shoulder straps and sternum strap</li><li>H 47 cm x W 29 cm x D 18 cm; 680 g</li><li>Wipe clean</li><li>Fair Trade Certified sewn</li></ul>",Patagonia,Luggage & Bags > Backpacks,Backpacks,"recycled, water-resistant, laptop, day pack, category:Bags, subcategory:Backpacks, department:unisex, style:gorpcore-outdoor, material:recycled polyester ripstop, material:TPU laminate, colorfamily:black, colorfamily:earth, color:black, color:basin green, usecase:commuting, usecase:day hikes, usecase:laptop, occasion:commute, occasion:hiking, occasion:travel, season:all-season, tier:mid, bestseller",TRUE,Color,Black,,,,,fd-bag-05-black,0,shopify,25,deny,manual,140.00,,TRUE,TRUE,,https://images.pexels.com/photos/2962090/pexels-photo-2962090.jpeg?auto=compress&cs=tinysrgb&w=1600,1,Patagonia Black Hole Pack 25L,FALSE,Patagonia Black Hole Pack 25L | Fold,"Patagonia's everyday pack in tough recycled ripstop with a TPU-film laminate that shrugs off rain and scuffs. A padded laptop sleeve, a big main compartment, stretch side pockets and a soft back panel make it as good on a commute as on a day hike. Shown in black or basin green with the familiar logo patch.",,kg,,,active
patagonia-black-hole-pack-25l,,,,,,,,,Basin Green,,,,,fd-bag-05-basin-green,0,shopify,0,deny,manual,140.00,,TRUE,TRUE,,,,,,,,,kg,,,
carhartt-wip-kickflip-backpack,Kickflip Backpack,"<p>A simple top-loading backpack in recycled polyester canvas with a drawstring main compartment under a buckled flap, a front zip pocket and the square label on the front. It is light, takes a laptop, and has webbing loops on the front for strapping on a board or a jacket. Easy, everyday and straight out of the skate shop.</p><ul><li>100% recycled polyester canvas</li><li>Drawstring main compartment with buckled flap</li><li>Padded sleeve fits a 15-inch laptop</li><li>H 46 cm x W 30 cm x D 13 cm; approx. 25 L</li><li>Wipe clean</li></ul>",Carhartt WIP,Luggage & Bags > Backpacks,Backpacks,"backpack, recycled, skate, laptop, category:Bags, subcategory:Backpacks, department:unisex, style:streetwear, style:heritage-workwear, material:recycled polyester canvas, colorfamily:black, colorfamily:earth, color:black, color:hamilton brown, usecase:campus, usecase:skating, usecase:daily carry, occasion:campus, occasion:everyday, occasion:commute, season:all-season, tier:mid",TRUE,Color,Black,,,,,fd-bag-06-black,0,shopify,25,deny,manual,95.00,110.00,TRUE,TRUE,,https://images.pexels.com/photos/23070928/pexels-photo-23070928.jpeg?auto=compress&cs=tinysrgb&w=1600,1,Carhartt WIP Kickflip Backpack,FALSE,Carhartt WIP Kickflip Backpack | Fold,"A simple top-loading backpack in recycled polyester canvas with a drawstring main compartment under a buckled flap, a front zip pocket and the square label on the front. It is light, takes a laptop, and has webbing loops on the front for strapping on a board or a jacket. Easy, everyday and straight out of the skate sho",,kg,,,active
carhartt-wip-kickflip-backpack,,,,,,,,,Hamilton Brown,,,,,fd-bag-06-hamilton-brown,0,shopify,25,deny,manual,95.00,110.00,TRUE,TRUE,,,,,,,,,kg,,,
burnside-canvas-belmont-waxed-canvas-rucksack,Belmont Waxed Canvas Rucksack,"<p>The Belmont is a roll-top rucksack in 18 oz waxed cotton canvas with oiled leather straps, solid brass buckles and a padded laptop sleeve inside. The wax keeps rain out and takes on creases and scuffs that show where it has been, and every seam is double-stitched so the Portland workshop can repair it rather than replace it. Rugged on a trail weekend, handsome on a commute.</p><ul><li>18 oz waxed cotton canvas</li><li>Oiled bridle leather straps, solid brass buckles</li><li>Roll-top closure; padded 15-inch laptop sleeve</li><li>H 50 cm x W 30 cm x D 15 cm unrolled; approx. 22 L</li><li>Re-wax yearly; repairs for life</li><li>Made in Portland, Oregon</li></ul>",Burnside Canvas,Luggage & Bags > Backpacks,Backpacks,"waxed canvas, roll-top, made in usa, repairable, leather, category:Bags, subcategory:Backpacks, department:unisex, style:heritage-workwear, style:gorpcore-outdoor, material:waxed cotton canvas, material:bridle leather, material:brass, colorfamily:earth, color:tobacco brown, color:field olive, usecase:commuting, usecase:weekend trips, usecase:laptop, occasion:commute, occasion:travel, occasion:hiking, season:all-season, tier:premium",TRUE,Color,Tobacco,,,,,fd-bag-07-tobacco,0,shopify,25,deny,manual,285.00,,TRUE,TRUE,,https://images.pexels.com/photos/9088788/pexels-photo-9088788.jpeg?auto=compress&cs=tinysrgb&w=1600,1,Burnside Canvas Belmont Waxed Canvas Rucksack,FALSE,Burnside Canvas Belmont Waxed Canvas Rucksack | Fold,"The Belmont is a roll-top rucksack in 18 oz waxed cotton canvas with oiled leather straps, solid brass buckles and a padded laptop sleeve inside. The wax keeps rain out and takes on creases and scuffs that show where it has been, and every seam is double-stitched so the Portland workshop can repair it rather than repla",,kg,,,active
burnside-canvas-belmont-waxed-canvas-rucksack,,,,,,,,,Field Olive,,,,,fd-bag-07-field-olive,0,shopify,25,deny,manual,285.00,,TRUE,TRUE,,,,,,,,,kg,,,
salomon-trailblazer-20,Trailblazer 20,"<p>A light 20-litre daypack with one big compartment, a zipped lid pocket and side compression straps that cinch it down when half empty. The ventilated back and slim shoulder straps keep it stable on a fast hike or the walk to the gym, and the ripstop stands up to daily use. Simple, sporty and very easy to pack.</p><ul><li>Recycled polyamide ripstop</li><li>20 L; hydration sleeve</li><li>Ventilated mesh back panel, sternum strap, removable hip belt</li><li>H 47 cm x W 26 cm x D 16 cm; 420 g</li><li>Hand wash</li></ul>",Salomon,Luggage & Bags > Backpacks,Backpacks,"day pack, lightweight, hiking, hydration, category:Bags, subcategory:Backpacks, department:unisex, style:gorpcore-outdoor, style:athletic, material:recycled polyamide ripstop, material:mesh, colorfamily:black, colorfamily:earth, color:black, color:olive night, usecase:day hikes, usecase:gym, usecase:travel, occasion:hiking, occasion:gym, occasion:travel, season:all-season, tier:budget",TRUE,Color,Black,,,,,fd-bag-08-black,0,shopify,25,deny,manual,70.00,,TRUE,TRUE,,https://images.pexels.com/photos/14718806/pexels-photo-14718806.jpeg?auto=compress&cs=tinysrgb&w=1600,1,Salomon Trailblazer 20,FALSE,Salomon Trailblazer 20 | Fold,"A light 20-litre daypack with one big compartment, a zipped lid pocket and side compression straps that cinch it down when half empty. The ventilated back and slim shoulder straps keep it stable on a fast hike or the walk to the gym, and the ripstop stands up to daily use. Simple, sporty and very easy to pack.",,kg,,,active
salomon-trailblazer-20,,,,,,,,,Olive Night,,,,,fd-bag-08-olive-night,0,shopify,25,deny,manual,70.00,,TRUE,TRUE,,,,,,,,,kg,,,
seom-tilt-nylon-crossbody,Tilt Nylon Crossbody,"<p>A small, curved crossbody in high-shine recycled nylon with chrome zips, an adjustable webbing strap and SEOM's hand-drawn star embossed on the front. It holds a phone, cards, keys and lip balm and sits snug under the arm or across the chest. Glossy, compact and very early-2000s.</p><ul><li>100% recycled nylon, high-gloss coating</li><li>Chrome-finish zips and buckle</li><li>Adjustable strap, max drop 60 cm</li><li>W 24 cm x H 14 cm x D 6 cm</li><li>Wipe clean</li><li>Made in South Korea</li></ul>",SEOM,"Apparel & Accessories > Handbags, Wallets & Cases > Handbags",Crossbody,"crossbody, metallic, recycled nylon, made in korea, category:Bags, subcategory:Crossbody, department:unisex, style:y2k-retro, style:streetwear, material:recycled nylon, material:metal, colorfamily:cool, colorfamily:pastel, color:metallic silver, color:black, color:baby blue, usecase:nights out, usecase:hands-free, usecase:festivals, occasion:night out, occasion:festival, occasion:everyday, season:all-season, tier:budget, new",TRUE,Color,Silver,,,,,fd-bag-09-silver,0,shopify,25,deny,manual,68.00,,TRUE,TRUE,,https://images.pexels.com/photos/33848115/pexels-photo-33848115.jpeg?auto=compress&cs=tinysrgb&w=1600,1,SEOM Tilt Nylon Crossbody,FALSE,SEOM Tilt Nylon Crossbody | Fold,"A small, curved crossbody in high-shine recycled nylon with chrome zips, an adjustable webbing strap and SEOM's hand-drawn star embossed on the front. It holds a phone, cards, keys and lip balm and sits snug under the arm or across the chest. Glossy, compact and very early-2000s.",,kg,,,active
seom-tilt-nylon-crossbody,,,,,,,,,Black,,,,,fd-bag-09-black,0,shopify,25,deny,manual,68.00,,TRUE,TRUE,,,,,,,,,kg,,,
seom-tilt-nylon-crossbody,,,,,,,,,Baby Blue,,,,,fd-bag-09-baby-blue,0,shopify,0,deny,manual,68.00,,TRUE,TRUE,,,,,,,,,kg,,,
nike-heritage-crossbody-bag,Heritage Crossbody Bag,"<p>Nike's Heritage crossbody is a small, flat zip bag in durable polyester with an adjustable strap and the Futura logo on the front. There is room for a phone, wallet and earbuds plus a rear slip pocket for a card, so it goes to the gym, the court or a crowded train. Sporty and simple.</p><ul><li>100% polyester</li><li>1 L; zip main compartment, rear slip pocket</li><li>Adjustable strap</li><li>W 20 cm x H 15 cm x D 5 cm</li><li>Wipe clean</li></ul>",Nike,"Apparel & Accessories > Handbags, Wallets & Cases > Handbags",Crossbody,"crossbody, sporty, lightweight, gift, category:Bags, subcategory:Crossbody, department:unisex, style:athletic, style:streetwear, material:polyester, colorfamily:black, colorfamily:white, color:black, color:white, usecase:hands-free, usecase:gym, usecase:daily carry, occasion:gym, occasion:everyday, occasion:festival, season:all-season, tier:budget",TRUE,Color,Black,,,,,fd-bag-10-black,0,shopify,25,deny,manual,35.00,,TRUE,TRUE,,https://images.pexels.com/photos/36192783/pexels-photo-36192783.jpeg?auto=compress&cs=tinysrgb&w=1600,1,Nike Heritage Crossbody Bag,FALSE,Nike Heritage Crossbody Bag | Fold,"Nike's Heritage crossbody is a small, flat zip bag in durable polyester with an adjustable strap and the Futura logo on the front. There is room for a phone, wallet and earbuds plus a rear slip pocket for a card, so it goes to the gym, the court or a crowded train. Sporty and simple.",,kg,,,active
nike-heritage-crossbody-bag,,,,,,,,,White,,,,,fd-bag-10-white,0,shopify,25,deny,manual,35.00,,TRUE,TRUE,,,,,,,,,kg,,,
malha-lisboa-gra-a-crochet-crossbody,Graça Crochet Crossbody,"<p>A soft crossbody crocheted by hand in thick organic cotton, in an open shell stitch that shows the cream canvas lining underneath. The long single strap sits across the body or at the hip, and it closes with a carved wooden toggle. Romantic and relaxed with a sundress or a linen set.</p><ul><li>100% organic cotton, hand-crocheted</li><li>Cotton canvas lining</li><li>Wooden toggle closure</li><li>W 28 cm x H 24 cm; strap drop 55 cm</li><li>Hand wash cold, dry flat</li><li>Made in Portugal</li></ul>",Malha Lisboa,"Apparel & Accessories > Handbags, Wallets & Cases > Handbags",Crossbody,"crochet, handmade, made in portugal, summer, category:Bags, subcategory:Crossbody, department:women, style:romantic-boho, style:coastal-resort, material:organic cotton, material:crochet, material:wood, colorfamily:neutral, colorfamily:warm, color:ecru, color:terracotta, usecase:summer days, usecase:holiday, usecase:hands-free, occasion:beach, occasion:festival, occasion:weekend, season:spring, season:summer, tier:mid",TRUE,Color,Ecru,,,,,fd-bag-11-ecru,0,shopify,25,deny,manual,115.00,,TRUE,TRUE,,https://images.pexels.com/photos/30859912/pexels-photo-30859912.jpeg?auto=compress&cs=tinysrgb&w=1600,1,Malha Lisboa Graça Crochet Crossbody,FALSE,Malha Lisboa Graça Crochet Crossbody | Fold,"A soft crossbody crocheted by hand in thick organic cotton, in an open shell stitch that shows the cream canvas lining underneath. The long single strap sits across the body or at the hip, and it closes with a carved wooden toggle. Romantic and relaxed with a sundress or a linen set.",,kg,,,active
malha-lisboa-gra-a-crochet-crossbody,,,,,,,,,Terracotta,,,,,fd-bag-11-terracotta,0,shopify,25,deny,manual,115.00,,TRUE,TRUE,,,,,,,,,kg,,,
snow-peak-takibi-canvas-shoulder-bag,TAKIBI Canvas Shoulder Bag,"<p>Snow Peak cuts this shoulder bag from TAKIBI canvas, a flame-resistant cotton-aramid weave made to sit close to a campfire without catching sparks. It is a plain flapped satchel with a wide adjustable strap, a magnetic closure and three inside pockets, in a muted olive that ages well. Quietly useful at a campsite or on a city weekday.</p><ul><li>TAKIBI canvas: 60% cotton, 40% aramid, flame-resistant</li><li>Magnetic flap closure, three interior pockets</li><li>Adjustable strap, drop 50-65 cm</li><li>W 30 cm x H 23 cm x D 9 cm</li><li>Spot clean</li><li>Made in Japan</li></ul>",Snow Peak,"Apparel & Accessories > Handbags, Wallets & Cases > Handbags",Crossbody,"takibi, flame-resistant, camp, made in japan, category:Bags, subcategory:Crossbody, department:unisex, style:gorpcore-outdoor, style:quiet-minimal, material:cotton-aramid canvas, colorfamily:earth, colorfamily:black, color:olive, color:black, usecase:camping, usecase:daily carry, usecase:travel, occasion:camping, occasion:everyday, occasion:travel, season:all-season, tier:mid",TRUE,Color,Olive,,,,,fd-bag-12-olive,0,shopify,25,deny,manual,150.00,,TRUE,TRUE,,https://images.pexels.com/photos/7326897/pexels-photo-7326897.jpeg?auto=compress&cs=tinysrgb&w=1600,1,Snow Peak TAKIBI Canvas Shoulder Bag,FALSE,Snow Peak TAKIBI Canvas Shoulder Bag | Fold,"Snow Peak cuts this shoulder bag from TAKIBI canvas, a flame-resistant cotton-aramid weave made to sit close to a campfire without catching sparks. It is a plain flapped satchel with a wide adjustable strap, a magnetic closure and three inside pockets, in a muted olive that ages well. Quietly useful at a campsite or on",,kg,,,active
snow-peak-takibi-canvas-shoulder-bag,,,,,,,,,Black,,,,,fd-bag-12-black,0,shopify,25,deny,manual,150.00,,TRUE,TRUE,,,,,,,,,kg,,,
carhartt-wip-acrylic-watch-hat,Acrylic Watch Hat,"<p>The rib-knit beanie Carhartt WIP has made for years: a fine acrylic knit with a deep fold-up cuff and the square woven label stitched on the front. It sits short and snug above the ears or pulls down on cold mornings, and goes as easily with a Detroit jacket as with an oversized nylon puffer. Holds its shape season after season and shrugs off the washing machine.</p><ul><li>100% acrylic rib knit</li><li>Deep fold-up cuff with woven square label</li><li>One size; stretches to fit most heads</li><li>Machine wash cold, dry flat</li></ul>",Carhartt WIP,Apparel & Accessories > Clothing Accessories > Hats,Hats,"rib knit, cuffed beanie, gift, classic, category:Accessories, subcategory:Hats, department:unisex, style:streetwear, style:heritage-workwear, material:acrylic, colorfamily:black, colorfamily:earth, color:black, color:hamilton brown, color:dark navy, usecase:cold days, usecase:commute, occasion:everyday, occasion:commute, occasion:weekend, season:fall, season:winter, tier:budget, bestseller",TRUE,Color,Black,,,,,fd-acc-01-black,0,shopify,25,deny,manual,28.00,,TRUE,TRUE,,https://images.pexels.com/photos/5702325/pexels-photo-5702325.jpeg?auto=compress&cs=tinysrgb&w=1600,1,Carhartt WIP Acrylic Watch Hat,FALSE,Carhartt WIP Acrylic Watch Hat | Fold,"The rib-knit beanie Carhartt WIP has made for years: a fine acrylic knit with a deep fold-up cuff and the square woven label stitched on the front. It sits short and snug above the ears or pulls down on cold mornings, and goes as easily with a Detroit jacket as with an oversized nylon puffer. Holds its shape season aft",,kg,,,active
carhartt-wip-acrylic-watch-hat,,,,,,,,,Hamilton Brown,,,,,fd-acc-01-hamilton-brown,0,shopify,25,deny,manual,28.00,,TRUE,TRUE,,,,,,,,,kg,,,
carhartt-wip-acrylic-watch-hat,,,,,,,,,Dark Navy,,,,,fd-acc-01-dark-navy,0,shopify,25,deny,manual,28.00,,TRUE,TRUE,,,,,,,,,kg,,,
nike-club-unstructured-futura-wash-cap,Club Unstructured Futura Wash Cap,"<p>A low-profile six-panel cap in washed cotton twill with an unstructured crown that folds flat into a back pocket. The curved brim and small embroidered Swoosh keep it sporty without shouting, and the enzyme wash gives the color a soft, already-worn fade. Wear it on a run to the courts, to the gym or with a hoodie on a slow Sunday.</p><ul><li>100% cotton twill, enzyme washed</li><li>Unstructured six-panel crown, pre-curved brim</li><li>Adjustable strap with metal tri-glide</li><li>One size</li><li>Hand wash cold</li></ul>",Nike,Apparel & Accessories > Clothing Accessories > Hats,Hats,"washed cotton, adjustable, low profile, dad cap, category:Accessories, subcategory:Hats, department:unisex, style:athletic, style:streetwear, material:cotton twill, colorfamily:white, colorfamily:black, color:white, color:black, color:university red, usecase:sun cover, usecase:training, usecase:bad hair days, occasion:everyday, occasion:gym, occasion:running, season:all-season, tier:budget",TRUE,Color,White,,,,,fd-acc-02-white,0,shopify,25,deny,manual,28.00,,TRUE,TRUE,,https://images.pexels.com/photos/13437117/pexels-photo-13437117.jpeg?auto=compress&cs=tinysrgb&w=1600,1,Nike Club Unstructured Futura Wash Cap,FALSE,Nike Club Unstructured Futura Wash Cap | Fold,"A low-profile six-panel cap in washed cotton twill with an unstructured crown that folds flat into a back pocket. The curved brim and small embroidered Swoosh keep it sporty without shouting, and the enzyme wash gives the color a soft, already-worn fade. Wear it on a run to the courts, to the gym or with a hoodie on a ",,kg,,,active
nike-club-unstructured-futura-wash-cap,,,,,,,,,Black,,,,,fd-acc-02-black,0,shopify,25,deny,manual,28.00,,TRUE,TRUE,,,,,,,,,kg,,,
nike-club-unstructured-futura-wash-cap,,,,,,,,,University Red,,,,,fd-acc-02-university-red,0,shopify,0,deny,manual,28.00,,TRUE,TRUE,,,,,,,,,kg,,,
patagonia-p-6-logo-trucker-hat,P-6 Logo Trucker Hat,"<p>A mid-crown trucker with a structured organic-cotton canvas front, a breathable mesh back and the P-6 mountain logo on a stitched patch. The snapback fits most heads and the mesh keeps air moving on hot trail days, then it lives on the dashboard all summer. Earthy and slightly faded-looking from the start, it belongs with a fleece and a pair of trail runners.</p><ul><li>Front panels: organic cotton canvas; back: recycled polyester mesh</li><li>Mid crown, pre-curved brim, snapback closure</li><li>Embroidered P-6 logo patch</li><li>One size</li><li>Fair Trade Certified sewn</li></ul>",Patagonia,Apparel & Accessories > Clothing Accessories > Hats,Hats,"trucker, recycled, snapback, fair trade, category:Accessories, subcategory:Hats, department:unisex, style:gorpcore-outdoor, material:organic cotton canvas, material:recycled polyester mesh, colorfamily:earth, color:sage khaki, color:ink black, color:forge grey, usecase:trail days, usecase:road trips, usecase:sun cover, occasion:hiking, occasion:camping, occasion:weekend, season:spring, season:summer, season:fall, tier:budget",TRUE,Color,Sage Khaki,,,,,fd-acc-03-sage-khaki,0,shopify,25,deny,manual,38.00,,TRUE,TRUE,,https://images.pexels.com/photos/16063768/pexels-photo-16063768.jpeg?auto=compress&cs=tinysrgb&w=1600,1,Patagonia P-6 Logo Trucker Hat,FALSE,Patagonia P-6 Logo Trucker Hat | Fold,"A mid-crown trucker with a structured organic-cotton canvas front, a breathable mesh back and the P-6 mountain logo on a stitched patch. The snapback fits most heads and the mesh keeps air moving on hot trail days, then it lives on the dashboard all summer. Earthy and slightly faded-looking from the start, it belongs w",,kg,,,active
patagonia-p-6-logo-trucker-hat,,,,,,,,,Ink Black,,,,,fd-acc-03-ink-black,0,shopify,25,deny,manual,38.00,,TRUE,TRUE,,,,,,,,,kg,,,
patagonia-p-6-logo-trucker-hat,,,,,,,,,Forge Grey,,,,,fd-acc-03-forge-grey,0,shopify,25,deny,manual,38.00,,TRUE,TRUE,,,,,,,,,kg,,,
seom-fuzz-bucket-hat,Fuzz Bucket Hat,"<p>A deep-crowned bucket hat in shaggy faux fur, the kind you remember from early-2000s music videos, with a short floppy brim and a small rubber SEOM tab on the side. It is warm, a little absurd and looks best with a cropped puffer and wide nylon cargos. Lilac and baby blue for the brave, black for everyone else.</p><ul><li>Shell: 100% polyester faux fur; lining: cotton</li><li>Deep crown, 2 in (5 cm) soft brim</li><li>Head circumference 23 in (58 cm)</li><li>Hand wash cold, brush when dry</li><li>Made in South Korea</li></ul>",SEOM,Apparel & Accessories > Clothing Accessories > Hats,Hats,"faux fur, statement, y2k, bucket hat, category:Accessories, subcategory:Hats, department:unisex, style:y2k-retro, style:streetwear, material:faux fur, material:cotton, colorfamily:pastel, colorfamily:black, color:lilac, color:baby blue, color:black, usecase:cold days, usecase:statement outfits, occasion:night out, occasion:festival, occasion:weekend, season:fall, season:winter, tier:budget, new",TRUE,Color,Lilac,,,,,fd-acc-04-lilac,0,shopify,25,deny,manual,55.00,,TRUE,TRUE,,https://images.pexels.com/photos/15482280/pexels-photo-15482280.jpeg?auto=compress&cs=tinysrgb&w=1600,1,SEOM Fuzz Bucket Hat,FALSE,SEOM Fuzz Bucket Hat | Fold,"A deep-crowned bucket hat in shaggy faux fur, the kind you remember from early-2000s music videos, with a short floppy brim and a small rubber SEOM tab on the side. It is warm, a little absurd and looks best with a cropped puffer and wide nylon cargos. Lilac and baby blue for the brave, black for everyone else.",,kg,,,active
seom-fuzz-bucket-hat,,,,,,,,,Baby Blue,,,,,fd-acc-04-baby-blue,0,shopify,25,deny,manual,55.00,,TRUE,TRUE,,,,,,,,,kg,,,
seom-fuzz-bucket-hat,,,,,,,,,Black,,,,,fd-acc-04-black,0,shopify,0,deny,manual,55.00,,TRUE,TRUE,,,,,,,,,kg,,,
soller-deia-raffia-sun-hat,Deià Raffia Sun Hat,"<p>A wide-brimmed sun hat hand-braided from natural raffia near Deià, with a soft, slightly wavy brim and a cream cotton band tied at the back. It packs flat in a suitcase and springs back, gives real shade over a long lunch by the sea, and looks right with a linen shirt dress or a striped swimsuit. The braid is a little irregular because it is made by hand.</p><ul><li>100% natural raffia, hand-braided</li><li>Brim 4.3 in (11 cm)</li><li>Inner cotton tie to adjust the fit</li><li>Packable; reshape with a little steam</li><li>Made in Spain</li></ul>",Sóller,Apparel & Accessories > Clothing Accessories > Hats,Hats,"raffia, handmade, made in spain, packable, category:Accessories, subcategory:Hats, department:women, style:coastal-resort, style:romantic-boho, material:raffia, material:cotton, colorfamily:neutral, color:natural, color:cream, usecase:sun cover, usecase:vacation, occasion:beach, occasion:travel, occasion:wedding guest, season:spring, season:summer, tier:mid",TRUE,Size,S/M,,,,,fd-acc-05-s-m,0,shopify,25,deny,manual,75.00,,TRUE,TRUE,,https://images.pexels.com/photos/35851315/pexels-photo-35851315.jpeg?auto=compress&cs=tinysrgb&w=1600,1,Sóller Deià Raffia Sun Hat,FALSE,Sóller Deià Raffia Sun Hat | Fold,"A wide-brimmed sun hat hand-braided from natural raffia near Deià, with a soft, slightly wavy brim and a cream cotton band tied at the back. It packs flat in a suitcase and springs back, gives real shade over a long lunch by the sea, and looks right with a linen shirt dress or a striped swimsuit. The braid is a little ",,kg,,,active
soller-deia-raffia-sun-hat,,,,,,,,,M/L,,,,,fd-acc-05-m-l,0,shopify,25,deny,manual,75.00,,TRUE,TRUE,,,,,,,,,kg,,,
seom-glint-sunglasses,Glint Sunglasses,"<p>Narrow wraparound sunglasses with a single curved shield lens and slim chrome temples, drawn after the sports shades of 2001. The smoke lens has a faint blue mirror, so they read shiny and a bit sci-fi under club lights or hard afternoon sun. Wear them with a baby tee and low-slung cargos.</p><ul><li>Polycarbonate shield lens, 100% UV400 protection</li><li>Stainless steel temples with rubber tips</li><li>Width 140 mm; suits narrow to medium faces</li><li>Microfiber pouch included</li><li>Made in South Korea</li></ul>",SEOM,Apparel & Accessories > Clothing Accessories > Sunglasses,Eyewear,"shield, wraparound, uv400, y2k, category:Accessories, subcategory:Eyewear, department:unisex, style:y2k-retro, style:streetwear, material:polycarbonate, material:stainless steel, colorfamily:cool, color:chrome, color:smoke blue mirror, color:black, usecase:sunny days, usecase:statement outfits, occasion:festival, occasion:night out, occasion:everyday, season:spring, season:summer, tier:mid, new",TRUE,Color,Chrome / Smoke Mirror,,,,,fd-acc-06-chrome-smoke-mirror,0,shopify,25,deny,manual,120.00,,TRUE,TRUE,,https://images.pexels.com/photos/17806619/pexels-photo-17806619.jpeg?auto=compress&cs=tinysrgb&w=1600,1,SEOM Glint Sunglasses,FALSE,SEOM Glint Sunglasses | Fold,"Narrow wraparound sunglasses with a single curved shield lens and slim chrome temples, drawn after the sports shades of 2001. The smoke lens has a faint blue mirror, so they read shiny and a bit sci-fi under club lights or hard afternoon sun. Wear them with a baby tee and low-slung cargos.",,kg,,,active
seom-glint-sunglasses,,,,,,,,,Black / Smoke,,,,,fd-acc-06-black-smoke,0,shopify,25,deny,manual,120.00,,TRUE,TRUE,,,,,,,,,kg,,,
asche-kreis-round-sunglasses,Kreis Round Sunglasses,"<p>Small, perfectly round sunglasses in thick black acetate with near-black lenses and heavy silver rivets at the hinges. They sit close to the face and give nothing away, which is the point: with a long black coat or a draped jersey top they finish an all-black look, the hardware the only shine. Handmade in Germany and built to last decades.</p><ul><li>Hand-polished 6 mm acetate</li><li>Category 3 lenses, 100% UV protection</li><li>Lens 46 mm, bridge 22 mm, temples 145 mm</li><li>Silver-finish rivets, five-barrel hinges</li><li>Black leather hard case included</li><li>Made in Germany</li></ul>",Asche,Apparel & Accessories > Clothing Accessories > Sunglasses,Eyewear,"acetate, round frame, handmade, made in germany, category:Accessories, subcategory:Eyewear, department:unisex, style:dark-gothic, material:acetate, material:metal hardware, colorfamily:black, color:black, color:graphite lens, color:deep grey, usecase:sunny days, usecase:city, occasion:night out, occasion:everyday, season:all-season, tier:mid",TRUE,Color,Black,,,,,fd-acc-07-black,0,shopify,25,deny,manual,185.00,,TRUE,TRUE,,https://images.pexels.com/photos/14090246/pexels-photo-14090246.jpeg?auto=compress&cs=tinysrgb&w=1600,1,Asche Kreis Round Sunglasses,FALSE,Asche Kreis Round Sunglasses | Fold,"Small, perfectly round sunglasses in thick black acetate with near-black lenses and heavy silver rivets at the hinges. They sit close to the face and give nothing away, which is the point: with a long black coat or a draped jersey top they finish an all-black look, the hardware the only shine. Handmade in Germany and b",,kg,,,active
asche-kreis-round-sunglasses,,,,,,,,,Deep Grey Translucent,,,,,fd-acc-07-deep-grey-translucent,0,shopify,0,deny,manual,185.00,,TRUE,TRUE,,,,,,,,,kg,,,
arket-acetate-d-frame-sunglasses,Acetate D-Frame Sunglasses,"<p>A soft D-shaped frame in recycled acetate, a little thick at the brow and rounded at the corners, with polarized bottle-green lenses. There is no visible logo, just a clean frame that suits most faces and works with a navy overcoat as well as a plain white tee. Light enough to forget you are wearing them.</p><ul><li>Recycled acetate frame</li><li>Polarized category 3 lenses, 100% UV400 protection</li><li>Lens 50 mm, bridge 20 mm, temples 145 mm</li><li>Recycled cotton pouch included</li></ul>",Arket,Apparel & Accessories > Clothing Accessories > Sunglasses,Eyewear,"polarized, no logo, recycled, classic shape, category:Accessories, subcategory:Eyewear, department:unisex, style:quiet-minimal, material:recycled acetate, colorfamily:black, colorfamily:neutral, color:black, color:honey tortoise, color:clear grey, usecase:sunny days, usecase:driving, usecase:city, occasion:everyday, occasion:travel, occasion:commute, season:all-season, tier:mid",TRUE,Color,Black,,,,,fd-acc-08-black,0,shopify,25,deny,manual,95.00,125.00,TRUE,TRUE,,https://images.pexels.com/photos/26575039/pexels-photo-26575039.jpeg?auto=compress&cs=tinysrgb&w=1600,1,Arket Acetate D-Frame Sunglasses,FALSE,Arket Acetate D-Frame Sunglasses | Fold,"A soft D-shaped frame in recycled acetate, a little thick at the brow and rounded at the corners, with polarized bottle-green lenses. There is no visible logo, just a clean frame that suits most faces and works with a navy overcoat as well as a plain white tee. Light enough to forget you are wearing them.",,kg,,,active
arket-acetate-d-frame-sunglasses,,,,,,,,,Honey Tortoise,,,,,fd-acc-08-honey-tortoise,0,shopify,25,deny,manual,95.00,125.00,TRUE,TRUE,,,,,,,,,kg,,,
arket-acetate-d-frame-sunglasses,,,,,,,,,Clear Grey,,,,,fd-acc-08-clear-grey,0,shopify,25,deny,manual,95.00,125.00,TRUE,TRUE,,,,,,,,,kg,,,
asche-kette-curb-chain,Kette Curb Chain,"<p>A heavy curb chain in solid sterling silver, oxidized so the link edges catch the light while the recesses stay dark. It lies flat at the collarbone, closes with a chunky lobster clasp and only looks better as it scuffs. Worn alone over a black tee or layered with a finer chain, it adds weight and a little menace to an all-black outfit.</p><ul><li>925 sterling silver, oxidized finish</li><li>7 mm curb links; approx. 48 g at 20 in</li><li>Oversized lobster clasp</li><li>Polish with a dry cloth; avoid silver dip to keep the oxidization</li><li>Made in Berlin</li></ul>",Asche,Apparel & Accessories > Jewelry,Jewelry,"sterling silver, chain, layering, made in germany, category:Accessories, subcategory:Jewelry, department:unisex, style:dark-gothic, style:streetwear, material:sterling silver, colorfamily:cool, colorfamily:black, color:oxidized silver, usecase:layering, usecase:gifting, occasion:night out, occasion:everyday, season:all-season, tier:mid",TRUE,Size,18 in,,,,,fd-acc-09-18-in,0,shopify,25,deny,manual,195.00,,TRUE,TRUE,,https://images.pexels.com/photos/16109236/pexels-photo-16109236.jpeg?auto=compress&cs=tinysrgb&w=1600,1,Asche Kette Curb Chain,FALSE,Asche Kette Curb Chain | Fold,"A heavy curb chain in solid sterling silver, oxidized so the link edges catch the light while the recesses stay dark. It lies flat at the collarbone, closes with a chunky lobster clasp and only looks better as it scuffs. Worn alone over a black tee or layered with a finer chain, it adds weight and a little menace to an",,kg,,,active
asche-kette-curb-chain,,,,,,,,,20 in,,,,,fd-acc-09-20-in,0,shopify,25,deny,manual,195.00,,TRUE,TRUE,,,,,,,,,kg,,,
asche-kette-curb-chain,,,,,,,,,22 in,,,,,fd-acc-09-22-in,0,shopify,25,deny,manual,210.00,,TRUE,TRUE,,,,,,,,,kg,,,
asche-nagel-band-ring,Nagel Band Ring,"<p>A wide, flat band in sterling silver with a hand-hammered outer face and a deep blackened groove around the middle, like a nail driven through metal. It is heavy for its size and sits squarely on the finger, so one is enough. Pairs with the Kette chain or a stack of plain bands for a moody, hardware-heavy look.</p><ul><li>925 sterling silver, oxidized groove</li><li>Width 8 mm, thickness 2.5 mm</li><li>Hand-hammered and finished in Berlin</li><li>US ring sizes 6–11</li><li>Comes in a black recycled-card box</li></ul>",Asche,Apparel & Accessories > Jewelry,Jewelry,"sterling silver, hammered, handmade, ring, category:Accessories, subcategory:Jewelry, department:unisex, style:dark-gothic, material:sterling silver, colorfamily:cool, colorfamily:black, color:oxidized silver, usecase:stacking, usecase:gifting, occasion:night out, occasion:everyday, occasion:date night, season:all-season, tier:mid",TRUE,Size,US 6,,,,,fd-acc-10-us-6,0,shopify,25,deny,manual,140.00,,TRUE,TRUE,,https://images.pexels.com/photos/15942669/pexels-photo-15942669.jpeg?auto=compress&cs=tinysrgb&w=1600,1,Asche Nagel Band Ring,FALSE,Asche Nagel Band Ring | Fold,"A wide, flat band in sterling silver with a hand-hammered outer face and a deep blackened groove around the middle, like a nail driven through metal. It is heavy for its size and sits squarely on the finger, so one is enough. Pairs with the Kette chain or a stack of plain bands for a moody, hardware-heavy look.",,kg,,,active
asche-nagel-band-ring,,,,,,,,,US 7,,,,,fd-acc-10-us-7,0,shopify,25,deny,manual,140.00,,TRUE,TRUE,,,,,,,,,kg,,,
asche-nagel-band-ring,,,,,,,,,US 8,,,,,fd-acc-10-us-8,0,shopify,25,deny,manual,140.00,,TRUE,TRUE,,,,,,,,,kg,,,
asche-nagel-band-ring,,,,,,,,,US 9,,,,,fd-acc-10-us-9,0,shopify,0,deny,manual,140.00,,TRUE,TRUE,,,,,,,,,kg,,,
asche-nagel-band-ring,,,,,,,,,US 10,,,,,fd-acc-10-us-10,0,shopify,25,deny,manual,140.00,,TRUE,TRUE,,,,,,,,,kg,,,
asche-nagel-band-ring,,,,,,,,,US 11,,,,,fd-acc-10-us-11,0,shopify,25,deny,manual,140.00,,TRUE,TRUE,,,,,,,,,kg,,,
hedda-vang-sigrid-pearl-drop-earrings,Sigrid Pearl Drop Earrings,"<p>Single freshwater pearls, each a little irregular, hanging from small gold-plated hoops so they swing when you turn your head. They glow softly against a puff-sleeved blouse and are delicate enough for every day, dressy enough for a summer wedding. No two pairs match exactly.</p><ul><li>Freshwater pearls, approx. 8–9 mm</li><li>18k gold plating over sterling silver hoops, 12 mm</li><li>Hinged hoop closure; drop length 1.1 in (28 mm)</li><li>Keep away from perfume; wipe with a soft cloth</li><li>Made in Portugal</li></ul>",Hedda Vang,Apparel & Accessories > Jewelry,Jewelry,"pearl, gold plated, gift, made in portugal, category:Accessories, subcategory:Jewelry, department:women, style:romantic-boho, style:preppy-ivy, material:freshwater pearl, material:gold-plated sterling silver, colorfamily:white, colorfamily:warm, color:cream pearl, color:gold, usecase:gifting, usecase:special occasions, occasion:wedding guest, occasion:date night, occasion:everyday, season:all-season, tier:mid, bestseller",TRUE,Title,Default Title,,,,,fd-acc-11-one-size,0,shopify,25,deny,manual,85.00,,TRUE,TRUE,,https://images.pexels.com/photos/27101315/pexels-photo-27101315.jpeg?auto=compress&cs=tinysrgb&w=1600,1,Hedda Vang Sigrid Pearl Drop Earrings,FALSE,Hedda Vang Sigrid Pearl Drop Earrings | Fold,"Single freshwater pearls, each a little irregular, hanging from small gold-plated hoops so they swing when you turn your head. They glow softly against a puff-sleeved blouse and are delicate enough for every day, dressy enough for a summer wedding. No two pairs match exactly.",,kg,,,active
soller-cala-tuent-shell-necklace,Cala Tuent Shell Necklace,"<p>Small cowrie shells and hand-cut coconut beads strung on a waxed cotton cord, finished with a sliding knot so it sits at the collarbone or a little lower. It is light, happy in salt water and looks right on sun-browned skin with an open linen shirt. The kind of thing you forget to take off all summer.</p><ul><li>Cowrie shells, coconut shell beads, waxed cotton cord</li><li>Adjustable 16–22 in with sliding knot</li><li>Fine to swim in; rinse in fresh water</li><li>Strung by hand in Mallorca</li></ul>",Sóller,Apparel & Accessories > Jewelry,Jewelry,"shell, handmade, adjustable, made in spain, category:Accessories, subcategory:Jewelry, department:unisex, style:coastal-resort, style:romantic-boho, material:shell, material:coconut, material:waxed cotton, colorfamily:neutral, colorfamily:white, color:natural, color:sand, color:white, usecase:vacation, usecase:layering, occasion:beach, occasion:festival, occasion:travel, season:summer, tier:budget, new",TRUE,Title,Default Title,,,,,fd-acc-12-one-size,0,shopify,25,deny,manual,45.00,,TRUE,TRUE,,https://images.pexels.com/photos/36874592/pexels-photo-36874592.jpeg?auto=compress&cs=tinysrgb&w=1600,1,Sóller Cala Tuent Shell Necklace,FALSE,Sóller Cala Tuent Shell Necklace | Fold,"Small cowrie shells and hand-cut coconut beads strung on a waxed cotton cord, finished with a sliding knot so it sits at the collarbone or a little lower. It is light, happy in salt water and looks right on sun-browned skin with an open linen shirt. The kind of thing you forget to take off all summer.",,kg,,,active
burnside-canvas-hawthorne-bridle-belt,Hawthorne Bridle Belt,"<p>A 1.5-inch belt cut from a single strip of 10-ounce bridle leather, with a solid brass roller buckle and hand-burnished edges. It starts stiff and a little bright, then darkens and shapes to your waist over months with raw denim and double-knee work pants. Chicago screws hold the buckle, so it can be swapped or the strap replaced instead of thrown out.</p><ul><li>10 oz vegetable-tanned bridle leather, 1.5 in (38 mm) wide</li><li>Solid brass roller buckle</li><li>Chicago screws for easy repair</li><li>Order your trouser waist size</li><li>Cut and finished in Portland, Oregon</li></ul>",Burnside Canvas,Apparel & Accessories > Clothing Accessories > Belts,Belts,"bridle leather, solid brass, repairable, made in usa, category:Accessories, subcategory:Belts, department:men, style:heritage-workwear, material:bridle leather, material:solid brass, colorfamily:earth, color:dark brown, color:brass, usecase:daily wear, usecase:work, occasion:everyday, occasion:weekend, occasion:office, season:all-season, tier:mid",TRUE,Size,30,,,,,fd-acc-13-30,0,shopify,25,deny,manual,95.00,,TRUE,TRUE,,https://images.pexels.com/photos/32734328/pexels-photo-32734328.jpeg?auto=compress&cs=tinysrgb&w=1600,1,Burnside Canvas Hawthorne Bridle Belt,FALSE,Burnside Canvas Hawthorne Bridle Belt | Fold,"A 1.5-inch belt cut from a single strip of 10-ounce bridle leather, with a solid brass roller buckle and hand-burnished edges. It starts stiff and a little bright, then darkens and shapes to your waist over months with raw denim and double-knee work pants. Chicago screws hold the buckle, so it can be swapped or the str",,kg,,,active
burnside-canvas-hawthorne-bridle-belt,,,,,,,,,32,,,,,fd-acc-13-32,0,shopify,25,deny,manual,95.00,,TRUE,TRUE,,,,,,,,,kg,,,
burnside-canvas-hawthorne-bridle-belt,,,,,,,,,34,,,,,fd-acc-13-34,0,shopify,25,deny,manual,95.00,,TRUE,TRUE,,,,,,,,,kg,,,
burnside-canvas-hawthorne-bridle-belt,,,,,,,,,36,,,,,fd-acc-13-36,0,shopify,0,deny,manual,95.00,,TRUE,TRUE,,,,,,,,,kg,,,
burnside-canvas-hawthorne-bridle-belt,,,,,,,,,38,,,,,fd-acc-13-38,0,shopify,25,deny,manual,95.00,,TRUE,TRUE,,,,,,,,,kg,,,
cranmore-kennebunk-braided-leather-belt,Kennebunk Braided Leather Belt,"<p>A braided belt woven by hand from strips of tan calf leather, with a polished brass buckle and a leather-wrapped keeper. The braid has give, so the prong fastens anywhere along it and it lies flat and neat under a tucked-in oxford with chinos. Summer-weight and easy, it is the belt for boat shoes and a navy blazer on a warm evening.</p><ul><li>Full-grain calf leather, hand-braided, 1.25 in (32 mm) wide</li><li>Polished solid brass buckle</li><li>Prong fastens anywhere along the braid</li><li>S fits 28–32, M 32–36, L 36–40</li><li>Made in the USA</li></ul>",Cranmore,Apparel & Accessories > Clothing Accessories > Belts,Belts,"braided, full-grain leather, solid brass, made in usa, category:Accessories, subcategory:Belts, department:men, style:preppy-ivy, style:coastal-resort, material:calf leather, material:solid brass, colorfamily:earth, colorfamily:warm, color:tan, color:brass, usecase:summer dressing, usecase:smart casual, occasion:weekend, occasion:office, occasion:wedding guest, season:spring, season:summer, tier:mid",TRUE,Size,S,,,,,fd-acc-14-s,0,shopify,25,deny,manual,85.00,105.00,TRUE,TRUE,,https://images.pexels.com/photos/20777832/pexels-photo-20777832.jpeg?auto=compress&cs=tinysrgb&w=1600,1,Cranmore Kennebunk Braided Leather Belt,FALSE,Cranmore Kennebunk Braided Leather Belt | Fold,"A braided belt woven by hand from strips of tan calf leather, with a polished brass buckle and a leather-wrapped keeper. The braid has give, so the prong fastens anywhere along it and it lies flat and neat under a tucked-in oxford with chinos. Summer-weight and easy, it is the belt for boat shoes and a navy blazer on a",,kg,,,active
cranmore-kennebunk-braided-leather-belt,,,,,,,,,M,,,,,fd-acc-14-m,0,shopify,25,deny,manual,85.00,105.00,TRUE,TRUE,,,,,,,,,kg,,,
cranmore-kennebunk-braided-leather-belt,,,,,,,,,L,,,,,fd-acc-14-l,0,shopify,25,deny,manual,85.00,105.00,TRUE,TRUE,,,,,,,,,kg,,,
patagonia-friction-belt,Friction Belt,"<p>A simple 1-inch webbing belt in recycled nylon with a low-profile aluminum friction buckle that cinches at any point and stays put under a harness or a pack hip belt. It is light, dries fast and has no prong to dig in on a long day of scrambling. Clip a carabiner through it and wear it with trail pants or shorts.</p><ul><li>Recycled nylon webbing, 1 in (25 mm) wide</li><li>Anodized aluminum friction buckle</li><li>One size; trim to fit and seal the end</li><li>Fair Trade Certified sewn</li></ul>",Patagonia,Apparel & Accessories > Clothing Accessories > Belts,Belts,"webbing, recycled, lightweight, quick dry, category:Accessories, subcategory:Belts, department:unisex, style:gorpcore-outdoor, material:recycled nylon webbing, material:aluminum, colorfamily:earth, colorfamily:black, color:black, color:sage khaki, color:basin green, usecase:hiking, usecase:climbing, usecase:travel, occasion:hiking, occasion:camping, occasion:travel, season:all-season, tier:budget",TRUE,Color,Black,,,,,fd-acc-15-black,0,shopify,25,deny,manual,40.00,,TRUE,TRUE,,https://images.pexels.com/photos/8729212/pexels-photo-8729212.jpeg?auto=compress&cs=tinysrgb&w=1600,1,Patagonia Friction Belt,FALSE,Patagonia Friction Belt | Fold,"A simple 1-inch webbing belt in recycled nylon with a low-profile aluminum friction buckle that cinches at any point and stays put under a harness or a pack hip belt. It is light, dries fast and has no prong to dig in on a long day of scrambling. Clip a carabiner through it and wear it with trail pants or shorts.",,kg,,,active
patagonia-friction-belt,,,,,,,,,Sage Khaki,,,,,fd-acc-15-sage-khaki,0,shopify,25,deny,manual,40.00,,TRUE,TRUE,,,,,,,,,kg,,,
patagonia-friction-belt,,,,,,,,,Basin Green,,,,,fd-acc-15-basin-green,0,shopify,25,deny,manual,40.00,,TRUE,TRUE,,,,,,,,,kg,,,
new-balance-performance-cotton-cushioned-crew-socks-3-pack,Performance Cotton Cushioned Crew Socks (3 Pack),"<p>Cotton-rich crew socks with a cushioned terry footbed, an arch compression band and a ribbed cuff that stays up through a long run or a full day on your feet. White with a grey heel and toe, they go with every pair of runners and court shoes, and the small NB at the ankle is all the branding there is. Three pairs to a pack.</p><ul><li>Cotton, polyester and spandex blend</li><li>Cushioned terry sole, heel and toe</li><li>Arch support band, breathable mesh top</li><li>M fits US men's 6–9 / women's 7–10; L fits US men's 9–12.5</li><li>Machine wash warm</li></ul>",New Balance,Apparel & Accessories > Clothing Accessories,Socks & scarves,"multipack, cushioned, crew socks, breathable, category:Accessories, subcategory:Socks & scarves, department:unisex, style:athletic, material:cotton blend, colorfamily:white, color:white, color:grey, usecase:running, usecase:training, usecase:daily wear, occasion:running, occasion:gym, occasion:everyday, season:all-season, tier:budget",TRUE,Size,M,,,,,fd-acc-16-m,0,shopify,25,deny,manual,20.00,,TRUE,TRUE,,https://images.pexels.com/photos/12739974/pexels-photo-12739974.jpeg?auto=compress&cs=tinysrgb&w=1600,1,New Balance Performance Cotton Cushioned Crew Socks (3 Pack),FALSE,New Balance Performance Cotton Cushioned Crew Socks (3 Pack) | Fold,"Cotton-rich crew socks with a cushioned terry footbed, an arch compression band and a ribbed cuff that stays up through a long run or a full day on your feet. White with a grey heel and toe, they go with every pair of runners and court shoes, and the small NB at the ankle is all the branding there is. Three pairs to a ",,kg,,,active
new-balance-performance-cotton-cushioned-crew-socks-3-pack,,,,,,,,,L,,,,,fd-acc-16-l,0,shopify,25,deny,manual,20.00,,TRUE,TRUE,,,,,,,,,kg,,,
cranmore-stowe-argyle-socks,Stowe Argyle Socks,"<p>Classic argyle socks knitted in a soft lambswool and nylon blend, navy with green and cream diamonds and a fine red overcheck. They sit mid-calf, warm without bulk, and give a flash of pattern between cuffed chinos and penny loafers. Hand-linked toes keep them comfortable all day.</p><ul><li>70% lambswool, 30% nylon</li><li>Mid-calf height, hand-linked toe</li><li>One size fits US 7–12</li><li>Wool cycle or hand wash cool</li><li>Knitted in North Carolina</li></ul>",Cranmore,Apparel & Accessories > Clothing Accessories,Socks & scarves,"argyle, lambswool, made in usa, gift, category:Accessories, subcategory:Socks & scarves, department:men, style:preppy-ivy, material:lambswool, material:nylon, colorfamily:cool, color:navy, color:bottle green, color:cream, color:red, usecase:smart casual, usecase:cold days, occasion:office, occasion:campus, occasion:weekend, season:fall, season:winter, tier:budget",TRUE,Color,Navy,,,,,fd-acc-17-navy,0,shopify,25,deny,manual,22.00,28.00,TRUE,TRUE,,https://images.pexels.com/photos/39876579/pexels-photo-39876579.jpeg?auto=compress&cs=tinysrgb&w=1600,1,Cranmore Stowe Argyle Socks,FALSE,Cranmore Stowe Argyle Socks | Fold,"Classic argyle socks knitted in a soft lambswool and nylon blend, navy with green and cream diamonds and a fine red overcheck. They sit mid-calf, warm without bulk, and give a flash of pattern between cuffed chinos and penny loafers. Hand-linked toes keep them comfortable all day.",,kg,,,active
cranmore-stowe-argyle-socks,,,,,,,,,Camel,,,,,fd-acc-17-camel,0,shopify,25,deny,manual,22.00,28.00,TRUE,TRUE,,,,,,,,,kg,,,
malha-lisboa-alfama-cable-scarf,Alfama Cable Scarf,"<p>A long scarf in undyed ecru merino, knitted with a column of fisherman cables and finished by hand at the family mill outside Lisbon. It is dense and springy, wraps twice with length to spare and has the soft, slightly lanolin handle of good wool. Wear it with a navy peacoat or a grey overcoat for the quiet end of winter dressing.</p><ul><li>100% extra-fine merino wool, 7 gauge</li><li>Approx. 79 x 11 in (200 x 28 cm)</li><li>Hand-linked edges, no fringe</li><li>Hand wash cold, dry flat</li><li>Knitted and finished in Portugal</li></ul>",Malha Lisboa,Apparel & Accessories > Clothing Accessories,Socks & scarves,"merino, cable knit, made in portugal, hand finished, category:Accessories, subcategory:Socks & scarves, department:unisex, style:quiet-minimal, style:preppy-ivy, material:merino wool, colorfamily:white, colorfamily:neutral, color:ecru, color:charcoal, usecase:cold days, usecase:layering, occasion:everyday, occasion:commute, occasion:office, season:fall, season:winter, tier:mid",TRUE,Color,Ecru,,,,,fd-acc-18-ecru,0,shopify,25,deny,manual,120.00,,TRUE,TRUE,,https://images.pexels.com/photos/6757412/pexels-photo-6757412.jpeg?auto=compress&cs=tinysrgb&w=1600,1,Malha Lisboa Alfama Cable Scarf,FALSE,Malha Lisboa Alfama Cable Scarf | Fold,"A long scarf in undyed ecru merino, knitted with a column of fisherman cables and finished by hand at the family mill outside Lisbon. It is dense and springy, wraps twice with length to spare and has the soft, slightly lanolin handle of good wool. Wear it with a navy peacoat or a grey overcoat for the quiet end of wint",,kg,,,active
malha-lisboa-alfama-cable-scarf,,,,,,,,,Charcoal,,,,,fd-acc-18-charcoal,0,shopify,0,deny,manual,120.00,,TRUE,TRUE,,,,,,,,,kg,,,
kapital-fastcolor-selvedge-bandana,Fastcolor Selvedge Bandana,"<p>A square bandana in light cotton selvedge, printed with a paisley-and-skull pattern and dyed in indigo in Kojima, so each one fades a little differently. Tie it at the neck, knot it on a bag strap or fold it into a back pocket; after a few washes it softens into something that looks like it came out of a 1950s railyard. A red selvedge line runs along one edge.</p><ul><li>100% cotton selvedge, indigo dyed</li><li>Approx. 21 x 21 in (54 x 54 cm)</li><li>Indigo will bleed in early washes; wash separately</li><li>Made in Japan</li></ul>",Kapital,Apparel & Accessories > Clothing Accessories,Socks & scarves,"indigo, selvedge, made in japan, paisley, category:Accessories, subcategory:Socks & scarves, department:unisex, style:heritage-workwear, style:streetwear, material:selvedge cotton, colorfamily:cool, color:indigo, color:white, usecase:neckerchief, usecase:bag accent, usecase:layering, occasion:everyday, occasion:festival, occasion:weekend, season:all-season, tier:budget",TRUE,Title,Default Title,,,,,fd-acc-19-one-size,0,shopify,25,deny,manual,68.00,,TRUE,TRUE,,https://images.pexels.com/photos/8484674/pexels-photo-8484674.jpeg?auto=compress&cs=tinysrgb&w=1600,1,Kapital Fastcolor Selvedge Bandana,FALSE,Kapital Fastcolor Selvedge Bandana | Fold,"A square bandana in light cotton selvedge, printed with a paisley-and-skull pattern and dyed in indigo in Kojima, so each one fades a little differently. Tie it at the neck, knot it on a bag strap or fold it into a back pocket; after a few washes it softens into something that looks like it came out of a 1950s railyard",,kg,,,active
arket-brushed-lambswool-scarf,Brushed Lambswool Scarf,"<p>A generous scarf in pure lambswool, woven in a plain twill and lightly brushed so the surface is soft and slightly hazy. It comes in grey melange, camel and black with a short twisted fringe at both ends and no logo anywhere. Wrap it over a wool overcoat or a plain crewneck and it simply looks considered.</p><ul><li>100% lambswool, brushed twill</li><li>Approx. 75 x 14 in (190 x 35 cm), twisted fringe</li><li>Dry clean or hand wash cold</li><li>Made in Scotland</li></ul>",Arket,Apparel & Accessories > Clothing Accessories,Socks & scarves,"lambswool, no logo, gift, brushed, category:Accessories, subcategory:Socks & scarves, department:unisex, style:quiet-minimal, material:lambswool, colorfamily:neutral, color:grey melange, color:camel, color:black, usecase:cold days, usecase:commute, occasion:commute, occasion:office, occasion:everyday, season:fall, season:winter, tier:budget",TRUE,Color,Grey Melange,,,,,fd-acc-20-grey-melange,0,shopify,25,deny,manual,58.00,,TRUE,TRUE,,https://images.pexels.com/photos/20437677/pexels-photo-20437677.jpeg?auto=compress&cs=tinysrgb&w=1600,1,Arket Brushed Lambswool Scarf,FALSE,Arket Brushed Lambswool Scarf | Fold,"A generous scarf in pure lambswool, woven in a plain twill and lightly brushed so the surface is soft and slightly hazy. It comes in grey melange, camel and black with a short twisted fringe at both ends and no logo anywhere. Wrap it over a wool overcoat or a plain crewneck and it simply looks considered.",,kg,,,active
arket-brushed-lambswool-scarf,,,,,,,,,Camel,,,,,fd-acc-20-camel,0,shopify,25,deny,manual,58.00,,TRUE,TRUE,,,,,,,,,kg,,,
arket-brushed-lambswool-scarf,,,,,,,,,Black,,,,,fd-acc-20-black,0,shopify,25,deny,manual,58.00,,TRUE,TRUE,,,,,,,,,kg,,,
asche-rauch-eau-de-parfum,Rauch Eau de Parfum,"<p>Smoke from a censer, old black leather and a cold stone floor: Rauch opens on birch tar and frankincense, then settles into a dry leather and patchouli base that lingers into the next day. It is dark and close to the skin rather than loud, the scent equivalent of a long black coat. Bottled in heavy black glass.</p><ul><li>Top: birch tar, black pepper</li><li>Heart: frankincense, myrrh</li><li>Base: leather accord, patchouli, labdanum</li><li>Eau de parfum, 18% concentration</li><li>Heavy black glass bottle with magnetic cap</li><li>Blended in Grasse, France</li></ul>",Asche,Health & Beauty > Personal Care > Cosmetics > Perfumes & Colognes,Fragrance,"smoky, leather, incense, unisex, category:Fragrance & grooming, subcategory:Fragrance, department:unisex, style:dark-gothic, material:eau de parfum, material:black glass, colorfamily:black, color:black, usecase:evenings, usecase:cold weather, occasion:night out, occasion:date night, season:fall, season:winter, tier:mid",TRUE,Size,50 ml,,,,,fd-grm-01-50-ml,0,shopify,25,deny,manual,165.00,,TRUE,TRUE,,https://images.pexels.com/photos/3059609/pexels-photo-3059609.jpeg?auto=compress&cs=tinysrgb&w=1600,1,Asche Rauch Eau de Parfum,FALSE,Asche Rauch Eau de Parfum | Fold,"Smoke from a censer, old black leather and a cold stone floor: Rauch opens on birch tar and frankincense, then settles into a dry leather and patchouli base that lingers into the next day. It is dark and close to the skin rather than loud, the scent equivalent of a long black coat. Bottled in heavy black glass.",,kg,,,active
asche-rauch-eau-de-parfum,,,,,,,,,100 ml,,,,,fd-grm-01-100-ml,0,shopify,25,deny,manual,245.00,,TRUE,TRUE,,,,,,,,,kg,,,
soller-figa-eau-de-toilette,Figa Eau de Toilette,"<p>Green fig leaves crushed between your fingers, milky ripe fig and a breeze off the sea: Figa is the north coast of Mallorca in August. Sea salt and bergamot keep it bright, while a soft cedar and coconut base stays close to sun-warmed skin. Light enough to spray on after a swim, it fades gently by evening.</p><ul><li>Top: bergamot, sea salt</li><li>Heart: fig leaf, fig milk, jasmine</li><li>Base: cedar, coconut, white musk</li><li>Eau de toilette, 10% concentration</li><li>Ribbed glass bottle with olive-wood cap</li><li>Made in Spain</li></ul>",Sóller,Health & Beauty > Personal Care > Cosmetics > Perfumes & Colognes,Fragrance,"fig, salty, fresh, made in spain, category:Fragrance & grooming, subcategory:Fragrance, department:unisex, style:coastal-resort, material:eau de toilette, material:glass, material:olive wood, colorfamily:neutral, color:clear glass, color:olive wood, usecase:summer days, usecase:vacation, occasion:beach, occasion:travel, occasion:everyday, season:spring, season:summer, tier:mid, bestseller",TRUE,Size,50 ml,,,,,fd-grm-02-50-ml,0,shopify,25,deny,manual,115.00,,TRUE,TRUE,,https://images.pexels.com/photos/3829847/pexels-photo-3829847.jpeg?auto=compress&cs=tinysrgb&w=1600,1,Sóller Figa Eau de Toilette,FALSE,Sóller Figa Eau de Toilette | Fold,"Green fig leaves crushed between your fingers, milky ripe fig and a breeze off the sea: Figa is the north coast of Mallorca in August. Sea salt and bergamot keep it bright, while a soft cedar and coconut base stays close to sun-warmed skin. Light enough to spray on after a swim, it fades gently by evening.",,kg,,,active
soller-figa-eau-de-toilette,,,,,,,,,100 ml,,,,,fd-grm-02-100-ml,0,shopify,25,deny,manual,170.00,,TRUE,TRUE,,,,,,,,,kg,,,
ferrant-sauna-eau-de-parfum,Sauna Eau de Parfum,"<p>A cedar-lined sauna on a lake in the Laurentians: hot wood, birch leaves thrown on the stones, a little pine resin and woodsmoke drifting in from outside. It is dry, woody and clean, with a warmth that sits somewhere between a flannel shirt and a campfire the morning after. Wears well with wool, fleece and waxed cotton.</p><ul><li>Top: birch leaf, juniper</li><li>Heart: hot cedar, pine resin</li><li>Base: guaiac wood, vetiver, smoke</li><li>Eau de parfum, 15% concentration</li><li>Amber glass bottle with turned ash cap</li><li>Made in Montreal</li></ul>",Ferrant,Health & Beauty > Personal Care > Cosmetics > Perfumes & Colognes,Fragrance,"woody, cedar, campfire, made in canada, category:Fragrance & grooming, subcategory:Fragrance, department:unisex, style:gorpcore-outdoor, style:heritage-workwear, material:eau de parfum, material:amber glass, material:ash wood, colorfamily:earth, color:amber, usecase:daily wear, usecase:cold weather, occasion:camping, occasion:everyday, occasion:weekend, season:fall, season:winter, tier:mid, bestseller",TRUE,Size,50 ml,,,,,fd-grm-03-50-ml,0,shopify,25,deny,manual,150.00,,TRUE,TRUE,,https://images.pexels.com/photos/6694145/pexels-photo-6694145.jpeg?auto=compress&cs=tinysrgb&w=1600,1,Ferrant Sauna Eau de Parfum,FALSE,Ferrant Sauna Eau de Parfum | Fold,"A cedar-lined sauna on a lake in the Laurentians: hot wood, birch leaves thrown on the stones, a little pine resin and woodsmoke drifting in from outside. It is dry, woody and clean, with a warmth that sits somewhere between a flannel shirt and a campfire the morning after. Wears well with wool, fleece and waxed cotton",,kg,,,active
ferrant-sauna-eau-de-parfum,,,,,,,,,100 ml,,,,,fd-grm-03-100-ml,0,shopify,0,deny,manual,220.00,,TRUE,TRUE,,,,,,,,,kg,,,
ferrant-pierre-mouillee-eau-de-parfum,Pierre Mouillée Eau de Parfum,"<p>Wet stone after rain, a bar of plain white soap and cool iris: Pierre Mouillée is clean without smelling of laundry. Mineral and softly powdery at once, it dries down to a pale musk that sits close and never announces itself. It goes with a white shirt, grey wool and a day with nothing extra in it.</p><ul><li>Top: aldehydes, mineral accord</li><li>Heart: orris butter, violet leaf</li><li>Base: white musk, ambrette, cashmere wood</li><li>Eau de parfum, 15% concentration</li><li>Frosted glass bottle, unprinted, label on the base</li><li>Made in Montreal</li></ul>",Ferrant,Health & Beauty > Personal Care > Cosmetics > Perfumes & Colognes,Fragrance,"clean, iris, skin scent, made in canada, category:Fragrance & grooming, subcategory:Fragrance, department:unisex, style:quiet-minimal, material:eau de parfum, material:frosted glass, colorfamily:white, colorfamily:neutral, color:frosted white, color:stone grey, usecase:daily wear, usecase:work, occasion:office, occasion:everyday, occasion:date night, season:all-season, tier:mid, new",TRUE,Size,50 ml,,,,,fd-grm-04-50-ml,0,shopify,25,deny,manual,160.00,,TRUE,TRUE,,https://images.pexels.com/photos/16266287/pexels-photo-16266287.jpeg?auto=compress&cs=tinysrgb&w=1600,1,Ferrant Pierre Mouillée Eau de Parfum,FALSE,Ferrant Pierre Mouillée Eau de Parfum | Fold,"Wet stone after rain, a bar of plain white soap and cool iris: Pierre Mouillée is clean without smelling of laundry. Mineral and softly powdery at once, it dries down to a pale musk that sits close and never announces itself. It goes with a white shirt, grey wool and a day with nothing extra in it.",,kg,,,active
ferrant-pierre-mouillee-eau-de-parfum,,,,,,,,,100 ml,,,,,fd-grm-04-100-ml,0,shopify,25,deny,manual,235.00,,TRUE,TRUE,,,,,,,,,kg,,,
hedda-vang-rosehage-eau-de-parfum,Rosehage Eau de Parfum,"<p>Rosehage means rose garden, and this is one in June: dewy Damask rose, orange blossom and neroli over a soft, faintly powdery musk. It is pretty and a little old-fashioned in the best way, like a hand-tied bouquet left on a cotton tablecloth. Wear it with broderie, gingham and washed silk.</p><ul><li>Top: neroli, pink pepper</li><li>Heart: Damask rose, orange blossom</li><li>Base: soft musk, sandalwood</li><li>Eau de parfum, 16% concentration</li><li>Blush glass bottle tied with a cotton ribbon</li><li>Made in France</li></ul>",Hedda Vang,Health & Beauty > Personal Care > Cosmetics > Perfumes & Colognes,Fragrance,"rose, floral, neroli, gift, category:Fragrance & grooming, subcategory:Fragrance, department:women, style:romantic-boho, material:eau de parfum, material:glass, colorfamily:pastel, color:blush pink, usecase:daily wear, usecase:special occasions, occasion:wedding guest, occasion:date night, occasion:everyday, season:spring, season:summer, tier:mid",TRUE,Size,50 ml,,,,,fd-grm-05-50-ml,0,shopify,25,deny,manual,135.00,165.00,TRUE,TRUE,,https://images.pexels.com/photos/15097508/pexels-photo-15097508.jpeg?auto=compress&cs=tinysrgb&w=1600,1,Hedda Vang Rosehage Eau de Parfum,FALSE,Hedda Vang Rosehage Eau de Parfum | Fold,"Rosehage means rose garden, and this is one in June: dewy Damask rose, orange blossom and neroli over a soft, faintly powdery musk. It is pretty and a little old-fashioned in the best way, like a hand-tied bouquet left on a cotton tablecloth. Wear it with broderie, gingham and washed silk.",,kg,,,active
hedda-vang-rosehage-eau-de-parfum,,,,,,,,,100 ml,,,,,fd-grm-05-100-ml,0,shopify,25,deny,manual,200.00,230.00,TRUE,TRUE,,,,,,,,,kg,,,
birkenstock-rich-face-cream,Rich Face Cream,"<p>A rich face cream built on cork oil from the same cork oak bark Birkenstock uses in its footbeds, with shea butter and squalane for dry or tired skin. It sinks in slowly and leaves skin soft rather than shiny, which makes it a good last step at night or before heading out into winter wind. Plain white tube, short ingredient list, no fuss.</p><ul><li>Key ingredients: cork oil, shea butter, squalane, hyaluronic acid</li><li>For dry and normal skin</li><li>50 ml</li><li>Vegan; no added synthetic fragrance</li><li>Made in Germany</li></ul>",Birkenstock,Health & Beauty > Personal Care > Cosmetics > Skin Care,Skincare,"vegan, cork oil, dry skin, made in germany, category:Fragrance & grooming, subcategory:Skincare, department:unisex, style:quiet-minimal, material:cork oil, material:shea butter, colorfamily:white, color:white, usecase:dry skin, usecase:night routine, occasion:everyday, occasion:travel, season:fall, season:winter, tier:budget",TRUE,Size,50 ml,,,,,fd-grm-06-50-ml,0,shopify,25,deny,manual,55.00,,TRUE,TRUE,,https://images.pexels.com/photos/8533216/pexels-photo-8533216.jpeg?auto=compress&cs=tinysrgb&w=1600,1,Birkenstock Rich Face Cream,FALSE,Birkenstock Rich Face Cream | Fold,"A rich face cream built on cork oil from the same cork oak bark Birkenstock uses in its footbeds, with shea butter and squalane for dry or tired skin. It sinks in slowly and leaves skin soft rather than shiny, which makes it a good last step at night or before heading out into winter wind. Plain white tube, short ingre",,kg,,,active
birkenstock-soothing-foot-balm,Soothing Foot Balm,"<p>A thick, cooling balm for feet that spend summer in sandals or long days on the trail: cork oil and shea soften rough heels while menthol and rosemary leave a clean, tingly finish. Massage it in after a day on hot pavement or a long hike, pull on socks overnight and the difference shows by morning.</p><ul><li>Key ingredients: cork oil, shea butter, 10% urea, menthol</li><li>100 ml tube</li><li>Vegan</li><li>Made in Germany</li></ul>",Birkenstock,Health & Beauty > Personal Care > Cosmetics > Skin Care,Skincare,"vegan, foot care, cooling, made in germany, category:Fragrance & grooming, subcategory:Skincare, department:unisex, style:coastal-resort, style:gorpcore-outdoor, material:cork oil, material:shea butter, colorfamily:white, color:white, color:cork, usecase:foot care, usecase:after hiking, usecase:sandal season, occasion:beach, occasion:hiking, occasion:travel, season:spring, season:summer, tier:budget",TRUE,Size,100 ml,,,,,fd-grm-07-100-ml,0,shopify,25,deny,manual,28.00,,TRUE,TRUE,,https://images.pexels.com/photos/39143126/pexels-photo-39143126.jpeg?auto=compress&cs=tinysrgb&w=1600,1,Birkenstock Soothing Foot Balm,FALSE,Birkenstock Soothing Foot Balm | Fold,"A thick, cooling balm for feet that spend summer in sandals or long days on the trail: cork oil and shea soften rough heels while menthol and rosemary leave a clean, tingly finish. Massage it in after a day on hot pavement or a long hike, pull on socks overnight and the difference shows by morning.",,kg,,,active
snow-peak-hinoki-camp-soap,Hinoki Camp Soap,"<p>A firm cold-process soap bar scented with hinoki cypress, the pale wood of Japanese bathhouses, and a little yuzu peel. It lathers in cold water, is plant-based and biodegradable, and travels in a vented aluminum tin that clips to a pack. Smells like a forest bath at the end of a long trail day.</p><ul><li>Olive, coconut and rice bran oils; hinoki and yuzu essential oils</li><li>120 g bar with aluminum travel tin</li><li>Biodegradable; use at least 200 ft from lakes and streams</li><li>Made in Niigata, Japan</li></ul>",Snow Peak,Health & Beauty > Personal Care > Cosmetics > Skin Care,Skincare,"camp, biodegradable, hinoki, made in japan, category:Fragrance & grooming, subcategory:Skincare, department:unisex, style:gorpcore-outdoor, material:plant oils, material:aluminum tin, colorfamily:neutral, colorfamily:earth, color:natural, color:brushed aluminum, usecase:camping, usecase:travel, usecase:everyday washing, occasion:camping, occasion:hiking, occasion:travel, season:all-season, tier:budget, new",TRUE,Size,120 g,,,,,fd-grm-08-120-g,0,shopify,25,deny,manual,22.00,,TRUE,TRUE,,https://images.pexels.com/photos/7303928/pexels-photo-7303928.jpeg?auto=compress&cs=tinysrgb&w=1600,1,Snow Peak Hinoki Camp Soap,FALSE,Snow Peak Hinoki Camp Soap | Fold,"A firm cold-process soap bar scented with hinoki cypress, the pale wood of Japanese bathhouses, and a little yuzu peel. It lathers in cold water, is plant-based and biodegradable, and travels in a vented aluminum tin that clips to a pack. Smells like a forest bath at the end of a long trail day.",,kg,,,active
soller-formentor-dry-body-oil,Formentor Dry Body Oil,"<p>A light dry oil of sweet almond, apricot kernel and sea buckthorn that leaves skin with a soft golden sheen after sun and salt water. It smells faintly of orange blossom and warm sand, absorbs in a minute and won't mark a linen shirt. Spray it on legs and shoulders at the end of a beach day.</p><ul><li>Sweet almond, apricot kernel and sea buckthorn oils, vitamin E</li><li>100 ml glass spray bottle</li><li>Not a sunscreen; use after sun</li><li>Made in Spain</li></ul>",Sóller,Health & Beauty > Personal Care > Cosmetics > Skin Care,Skincare,"after sun, body oil, orange blossom, made in spain, category:Fragrance & grooming, subcategory:Skincare, department:unisex, style:coastal-resort, style:romantic-boho, material:plant oils, material:glass, colorfamily:warm, color:golden amber, usecase:after sun, usecase:vacation, occasion:beach, occasion:travel, season:summer, tier:budget",TRUE,Size,100 ml,,,,,fd-grm-09-100-ml,0,shopify,25,deny,manual,48.00,58.00,TRUE,TRUE,,https://images.pexels.com/photos/7011415/pexels-photo-7011415.jpeg?auto=compress&cs=tinysrgb&w=1600,1,Sóller Formentor Dry Body Oil,FALSE,Sóller Formentor Dry Body Oil | Fold,"A light dry oil of sweet almond, apricot kernel and sea buckthorn that leaves skin with a soft golden sheen after sun and salt water. It smells faintly of orange blossom and warm sand, absorbs in a minute and won't mark a linen shirt. Spray it on legs and shoulders at the end of a beach day.",,kg,,,active
ferrant-fixatif-matte-clay,Fixatif Matte Clay,"<p>A firm, dry-finish hair clay with kaolin and beeswax for messy texture, crops and anything that should look effortless but stay put. It warms between your palms, gives strong hold with zero shine and washes out in one shampoo. Lightly scented with cedar and black tea that fades within the hour.</p><ul><li>Strong hold, matte finish</li><li>Kaolin and bentonite clays, beeswax, castor oil</li><li>75 ml amber glass jar with aluminum lid</li><li>Made in Montreal</li></ul>",Ferrant,Health & Beauty > Personal Care > Hair Care,Hair,"matte, strong hold, texture, made in canada, category:Fragrance & grooming, subcategory:Hair, department:unisex, style:streetwear, material:clay, material:beeswax, colorfamily:earth, color:amber, usecase:textured styles, usecase:short hair, occasion:everyday, occasion:night out, season:all-season, tier:budget",TRUE,Size,75 ml,,,,,fd-grm-10-75-ml,0,shopify,25,deny,manual,35.00,,TRUE,TRUE,,https://images.pexels.com/photos/8789618/pexels-photo-8789618.jpeg?auto=compress&cs=tinysrgb&w=1600,1,Ferrant Fixatif Matte Clay,FALSE,Ferrant Fixatif Matte Clay | Fold,"A firm, dry-finish hair clay with kaolin and beeswax for messy texture, crops and anything that should look effortless but stay put. It warms between your palms, gives strong hold with zero shine and washes out in one shampoo. Lightly scented with cedar and black tea that fades within the hour.",,kg,,,active
hedda-vang-rose-water-hair-mist,Rose Water Hair Mist,"<p>A fine hair mist of rose water and camellia oil that softens frizz, adds a little shine and leaves hair smelling of Rosehage, the house rose and neroli scent. Spritz it through loose waves, braids or a ribboned half-up style whenever it needs freshening. Light enough not to weigh fine hair down.</p><ul><li>Rose water, camellia oil, glycerin</li><li>100 ml glass spray bottle</li><li>Alcohol-free</li><li>Made in France</li></ul>",Hedda Vang,Health & Beauty > Personal Care > Hair Care,Hair,"rose, alcohol free, frizz, gift, category:Fragrance & grooming, subcategory:Hair, department:women, style:romantic-boho, material:rose water, material:camellia oil, colorfamily:pastel, color:blush pink, usecase:frizz control, usecase:refreshing hair, occasion:everyday, occasion:festival, occasion:wedding guest, season:spring, season:summer, tier:budget",TRUE,Size,100 ml,,,,,fd-grm-11-100-ml,0,shopify,25,deny,manual,38.00,,TRUE,TRUE,,https://images.pexels.com/photos/10537090/pexels-photo-10537090.jpeg?auto=compress&cs=tinysrgb&w=1600,1,Hedda Vang Rose Water Hair Mist,FALSE,Hedda Vang Rose Water Hair Mist | Fold,"A fine hair mist of rose water and camellia oil that softens frizz, adds a little shine and leaves hair smelling of Rosehage, the house rose and neroli scent. Spritz it through loose waves, braids or a ribboned half-up style whenever it needs freshening. Light enough not to weigh fine hair down.",,kg,,,active
cranmore-bay-rum-hair-tonic,Bay Rum Hair Tonic,"<p>The barbershop tonic that used to sit on every bathroom shelf: a light, non-greasy tonic scented with bay leaf, clove and lime. Comb it through damp hair for a neat side part with soft hold and a healthy shine, or splash a little on as aftershave. Crisp, clean and a bit old school, like a navy blazer.</p><ul><li>Light hold, natural shine</li><li>Bay leaf oil, clove, lime, witch hazel</li><li>200 ml glass bottle with cork stopper</li><li>Made in Rhode Island</li></ul>",Cranmore,Health & Beauty > Personal Care > Hair Care,Hair,"bay rum, barbershop, made in usa, classic, category:Fragrance & grooming, subcategory:Hair, department:men, style:preppy-ivy, material:bay leaf oil, material:witch hazel, colorfamily:warm, color:amber, usecase:side part, usecase:daily grooming, occasion:office, occasion:campus, occasion:wedding guest, season:all-season, tier:budget",TRUE,Size,200 ml,,,,,fd-grm-12-200-ml,0,shopify,25,deny,manual,28.00,,TRUE,TRUE,,https://images.pexels.com/photos/4663133/pexels-photo-4663133.jpeg?auto=compress&cs=tinysrgb&w=1600,1,Cranmore Bay Rum Hair Tonic,FALSE,Cranmore Bay Rum Hair Tonic | Fold,"The barbershop tonic that used to sit on every bathroom shelf: a light, non-greasy tonic scented with bay leaf, clove and lime. Comb it through damp hair for a neat side part with soft hold and a healthy shine, or splash a little on as aftershave. Crisp, clean and a bit old school, like a navy blazer.",,kg,,,active
snow-peak-titanium-flask-m,Titanium Flask M,"<p>A hip flask pressed from pure titanium in Niigata, curved to sit flat against the body in a jacket pocket, with a screw cap on a captive hinge so it can't drop in the snow. It weighs almost nothing, never taints what is inside, and the matte grey finish takes on a quiet patina with use. For a nip of whisky by the fire at the end of the day.</p><ul><li>Pure titanium, matte finish</li><li>Capacity 300 ml (10 oz)</li><li>Weight 125 g</li><li>Captive screw cap; hand wash only</li><li>Made in Japan</li></ul>",Snow Peak,Home & Garden > Kitchen & Dining > Food & Beverage Carriers > Water Bottles,Bottles & flasks,"titanium, ultralight, made in japan, gift, category:Lifestyle, subcategory:Bottles & flasks, department:unisex, style:gorpcore-outdoor, style:quiet-minimal, material:titanium, colorfamily:neutral, color:titanium grey, usecase:camping, usecase:gifting, occasion:camping, occasion:hiking, occasion:travel, season:all-season, tier:mid",TRUE,Title,Default Title,,,,,fd-lif-01-one-size,0,shopify,25,deny,manual,118.00,,TRUE,TRUE,,https://images.pexels.com/photos/3098665/pexels-photo-3098665.jpeg?auto=compress&cs=tinysrgb&w=1600,1,Snow Peak Titanium Flask M,FALSE,Snow Peak Titanium Flask M | Fold,"A hip flask pressed from pure titanium in Niigata, curved to sit flat against the body in a jacket pocket, with a screw cap on a captive hinge so it can't drop in the snow. It weighs almost nothing, never taints what is inside, and the matte grey finish takes on a quiet patina with use. For a nip of whisky by the fire ",,kg,,,active
nike-recharge-straw-bottle-24-oz,Recharge Straw Bottle (24 oz),"<p>A double-wall stainless steel bottle with a flip-up straw lid, so you can drink mid-set without unscrewing anything. It keeps water cold for most of a day, fits a car cup holder and has a carry loop to hook on a finger on the way into the gym. Matte powder coat and a single Swoosh.</p><ul><li>Double-wall vacuum-insulated stainless steel</li><li>Capacity 24 oz (710 ml)</li><li>Leak-resistant straw lid with carry handle</li><li>Lid dishwasher-safe; hand wash the body</li></ul>",Nike,Home & Garden > Kitchen & Dining > Food & Beverage Carriers > Water Bottles,Bottles & flasks,"insulated, straw lid, gym, leak resistant, category:Lifestyle, subcategory:Bottles & flasks, department:unisex, style:athletic, material:stainless steel, colorfamily:black, colorfamily:white, color:black, color:white, color:volt, usecase:training, usecase:hydration, usecase:commute, occasion:gym, occasion:running, occasion:commute, season:all-season, tier:budget, bestseller",TRUE,Color,Black,,,,,fd-lif-02-black,0,shopify,25,deny,manual,35.00,,TRUE,TRUE,,https://images.pexels.com/photos/9159947/pexels-photo-9159947.jpeg?auto=compress&cs=tinysrgb&w=1600,1,Nike Recharge Straw Bottle (24 oz),FALSE,Nike Recharge Straw Bottle (24 oz) | Fold,"A double-wall stainless steel bottle with a flip-up straw lid, so you can drink mid-set without unscrewing anything. It keeps water cold for most of a day, fits a car cup holder and has a carry loop to hook on a finger on the way into the gym. Matte powder coat and a single Swoosh.",,kg,,,active
nike-recharge-straw-bottle-24-oz,,,,,,,,,White,,,,,fd-lif-02-white,0,shopify,25,deny,manual,35.00,,TRUE,TRUE,,,,,,,,,kg,,,
nike-recharge-straw-bottle-24-oz,,,,,,,,,Volt,,,,,fd-lif-02-volt,0,shopify,0,deny,manual,35.00,,TRUE,TRUE,,,,,,,,,kg,,,
seom-chrome-bottle,Chrome Bottle,"<p>A slim 500 ml stainless steel bottle in mirror chrome, printed with the founders' hand-drawn star graphic in baby blue. It is loud and shiny, keeps drinks cold for 12 hours and looks like a prop from a 2002 sports drink ad. Comes with a short ball-chain strap to clip onto a bag.</p><ul><li>Double-wall stainless steel, mirror-chrome finish</li><li>Capacity 500 ml (17 oz)</li><li>Cold 12 hours, hot 6 hours</li><li>Hand wash only; the chrome scratches in a dishwasher</li><li>Designed in Seoul</li></ul>",SEOM,Home & Garden > Kitchen & Dining > Food & Beverage Carriers > Water Bottles,Bottles & flasks,"chrome, graphic, insulated, y2k, category:Lifestyle, subcategory:Bottles & flasks, department:unisex, style:y2k-retro, style:streetwear, material:stainless steel, colorfamily:cool, colorfamily:pastel, color:chrome, color:baby blue, usecase:hydration, usecase:statement accessory, occasion:everyday, occasion:campus, occasion:festival, season:all-season, tier:budget, new",TRUE,Color,Chrome / Baby Blue,,,,,fd-lif-03-chrome-baby-blue,0,shopify,25,deny,manual,48.00,,TRUE,TRUE,,https://images.pexels.com/photos/7879955/pexels-photo-7879955.jpeg?auto=compress&cs=tinysrgb&w=1600,1,SEOM Chrome Bottle,FALSE,SEOM Chrome Bottle | Fold,"A slim 500 ml stainless steel bottle in mirror chrome, printed with the founders' hand-drawn star graphic in baby blue. It is loud and shiny, keeps drinks cold for 12 hours and looks like a prop from a 2002 sports drink ad. Comes with a short ball-chain strap to clip onto a bag.",,kg,,,active
burnside-canvas-belmont-notebook-cover,Belmont Notebook Cover,"<p>A notebook cover cut from a single piece of oil-tanned leather, saddle-stitched along the spine, with a waxed canvas pen sleeve and a slot for receipts. It holds a pocket notebook with room for a spare, and over years in a back pocket it darkens, creases and moulds to the curve of your hip. Ships with one dot-grid refill.</p><ul><li>Oil-tanned cowhide, 5 oz; waxed cotton duck pen sleeve</li><li>Fits 3.5 x 5.5 in pocket notebooks</li><li>Includes one 48-page dot-grid refill</li><li>Hand-stitched in Portland, Oregon</li></ul>",Burnside Canvas,Office Supplies > General Office Supplies > Paper Products > Notebooks & Notepads,Notebooks,"leather, made in usa, everyday carry, ages well, category:Lifestyle, subcategory:Notebooks, department:unisex, style:heritage-workwear, material:oil-tanned leather, material:waxed canvas, colorfamily:earth, color:tobacco brown, color:black, usecase:field notes, usecase:everyday carry, usecase:gifting, occasion:everyday, occasion:commute, occasion:travel, season:all-season, tier:mid",TRUE,Color,Tobacco,,,,,fd-lif-04-tobacco,0,shopify,25,deny,manual,85.00,,TRUE,TRUE,,https://images.pexels.com/photos/6373211/pexels-photo-6373211.jpeg?auto=compress&cs=tinysrgb&w=1600,1,Burnside Canvas Belmont Notebook Cover,FALSE,Burnside Canvas Belmont Notebook Cover | Fold,"A notebook cover cut from a single piece of oil-tanned leather, saddle-stitched along the spine, with a waxed canvas pen sleeve and a slot for receipts. It holds a pocket notebook with room for a spare, and over years in a back pocket it darkens, creases and moulds to the curve of your hip. Ships with one dot-grid refi",,kg,,,active
burnside-canvas-belmont-notebook-cover,,,,,,,,,Black,,,,,fd-lif-04-black,0,shopify,0,deny,manual,85.00,,TRUE,TRUE,,,,,,,,,kg,,,
arket-linen-notebook-a5,Linen Notebook A5,"<p>An A5 notebook bound in natural linen over board, with 192 pages of off-white 100 gsm paper that takes a fountain pen without bleeding through. It lies flat when open, has a single grey ribbon marker and nothing printed on the cover. A calm, plain thing for lists, sketches or meeting notes.</p><ul><li>Linen-covered hardcover, sewn binding</li><li>A5, 192 pages, 100 gsm FSC-certified paper</li><li>Lies flat when open</li><li>Dot grid or plain pages</li></ul>",Arket,Office Supplies > General Office Supplies > Paper Products > Notebooks & Notepads,Notebooks,"linen, lay flat, fsc paper, no logo, category:Lifestyle, subcategory:Notebooks, department:unisex, style:quiet-minimal, material:linen, material:paper, colorfamily:neutral, color:natural linen, usecase:note taking, usecase:sketching, usecase:journaling, occasion:office, occasion:campus, occasion:everyday, season:all-season, tier:budget",TRUE,Style,Dot Grid,,,,,fd-lif-05-dot-grid,0,shopify,25,deny,manual,18.00,,TRUE,TRUE,,https://images.pexels.com/photos/8473901/pexels-photo-8473901.jpeg?auto=compress&cs=tinysrgb&w=1600,1,Arket Linen Notebook A5,FALSE,Arket Linen Notebook A5 | Fold,"An A5 notebook bound in natural linen over board, with 192 pages of off-white 100 gsm paper that takes a fountain pen without bleeding through. It lies flat when open, has a single grey ribbon marker and nothing printed on the cover. A calm, plain thing for lists, sketches or meeting notes.",,kg,,,active
arket-linen-notebook-a5,,,,,,,,,Plain,,,,,fd-lif-05-plain,0,shopify,25,deny,manual,18.00,,TRUE,TRUE,,,,,,,,,kg,,,
cranmore-exeter-ruled-journal,Exeter Ruled Journal,"<p>A hardbound ruled journal in navy book cloth with gilt page edges and a red-and-green grosgrain ribbon marker, at home on a dorm desk or next to a leather blotter. Inside are 240 pages of cream paper and a pocket at the back for clippings. A good graduation or first-job gift.</p><ul><li>Navy book cloth over board, gilt page edges</li><li>6 x 8.5 in, 240 ruled pages of 120 gsm cream paper</li><li>Rear pocket and grosgrain tie closure</li><li>Bound in New Hampshire</li></ul>",Cranmore,Office Supplies > General Office Supplies > Paper Products > Notebooks & Notepads,Notebooks,"gift, gilt edges, made in usa, ruled, category:Lifestyle, subcategory:Notebooks, department:unisex, style:preppy-ivy, material:book cloth, material:paper, colorfamily:cool, color:navy, color:cream, color:gold, usecase:journaling, usecase:note taking, usecase:gifting, occasion:campus, occasion:office, season:all-season, tier:budget",TRUE,Title,Default Title,,,,,fd-lif-06-one-size,0,shopify,25,deny,manual,35.00,45.00,TRUE,TRUE,,https://images.pexels.com/photos/7859320/pexels-photo-7859320.jpeg?auto=compress&cs=tinysrgb&w=1600,1,Cranmore Exeter Ruled Journal,FALSE,Cranmore Exeter Ruled Journal | Fold,"A hardbound ruled journal in navy book cloth with gilt page edges and a red-and-green grosgrain ribbon marker, at home on a dorm desk or next to a leather blotter. Inside are 240 pages of cream paper and a pocket at the back for clippings. A good graduation or first-job gift.",,kg,,,active
ferrant-chapelle-candle,Chapelle Candle,"<p>A slow-burning candle in a heavy matte black glass vessel that smells of a cold stone chapel: frankincense, beeswax, a little myrrh and the ghost of a blown-out match. It burns clean on a coconut and soy blend, and the room it fills feels quieter and darker in a good way. Light it on a winter evening with the overhead lights off.</p><ul><li>Coconut and soy wax blend, cotton wick</li><li>220 g; approx. 50 hours burn time</li><li>Matte black glass vessel, reusable</li><li>Poured by hand in Montreal</li></ul>",Ferrant,Home & Garden,Small home goods,"incense, candle, hand poured, made in canada, category:Lifestyle, subcategory:Small home goods, department:unisex, style:dark-gothic, material:coconut soy wax, material:black glass, colorfamily:black, color:matte black, usecase:evenings at home, usecase:gifting, occasion:date night, occasion:everyday, season:fall, season:winter, tier:budget",TRUE,Size,220 g,,,,,fd-lif-07-220-g,0,shopify,25,deny,manual,48.00,,TRUE,TRUE,,https://images.pexels.com/photos/6143616/pexels-photo-6143616.jpeg?auto=compress&cs=tinysrgb&w=1600,1,Ferrant Chapelle Candle,FALSE,Ferrant Chapelle Candle | Fold,"A slow-burning candle in a heavy matte black glass vessel that smells of a cold stone chapel: frankincense, beeswax, a little myrrh and the ghost of a blown-out match. It burns clean on a coconut and soy blend, and the room it fills feels quieter and darker in a good way. Light it on a winter evening with the overhead ",,kg,,,active
soller-fornalutx-striped-linen-tea-towels-set-of-2,Fornalutx Striped Linen Tea Towels (Set of 2),"<p>Two tea towels woven from heavy washed linen in a sun-faded blue and white stripe, the kind found in every finca kitchen on Mallorca. They are absorbent, dry glasses without lint and get softer with every wash. Hung on a hook, they make a kitchen look like summer.</p><ul><li>100% washed linen, 240 gsm</li><li>20 x 28 in (50 x 70 cm) each</li><li>Hanging loop at one corner</li><li>Machine wash warm, tumble dry low</li><li>Woven in Spain</li></ul>",Sóller,Home & Garden,Small home goods,"linen, striped, set of 2, made in spain, category:Lifestyle, subcategory:Small home goods, department:unisex, style:coastal-resort, material:linen, colorfamily:cool, colorfamily:white, color:faded sky blue, color:white, usecase:kitchen, usecase:hosting, usecase:gifting, occasion:everyday, season:spring, season:summer, tier:budget",TRUE,Style,Sky Stripe,,,,,fd-lif-08-sky-stripe,0,shopify,25,deny,manual,38.00,,TRUE,TRUE,,https://images.pexels.com/photos/4805220/pexels-photo-4805220.jpeg?auto=compress&cs=tinysrgb&w=1600,1,Sóller Fornalutx Striped Linen Tea Towels (Set of 2),FALSE,Sóller Fornalutx Striped Linen Tea Towels (Set of 2) | Fold,"Two tea towels woven from heavy washed linen in a sun-faded blue and white stripe, the kind found in every finca kitchen on Mallorca. They are absorbent, dry glasses without lint and get softer with every wash. Hung on a hook, they make a kitchen look like summer.",,kg,,,active
soller-fornalutx-striped-linen-tea-towels-set-of-2,,,,,,,,,Sand Stripe,,,,,fd-lif-08-sand-stripe,0,shopify,25,deny,manual,38.00,,TRUE,TRUE,,,,,,,,,kg,,,
carhartt-wip-script-logo-mug,Script Logo Mug,"<p>A heavy stoneware mug with a thick rolled lip and the Carhartt WIP script logo printed on the side in Hamilton brown. It holds a generous 400 ml of coffee, stays warm in the hand on a cold workshop morning and has survived more than one fall off a workbench. Dishwasher and microwave safe.</p><ul><li>Glazed stoneware</li><li>Capacity 400 ml (13.5 oz)</li><li>Dishwasher and microwave safe</li><li>Made in Portugal</li></ul>",Carhartt WIP,Home & Garden,Small home goods,"stoneware, logo, gift, dishwasher safe, category:Lifestyle, subcategory:Small home goods, department:unisex, style:streetwear, style:heritage-workwear, material:stoneware, colorfamily:neutral, colorfamily:earth, color:ecru, color:hamilton brown, usecase:coffee, usecase:desk, usecase:gifting, occasion:everyday, occasion:office, season:all-season, tier:budget",TRUE,Title,Default Title,,,,,fd-lif-09-one-size,0,shopify,25,deny,manual,28.00,,TRUE,TRUE,,https://images.pexels.com/photos/33784550/pexels-photo-33784550.jpeg?auto=compress&cs=tinysrgb&w=1600,1,Carhartt WIP Script Logo Mug,FALSE,Carhartt WIP Script Logo Mug | Fold,"A heavy stoneware mug with a thick rolled lip and the Carhartt WIP script logo printed on the side in Hamilton brown. It holds a generous 400 ml of coffee, stays warm in the hand on a cold workshop morning and has survived more than one fall off a workbench. Dishwasher and microwave safe.",,kg,,,active
