id,name,brand,department,category,subcategory,price,compare_at_price,description,details,style,material,color_family,colors,use_case,room,occasion,fit,season,price_tier,tags,variants,images,url
mw-liv-01,Ansel Sofa,,,Living,Sofas & armchairs,1495,,"The Ansel is a low-slung three-seater with a solid walnut frame, tapered legs and a gently bowed back that curves around you. The upholstery is a tight-weave olive wool blend over high-resilience foam and feather-wrapped seat cushions, so it sits firm but softens where it counts. It suits a living room that wants one quiet, confident piece to anchor everything else.","W 84 in x D 36 in x H 31 in; seat height 17 in | Kiln-dried hardwood frame with solid walnut legs and arm caps | Wool-polyester blend upholstery, 50,000 double rubs | Feather-wrapped foam seat cushions, reversible | Ships in two boxes; legs attach without tools | Frame made in Vietnam, assembled and inspected in Texas",mid-century,walnut | wool blend | feather | foam,earth,olive | mustard | oatmeal,everyday lounging | hosting | reading,living room,,,,premium,three-seater | walnut | tapered legs | statement piece,Olive:yes | Mustard:yes | Oatmeal:no,http://localhost:3002/marlow/mw-liv-01.jpg,http://localhost:3002/marlow/p/ansel-sofa
mw-liv-02,Lund Sofa,,,Living,Sofas & armchairs,1195,,"The Lund is a pared-back two-and-a-half seater on pale ash legs, with slim track arms and deep, loose back cushions in a light grey wool. The silhouette is clean enough to float in the middle of a room and soft enough to disappear into on a Sunday. It belongs in a calm, light-filled space with not much else competing for attention.","W 78 in x D 35 in x H 32 in; seat height 18 in | Solid ash legs with a natural matte lacquer | 100% wool upholstery, removable and dry-cleanable cushion covers | Foam-core seat cushions with fibre wrap, back cushions fibre-filled | Seats three comfortably; sleeps one guest in a pinch | Made in Lithuania",scandi-minimal,ash | wool | foam,neutral,light grey | chalk | pebble,small apartment | everyday lounging | first home,living room,,,,mid,ash legs | wool | pale | apartment sofa | removable covers,Light grey:yes | Chalk:yes | Pebble:yes,http://localhost:3002/marlow/mw-liv-02.jpg,http://localhost:3002/marlow/p/lund-sofa
mw-liv-03,Haru Low Sofa,,,Living,Sofas & armchairs,1350,,"The Haru sits just 14 inches off the floor on a wide white-oak platform, with a single long seat cushion and loose back bolsters in a nubby stonewashed linen. The oak is left visible as a shelf along the back, wide enough for a cup and a book. It makes a room feel spare and grounded, and it is built for people who sit cross-legged.","W 86 in x D 38 in x H 27 in; seat height 14 in | Solid white oak platform frame, oiled finish | 100% linen upholstery, stonewashed, removable covers | High-density foam seat with a latex top layer | Oak back ledge holds up to 15 lb | Made in Portugal",japandi,white oak | linen | foam | latex,neutral | black,natural linen | charcoal,everyday lounging | floor living | reading,living room,,,,mid,low profile | platform sofa | linen | oak | calm,Natural linen:yes | Charcoal:yes,http://localhost:3002/marlow/mw-liv-03.jpg,http://localhost:3002/marlow/p/haru-low-sofa
mw-liv-04,Marigold Velvet Sofa,,,Living,Sofas & armchairs,1650,1895,"The Marigold is a deep-buttoned three-seater in a saturated cotton velvet, with rolled arms, turned beech legs and a tight back that holds its tufting. It comes in a marigold that reads almost orange in afternoon light, a peacock teal and a raspberry pink. It is a sofa for a room with pattern on the walls, art stacked on the floor and no interest in playing it safe.","W 88 in x D 37 in x H 33 in; seat height 19 in | Kiln-dried beech frame with turned legs in a dark stain | 100% cotton velvet, 40,000 double rubs, spot-clean only | Hand-tufted tight back with 72 buttons | Pocket-sprung seat with foam and fibre topper | Made in Poland",maximalist-eclectic | art-deco-glam,cotton velvet | beech | pocket springs,bold,marigold | peacock teal | raspberry,hosting | statement piece | formal living room,living room,,,,premium,velvet | tufted | bold color | statement piece | sale,Marigold:yes | Peacock teal:yes | Raspberry:yes,http://localhost:3002/marlow/mw-liv-04.jpg,http://localhost:3002/marlow/p/marigold-velvet-sofa
mw-liv-05,Cove Slipcovered Sofa,,,Living,Sofas & armchairs,1095,,"The Cove is a relaxed three-seater wrapped in a loose, machine-washable linen-cotton slipcover with a skirted base and slouchy, overfilled cushions. It comes in white, sand and a soft faded blue, and it only looks better slightly rumpled. It is the sofa for a bright, breezy room where sandy feet and dogs are part of the plan.","W 90 in x D 40 in x H 34 in; seat height 19 in | Solid pine and engineered hardwood frame | Linen-cotton slipcover, fully removable, machine washable cold | Down-alternative seat and back cushions, overfilled | Second slipcover available separately in any color | Made in North Carolina",coastal | cottage-rustic,linen | cotton | pine | down alternative,white | neutral,white | sand | faded blue,families | pets | beach house | everyday lounging,living room,,,,mid,slipcover | washable | family friendly | linen | airy,White:yes | Sand:yes | Faded blue:yes,http://localhost:3002/marlow/mw-liv-05.jpg,http://localhost:3002/marlow/p/cove-slipcovered-sofa
mw-liv-06,Bramble Armchair,,,Living,Sofas & armchairs,595,,"The Bramble is a generous wingback with a loose seat cushion, a scalloped skirt and a solid pine frame, upholstered in a brushed cotton that comes in cream, sage and a small red gingham. It has the shape of a chair that has been by the fire for fifty years, without the sag. Put it next to a reading lamp and a basket of wool and it looks like it has always been there.","W 32 in x D 36 in x H 41 in; seat height 19 in | Solid pine frame with corner-blocked joints | Brushed cotton upholstery, 30,000 double rubs | Foam seat cushion with feather wrap, fibre-filled back | Matching ottoman available separately | Made in Portugal",cottage-rustic,pine | brushed cotton | feather,neutral | warm,cream | sage | red gingham,reading | fireside | cozy corner,living room | bedroom,,,,mid,wingback | gingham | reading chair | cozy | farmhouse,Cream:yes | Sage:yes | Red gingham:yes,http://localhost:3002/marlow/mw-liv-06.jpg,http://localhost:3002/marlow/p/bramble-armchair
mw-liv-07,Orla Bouclé Armchair,,,Living,Sofas & armchairs,695,,"The Orla is a chunky barrel chair with one continuous curved back, a thick pillowy seat and no visible legs, wrapped in a looped wool-blend bouclé. It comes in cream, burnt orange and a chocolate brown, and it swivels a full 360 degrees on a hidden chrome base. It is round, soft and a little bit groovy, and it makes a corner feel like a place to stay.","W 33 in x D 31 in x H 29 in; seat height 17 in | Hidden chrome-plated steel swivel base, 360 degrees | Wool-polyester bouclé, 45,000 double rubs | High-resilience foam seat with fibre wrap | Arrives fully assembled | Made in China",retro-70s,bouclé | chrome | foam,warm | neutral,cream | burnt orange | chocolate,reading | small apartment | cozy corner,living room | bedroom,,,,mid,bouclé | swivel | barrel chair | curved | retro,Cream:yes | Burnt orange:yes | Chocolate:yes,http://localhost:3002/marlow/mw-liv-07.jpg,http://localhost:3002/marlow/p/orla-boucle-armchair
mw-liv-08,Delphine Fluted Armchair,,,Living,Sofas & armchairs,795,,"The Delphine is a curved tub chair with a vertically channel-stitched back that fans out like a shell, finished with brushed-brass sabots on tapered legs. The velvet is a dense cotton-viscose in emerald, sapphire and a dusty blush. It is polished and a little theatrical, the chair you put at an angle beside a bar cart.","W 30 in x D 30 in x H 31 in; seat height 18 in | Solid beech legs with brushed-brass caps | Cotton-viscose velvet, 35,000 double rubs, spot clean | Channel-tufted back with 12 vertical flutes | Foam seat with fibre wrap | Made in Vietnam",art-deco-glam,velvet | beech | brass,bold | pastel,emerald | sapphire | blush,hosting | statement piece | dressing room,living room | bedroom,,,,mid,fluted | velvet | brass | accent chair | glam,Emerald:yes | Sapphire:no | Blush:yes,http://localhost:3002/marlow/mw-liv-08.jpg,http://localhost:3002/marlow/p/delphine-fluted-armchair
mw-liv-09,Foundry Leather Armchair,,,Living,Sofas & armchairs,875,,"The Foundry is a sling-style lounge chair with a top-grain leather seat and back suspended from a blackened steel frame on exposed hex bolts. The leather is full aniline and unprotected, so it scuffs, darkens and takes on a map of where it has been. It is built for a loft with brick, concrete and tall windows, and it only gets better looking.","W 28 in x D 33 in x H 30 in; seat height 16 in | Powder-coated blackened steel frame, 1 in square tube | Full-aniline top-grain leather, 3 mm, will patina | Stainless hex-bolt hardware, included wrench | Weight capacity 300 lb | Made in India",industrial,leather | blackened steel,earth | black,tan | black,loft | reading | home office,living room | home office,,,,premium,leather | steel frame | loft | sling chair | patina,Tan:yes | Black:yes,http://localhost:3002/marlow/mw-liv-09.jpg,http://localhost:3002/marlow/p/foundry-leather-armchair
mw-liv-10,Hollis Coffee Table,,,Living,Coffee & side tables,495,,"The Hollis is an oval coffee table in solid walnut with a surfboard-shaped top, a floating lower shelf and four splayed, tapered legs. The grain runs the length of the top and the edges are softened to a thumb-round profile. It is low, warm and easy to walk around, which makes it good company for a long sofa.","W 48 in x D 24 in x H 16 in | Solid American walnut top and legs, hardwax-oil finish | Walnut-veneered lower shelf, 4 in clearance from floor | Weight capacity 80 lb on top, 25 lb on shelf | Legs attach with four bolts; wrench included | Made in Indonesia",mid-century,walnut,earth,walnut,everyday living | hosting | small apartment,living room,,,,mid,walnut | oval | tapered legs | two tier,Walnut:yes | Smoked oak:yes,http://localhost:3002/marlow/mw-liv-10.jpg,http://localhost:3002/marlow/p/hollis-coffee-table
mw-liv-11,Ren Coffee Table,,,Living,Coffee & side tables,429,,"The Ren is a low rectangular table in solid oak with a black-stained frame and a natural top, joined with visible through-tenons at each corner. The proportions are wide and squat, 13 inches high, so it reads as a platform more than a piece of furniture. It is quiet, well-made and happiest with a single stoneware bowl on it.","W 47 in x D 24 in x H 13 in | Solid white oak, natural oiled top with black-stained base | Exposed through-tenon joinery, no metal fasteners | Weight capacity 100 lb | Arrives assembled | Made in Vietnam",japandi,white oak,neutral | black,natural oak | black,floor living | everyday living | small apartment,living room,,,,mid,low | oak | joinery | two tone | calm,Oak / black:yes | All black:yes,http://localhost:3002/marlow/mw-liv-11.jpg,http://localhost:3002/marlow/p/ren-coffee-table
mw-liv-12,Girder Coffee Table,,,Living,Coffee & side tables,549,,"The Girder has a two-inch-thick top of reclaimed pine, planed flat but left with its nail holes and saw marks, bolted to a raw steel trestle base with a clear matte sealer. Each top is different because each one used to be a floor joist in a mill somewhere. It is heavy, utilitarian and built to be put your boots up on.","W 50 in x D 26 in x H 17 in | Reclaimed pine top, 2 in thick, matte polyurethane | Hot-rolled steel base with clear wax finish, 1/4 in plate | Weight capacity 200 lb | Top and base ship separately; bolts and wrench included | Made in Pennsylvania",industrial,reclaimed pine | steel,earth | black,reclaimed pine | raw steel,loft | families | hosting,living room,,,,mid,reclaimed wood | steel | loft | heavy duty | one of a kind,Natural pine:yes | Ebonized pine:yes,http://localhost:3002/marlow/mw-liv-12.jpg,http://localhost:3002/marlow/p/girder-coffee-table
mw-liv-13,Soleil Side Table,,,Living,Coffee & side tables,329,,"The Soleil is a round drinks table with a white Carrara marble top on a fluted brass column and a weighted brass disc base. The flutes catch lamplight along their whole height, and the marble is honed rather than polished so it does not show every ring. It is small, glossy and exactly the right height beside a velvet chair.","Dia 16 in x H 22 in | Honed Carrara marble top, 3/4 in, sealed | Brass-plated steel column and base, fluted | Weight capacity 20 lb | Marble will vary in veining; wipe spills promptly | Made in India",art-deco-glam,marble | brass,white | warm,white marble | brass,drinks table | bedside | small apartment,living room | bedroom,,,,mid,marble | brass | fluted | drinks table | glam,White marble:yes | Green marble:yes:+40,http://localhost:3002/marlow/mw-liv-13.jpg,http://localhost:3002/marlow/p/soleil-side-table
mw-liv-14,Dune Rattan Side Table,,,Living,Coffee & side tables,189,,"The Dune is a drum-shaped side table hand-wrapped in natural rattan over a mango-wood frame, with an open cane weave around the sides and a solid wood top. The rattan is left honey-toned and lightly sealed, so it warms with sun and age. It is light enough to move with one hand and happy next to a plant, a pile of books or a bed.","Dia 18 in x H 20 in | Hand-woven natural rattan over a solid mango-wood frame | Solid mango-wood top, clear matte lacquer | Weight capacity 25 lb | Weight 9 lb; arrives assembled | Made in Indonesia",boho-global,rattan | mango wood,warm | earth,honey rattan | natural,plant stand | bedside | small apartment,living room | bedroom | balcony,,,,budget,rattan | handwoven | drum table | lightweight | textured,Honey:yes | Black:yes,http://localhost:3002/marlow/mw-liv-14.jpg,http://localhost:3002/marlow/p/dune-rattan-side-table
mw-liv-15,Plinth Nesting Tables (Set of 2),,,Living,Coffee & side tables,349,,"The Plinth set is two rectangular tables in solid ash, a larger one at 16 inches high and a smaller one that slides underneath, each a simple slab top on two slab legs with a finger-jointed corner. The wood is pale and matte with a white-oil finish that keeps it from yellowing. They pull apart for guests and tuck back together when you want the floor clear.","Large: W 32 in x D 18 in x H 16 in; Small: W 24 in x D 15 in x H 13 in | Solid ash, white-pigmented hardwax oil | Finger-jointed corners, no visible hardware | Weight capacity 60 lb each | Arrives assembled | Made in Lithuania",scandi-minimal,ash,neutral | white,white ash | natural ash,small apartment | hosting | flexible layout,living room,,,,mid,nesting | ash | pale | set of 2 | small space,White ash:yes | Natural ash:yes,http://localhost:3002/marlow/mw-liv-15.jpg,http://localhost:3002/marlow/p/plinth-nesting-tables
mw-liv-16,Disco Smoked Glass Coffee Table,,,Living,Coffee & side tables,399,479,"The Disco is a round coffee table with a 12 mm smoked bronze glass top resting on a chunky cylindrical base in chrome-finished steel. The base is a single polished drum, so the whole thing reads like a lamp from 1974 lying on its side. It is reflective, a little chunky, and looks right between a bouclé chair and a shag rug.","Dia 36 in x H 15 in | 12 mm tempered smoked bronze glass top, flat polished edge | Chrome-plated steel drum base, dia 16 in | Weight capacity 50 lb | Glass sits on clear rubber bumpers; ships in two boxes | Made in China",retro-70s,smoked glass | chrome,earth | neutral,smoked bronze | chrome,hosting | statement piece | small apartment,living room,,,,mid,smoked glass | chrome | round | retro | sale,Chrome:yes | Brushed brass:no,http://localhost:3002/marlow/mw-liv-16.jpg,http://localhost:3002/marlow/p/disco-smoked-glass-coffee-table
mw-liv-17,Harbor Coffee Table,,,Living,Coffee & side tables,459,,"The Harbor is a rectangular coffee table in whitewashed solid acacia with a slatted lower shelf and chunky square legs, finished with a wire-brushed texture that shows the grain through the wash. It looks faded by salt and sun on day one. It suits a bright room with linen, rope and a view, or one that wishes it had one.","W 46 in x D 24 in x H 17 in | Solid acacia, wire-brushed with a whitewash stain and matte topcoat | Slatted lower shelf with 1/2 in gaps | Weight capacity 90 lb | Legs attach with four bolts | Made in Vietnam",coastal,acacia,white | neutral,whitewash | driftwood grey,beach house | families | everyday living,living room,,,,mid,whitewashed | slatted | beach house | airy | storage,Whitewash:yes | Driftwood grey:yes,http://localhost:3002/marlow/mw-liv-17.jpg,http://localhost:3002/marlow/p/harbor-coffee-table
mw-liv-18,Beam Wall Shelf,,,Living,Shelving,169,,"The Beam is a single floating shelf of solid reclaimed oak, 2 inches thick, held on a pair of raw steel pipe brackets with exposed flange plates. The wood is sanded smooth on top but keeps its checks and old bolt holes along the face. It is a plain, strong shelf for records, cookbooks or a row of jars, and it looks right against brick.","W 36 in x D 9 in x H 2 in shelf; brackets project 8 in | Solid reclaimed oak, matte sealed; each board unique | Black-finished 3/4 in steel pipe brackets with flanges | Weight capacity 60 lb when mounted into studs | Mounting screws and drywall anchors included | Shelf made in Pennsylvania; brackets made in India",industrial,reclaimed oak | steel,earth | black,reclaimed oak | black steel,records | kitchen storage | loft,living room | kitchen | home office,,,,budget,floating shelf | reclaimed wood | pipe bracket | loft | wall mounted,36 in:yes | 48 in:yes:+40 | 60 in:yes:+80,http://localhost:3002/marlow/mw-liv-18.jpg,http://localhost:3002/marlow/p/beam-wall-shelf
mw-liv-19,Fjell Bookcase,,,Living,Shelving,649,,"The Fjell is a tall, open bookcase in solid ash with slim 3/4-inch uprights and five fixed shelves that step back slightly as they rise. There is no back panel, so light passes through and the wall shows behind your books. It is pale, airy and makes a wall of books look organised rather than heavy.","W 32 in x D 13 in x H 75 in | Solid ash frame and shelves, white-pigmented hardwax oil | Five fixed shelves, 14 in clearance each | Weight capacity 40 lb per shelf | Anti-tip wall strap included; assembly takes about 30 minutes | Made in Lithuania",scandi-minimal,ash,neutral | white,white ash,book storage | home office | display,living room | home office | bedroom,,,,premium,bookcase | ash | open back | tall | pale,Single:yes | Double:no:+500,http://localhost:3002/marlow/mw-liv-19.jpg,http://localhost:3002/marlow/p/fjell-bookcase
mw-liv-20,Kiln Ladder Shelf,,,Living,Shelving,299,,"The Kiln is a leaning ladder shelf with four solid oak shelves set into a black powder-coated steel frame that rests against the wall at a slight angle. The shelves deepen toward the floor, from 6 inches at the top to 14 at the bottom, so a plant or a stack of ceramics fits where it should. It is spare and low-key, and it takes up almost no floor.","W 24 in x D 16 in x H 70 in | Solid white oak shelves, oiled; matte black steel frame | Four shelves: 6, 9, 11 and 14 in deep | Weight capacity 30 lb per shelf | Wall anchor included; must be secured | Made in Vietnam",japandi,white oak | steel,neutral | black,natural oak | black,small apartment | display | plants,living room | home office | entryway,,,,mid,ladder shelf | oak | black steel | small space | leaning,Oak / black:yes,http://localhost:3002/marlow/mw-liv-20.jpg,http://localhost:3002/marlow/p/kiln-ladder-shelf
mw-liv-21,Hearth Pine Bookcase,,,Living,Shelving,575,695,"The Hearth is a wide, low bookcase in knotty solid pine with a beaded back panel, a scalloped apron and three adjustable shelves behind an open front. It comes in a warm honey wax or a chalky cream paint that is rubbed back at the edges by hand. It is the sort of piece that holds the cookbooks in a kitchen or the games in a family room, and looks like an heirloom either way.",W 48 in x D 14 in x H 40 in | Solid knotty pine with beadboard back | Three adjustable shelves on 1 in pin increments | Weight capacity 45 lb per shelf | Arrives assembled; anti-tip strap included | Made in Portugal,cottage-rustic,pine,warm | neutral,honey pine | cream,families | cookbooks | display,living room | kitchen | kids room,,,,mid,pine | farmhouse | beadboard | low bookcase | sale,Honey pine:yes | Cream:yes,http://localhost:3002/marlow/mw-liv-21.jpg,http://localhost:3002/marlow/p/hearth-pine-bookcase
mw-liv-22,Palette Lacquered Bookcase,,,Living,Shelving,895,,"The Palette is a tall cube bookcase in a high-gloss lacquer, with sixteen asymmetric compartments of different sizes and a brass-trimmed plinth base. It comes in a glossy oxblood, a saturated cobalt and a bottle green, and it is built to hold a lot of objects at once. It is a bookcase that wants to be the loudest thing in the room, and it is.","W 40 in x D 14 in x H 76 in | MDF with eight coats of polyurethane lacquer, hand-polished | Sixteen fixed compartments from 8 x 8 in to 20 x 14 in | Brass-plated steel plinth | Weight capacity 25 lb per compartment; anti-tip strap included | Made in Italy",maximalist-eclectic | art-deco-glam,lacquer | brass,bold,oxblood | cobalt | bottle green,display | statement piece | collections,living room | home office,,,,premium,lacquer | high gloss | bold color | cube storage | statement piece,Oxblood:yes | Cobalt:yes | Bottle green:yes,http://localhost:3002/marlow/mw-liv-22.jpg,http://localhost:3002/marlow/p/palette-lacquered-bookcase
mw-liv-23,Sahar Jute Rug,,,Living,Rugs,249,,"The Sahar is a hand-braided jute rug with a chunky herringbone weave and a hand-knotted fringe at both ends, in a natural tan with a thin band of terracotta cotton woven near each edge. It is springy underfoot and shows the fibre's natural variation from strand to strand. It layers under a smaller patterned rug or holds its own beneath a rattan chair and a lot of plants.","Available in 5 x 8 ft, 8 x 10 ft and 9 x 12 ft | 100% jute with cotton accent yarn, hand-braided | Pile height 1/2 in; rug pad recommended | Spot clean with a damp cloth; not for damp rooms | Fibre sheds lightly for the first few weeks | Made in India",boho-global,jute | cotton,earth | warm,natural | terracotta,layering | high traffic | plants,living room | dining room | entryway,,,,mid,jute | handwoven | natural fibre | fringe | layering,5 x 8 ft:yes | 8 x 10 ft:yes:+200 | 9 x 12 ft:yes:+350,http://localhost:3002/marlow/mw-liv-23.jpg,http://localhost:3002/marlow/p/sahar-jute-rug
mw-liv-24,Nordlys Wool Rug,,,Living,Rugs,395,,"The Nordlys is a flatwoven rug in undyed New Zealand wool, with a fine tone-on-tone pinstripe in pale grey and chalk that only shows up close. It is thin, dense and lies perfectly flat, so doors clear it and chairs slide across it. It is the rug for a room that wants warmth underfoot without adding anything to look at.","Available in 5 x 8 ft, 6 x 9 ft and 8 x 10 ft | 100% New Zealand wool, handwoven flatweave | Pile height 1/4 in; reversible | Professional clean recommended; blot spills | Low-pile; works under doors and desk chairs | Made in India",scandi-minimal,wool,neutral | white,pale grey | chalk,everyday living | home office | under dining table,living room | bedroom | home office,,,,mid,wool | flatweave | reversible | pale | quiet,5 x 8 ft:yes | 6 x 9 ft:yes:+150 | 8 x 10 ft:no:+300,http://localhost:3002/marlow/mw-liv-24.jpg,http://localhost:3002/marlow/p/nordlys-wool-rug
mw-liv-25,Tidal Stripe Rug,,,Living,Rugs,179,,"The Tidal is a flatwoven cotton rug with wide, uneven stripes in chambray blue, sand and white, and a short tasselled fringe at each end. The cotton is yarn-dyed and stonewashed, so the colours are already a little faded and the whole thing goes in the washing machine. It suits a bright hallway, a bathroom or a sunroom where a damp towel might land on it.","Available in 3 x 5 ft, 4 x 6 ft and 5 x 8 ft | 100% cotton, handwoven flatweave, stonewashed | Machine washable cold on gentle; line dry | Pile height 1/4 in; use a non-slip pad on hard floors | Colours may soften slightly after washing | Made in India",coastal,cotton,cool | neutral,chambray blue | sand | white,beach house | washable | high traffic,living room | bathroom | entryway,,,,budget,striped | cotton | washable | airy | beach house,3 x 5 ft:yes | 4 x 6 ft:yes:+60 | 5 x 8 ft:yes:+120,http://localhost:3002/marlow/mw-liv-25.jpg,http://localhost:3002/marlow/p/tidal-stripe-rug
mw-liv-26,Meadow Floral Rug,,,Living,Rugs,429,,"The Meadow is a hand-tufted wool rug with a scattered block-printed floral in faded rose, moss and ochre on a cream ground, with a narrow olive border. The pattern is loose and hand-drawn rather than repeated exactly, so it looks like something found at a farm sale. It is soft, thick and warm, and it makes a plain room feel homely at once.","Available in 5 x 8 ft, 6 x 9 ft and 8 x 10 ft | 100% wool pile, hand-tufted on a cotton backing | Pile height 1/2 in | Vacuum without beater bar; professional clean | Sheds lightly for the first month | Made in India",cottage-rustic,wool | cotton,warm | pastel,cream | faded rose | moss | ochre,cozy living room | bedroom | families,living room | bedroom,,,,mid,floral | wool | hand-tufted | cottage | homely,5 x 8 ft:yes | 6 x 9 ft:yes:+150 | 8 x 10 ft:no:+270,http://localhost:3002/marlow/mw-liv-26.jpg,http://localhost:3002/marlow/p/meadow-floral-rug
mw-liv-27,Sunburst Shag Rug,,,Living,Rugs,349,429,"The Sunburst is a deep-pile wool shag with a swirl of burnt orange, caramel and cream radiating from off-centre, like a rug pulled from a 1970s conversation pit. The pile is two inches long and springy, so bare feet sink into it. It is warm, loud in the best way and works best with lots of brown wood and low furniture around it.","Available in 5 x 8 ft and 8 x 10 ft; round 6 ft | 100% wool shag on a cotton backing, hand-tufted | Pile height 2 in | Shake outdoors and vacuum on low; professional clean | Heavy; rug pad recommended on hard floors | Made in India",retro-70s,wool | cotton,warm | earth,burnt orange | caramel | cream,cozy living room | statement piece | floor seating,living room | bedroom,,,,mid,shag | wool | retro | warm | sale,5 x 8 ft:yes | 8 x 10 ft:yes:+300 | 6 ft round:yes:+50,http://localhost:3002/marlow/mw-liv-27.jpg,http://localhost:3002/marlow/p/sunburst-shag-rug
mw-liv-28,Keystone Geometric Rug,,,Living,Rugs,549,,"The Keystone is a hand-knotted wool and viscose rug with an interlocking fan-and-chevron pattern in emerald and ink, with a fine gold-toned line tracing each shape. The viscose gives the pattern a soft sheen that shifts as you walk around it. It is sharp, formal and built for a room with velvet, brass and a mirror or two.","Available in 5 x 8 ft, 6 x 9 ft and 8 x 10 ft | 80% wool, 20% viscose, hand-knotted | Pile height 3/8 in | Professional clean only; blot spills immediately | Rug pad recommended | Made in India",art-deco-glam,wool | viscose,bold | black,emerald | ink | gold,formal living room | statement piece | hosting,living room | dining room,,,,premium,geometric | art deco | wool | sheen | jewel tones,5 x 8 ft:yes | 6 x 9 ft:yes:+180 | 8 x 10 ft:yes:+340,http://localhost:3002/marlow/mw-liv-28.jpg,http://localhost:3002/marlow/p/keystone-geometric-rug
mw-liv-29,Mesa Woven Throw,,,Living,Throws & cushions,89,,"The Mesa is a handwoven cotton throw with a stepped diamond pattern in terracotta, rust and cream, finished with long twisted tassels at each end. The weave is a mid-weight dobby with a slightly slubbed hand, so it drapes over a chair arm without sliding off. It is the kind of thing you fold over the sofa and then never actually fold again.","50 x 70 in | 100% cotton, handloomed | Twisted tassel fringe, 4 in | Machine wash cold, tumble dry low | Weight 2.2 lb | Made in India",boho-global,cotton,earth | warm,terracotta | rust | cream,sofa throw | layering | gift,living room | bedroom,,,,budget,handwoven | tassels | terracotta | layering | gift,Terracotta:yes | Indigo:yes,http://localhost:3002/marlow/mw-liv-29.jpg,http://localhost:3002/marlow/p/mesa-woven-throw
mw-liv-30,Alder Wool Throw,,,Living,Throws & cushions,139,,"The Alder is a brushed lambswool throw in a single pale colour with a narrow blanket-stitched edge and nothing else going on. It is light, warm and soft against the skin, and it comes in light grey, oatmeal and a chalky white. It suits a quiet bedroom or a pale sofa, and it is the first thing you reach for on a cold evening.","55 x 75 in | 100% lambswool, brushed | Blanket-stitched edge in matching yarn | Dry clean or hand wash cold and lay flat | Weight 1.8 lb | Made in Portugal",scandi-minimal,lambswool,neutral | white,light grey | oatmeal | chalk,sofa throw | bedroom | gift,living room | bedroom,,,,mid,lambswool | brushed | pale | soft | gift,Light grey:yes | Oatmeal:yes | Chalk:yes,http://localhost:3002/marlow/mw-liv-30.jpg,http://localhost:3002/marlow/p/alder-wool-throw
mw-liv-31,Peony Velvet Cushion,,,Living,Throws & cushions,65,,"The Peony is a 20-inch square cushion in a thick cotton velvet with a contrast piped edge, in fuchsia with chartreuse piping, cobalt with coral, and tangerine with plum. The velvet is dense and short-pile, so the colour reads flat and saturated rather than shiny. Pile three on a sofa and they argue with each other in the best way.","20 x 20 in | 100% cotton velvet cover with contrast cotton piping | Feather-and-down insert included, 10% down | Hidden zip; cover spot clean or dry clean | Made in India",maximalist-eclectic,cotton velvet | feather | down,bold,fuchsia | cobalt | tangerine,sofa styling | color pop | gift,living room | bedroom,,,,mid,velvet | piped | bold color | feather insert | gift,Fuchsia / chartreuse:yes | Cobalt / coral:yes | Tangerine / plum:yes,http://localhost:3002/marlow/mw-liv-31.jpg,http://localhost:3002/marlow/p/peony-velvet-cushion
mw-liv-32,Orchard Gingham Cushion Set (Set of 2),,,Living,Throws & cushions,78,,"The Orchard set is two 18-inch cushions in a yarn-dyed cotton gingham, one in a small check and one in a large check of the same colour, with a frilled edge and a plain linen back. They come in sage, red and a soft butter yellow, each on cream. They belong on a window seat or a pine bench, and they get softer with every wash.","18 x 18 in, set of two | 100% yarn-dyed cotton gingham front, linen-cotton back | 1.5 in self-frill edge | Polyester fibre inserts included | Machine wash cold, tumble dry low | Made in Portugal",cottage-rustic,cotton | linen,pastel | neutral,sage | red | butter,window seat | families | kitchen bench,living room | kitchen | kids room,,,,budget,gingham | frilled | set of 2 | farmhouse | washable,Sage:yes | Red:yes | Butter:no,http://localhost:3002/marlow/mw-liv-32.jpg,http://localhost:3002/marlow/p/orchard-gingham-cushion-set
mw-liv-33,Seaglass Linen Cushion,,,Living,Throws & cushions,55,68,"The Seaglass is a 22-inch cushion in a heavyweight stonewashed European linen with a raw, fraying flange edge and a simple tie closure at the back. It comes in a pale sea-green, a washed denim blue and white, all slightly uneven in colour the way good linen is. It looks right against a slipcovered sofa with a window open behind it.","22 x 22 in | 100% European linen, stonewashed, 7 oz | 1 in raw-edge flange, cotton tie closure | Feather-and-down insert included | Machine wash cold, line dry | Made in Portugal",coastal,linen | feather | down,cool | white,sea green | washed denim | white,sofa styling | beach house | gift,living room | bedroom,,,,budget,linen | stonewashed | raw edge | airy | sale,Sea green:yes | Washed denim:yes | White:yes,http://localhost:3002/marlow/mw-liv-33.jpg,http://localhost:3002/marlow/p/seaglass-linen-cushion
mw-liv-34,Sumi Linen Cushion,,,Living,Throws & cushions,58,,"The Sumi is a rectangular lumbar cushion in a heavy natural linen with a single hand-painted brushstroke in charcoal across the front, so no two are quite the same. The back is plain and the edges are knife-finished with no piping. It is spare, textural and sits well on a low sofa or at the head of a futon.","14 x 24 in lumbar | 100% linen, natural, hand-painted with water-based pigment | Feather-and-down insert included | Hidden zip; dry clean only to protect the brushwork | Each piece is unique | Made in Japan",japandi,linen | feather | down,neutral | black,natural linen | charcoal,sofa styling | lumbar support | gift,living room | bedroom,,,,budget,lumbar | hand-painted | linen | wabi-sabi | one of a kind,Natural / charcoal:yes | Charcoal / natural:yes,http://localhost:3002/marlow/mw-liv-34.jpg,http://localhost:3002/marlow/p/sumi-linen-cushion
mw-liv-35,Tangerine Bouclé Cushion,,,Living,Throws & cushions,59,,"The Tangerine is a round 18-inch cushion in a nubby wool-blend bouclé with a fabric-covered button pulled into the centre, in burnt orange, chocolate and cream. The looped texture catches light unevenly and feels like a sheep's fleece under your hand. It is a small, chunky, cheerful thing that belongs on a curved chair.","18 in round, 4 in deep | Wool-polyester bouclé cover, centre button | Polyester fibre insert included | Hidden zip; spot clean only | Made in China",retro-70s,bouclé | wool blend,warm | neutral,burnt orange | chocolate | cream,chair styling | color pop | gift,living room | bedroom,,,,budget,bouclé | round cushion | retro | textured | gift,Burnt orange:yes | Chocolate:yes | Cream:no,http://localhost:3002/marlow/mw-liv-35.jpg,http://localhost:3002/marlow/p/tangerine-boucle-cushion
mw-liv-36,Rivet Steel Mirror,,,Living,Wall art & mirrors,329,,"The Rivet is a tall rectangular mirror in a 1-inch blackened steel frame with exposed hex-head rivets at each corner and a lightly distressed, hand-waxed finish. The glass is 5 mm with a bevelled edge, and the whole thing can lean against a wall or hang from heavy-duty D-rings. It is plain, heavy and looks right in a hallway with concrete floors.","W 24 in x H 60 in x D 1.5 in | Hot-rolled steel frame, blackened and waxed | 5 mm mirror glass with 1/2 in bevel, MDF backing | Two D-ring hangers; can also lean | Weight 42 lb; wall anchors included | Made in India",industrial,steel | glass,black,black steel,entryway | full length | loft,entryway | bedroom | living room,,,,mid,full length mirror | steel frame | leaning | loft | riveted,24 x 60 in:yes | 30 x 72 in:yes:+120,http://localhost:3002/marlow/mw-liv-36.jpg,http://localhost:3002/marlow/p/rivet-steel-mirror
mw-liv-37,Fan Fluted Brass Mirror,,,Living,Wall art & mirrors,395,,"The Fan is a half-round wall mirror with a brass frame worked into radiating flutes, so the mirror sits inside a sunburst of ridged metal. The brass is brushed and lacquered to keep its warmth without tarnishing, and the mirror is a clear, high-silver glass. It is a polished, geometric piece for above a console or a fireplace with a velvet chair nearby.","W 36 in x H 20 in x D 2 in | Brass-plated steel frame, brushed and lacquered | 4 mm mirror glass | Flush-mount keyhole hanger | Weight 14 lb; wall anchors included | Made in India",art-deco-glam,brass | glass,warm,brushed brass,above console | entryway | statement piece,entryway | living room | bedroom,,,,mid,fluted | brass | half round | art deco | statement piece,Brushed brass:yes | Polished nickel:no,http://localhost:3002/marlow/mw-liv-37.jpg,http://localhost:3002/marlow/p/fan-fluted-brass-mirror
mw-liv-38,Arc Walnut Mirror,,,Living,Wall art & mirrors,279,,"The Arc is an arched wall mirror in a slim solid walnut frame, steam-bent around the top and finished with a hand-rubbed oil that brings out the grain. The frame is just an inch wide, so the shape does the talking. It is warm and organic, and it brings a little mid-century softness to a hallway or above a low sideboard.","W 22 in x H 40 in x D 1 in | Solid American walnut frame, steam-bent arch, oiled | 4 mm mirror glass with a flat polished edge | Two D-ring hangers | Weight 11 lb | Made in Vietnam",mid-century,walnut | glass,earth,walnut,entryway | above sideboard | bedroom,entryway | bedroom | living room,,,,mid,arched mirror | walnut | steam-bent | organic | warm,Walnut:yes | White oak:yes,http://localhost:3002/marlow/mw-liv-38.jpg,http://localhost:3002/marlow/p/arc-walnut-mirror
mw-liv-39,Menagerie Print Set (Set of 3),,,Living,Wall art & mirrors,189,225,"The Menagerie set is three giclée prints of oversized gouache animals, a tiger, a flamingo and a leopard, each on a different saturated ground of cobalt, hot pink and mustard. They come matted in white and framed in a glossy black lacquer that nods at chinoiserie. Hang them in a row or scatter them into a gallery wall that already has too much going on.","Three prints, each 16 x 20 in framed, 11 x 14 in image | Archival giclée on 310 gsm cotton rag paper | Gloss black lacquered wood frames with acrylic glazing | White 8-ply mat; sawtooth hangers | Printed in Oregon; framed in Vermont",maximalist-eclectic,paper | lacquered wood | acrylic,bold,cobalt | hot pink | mustard | black,gallery wall | color pop | gift,living room | kids room | home office,,,,mid,print set | gallery wall | bold color | framed | sale,Black lacquer:yes | Natural oak:yes,http://localhost:3002/marlow/mw-liv-39.jpg,http://localhost:3002/marlow/p/menagerie-print-set
mw-liv-40,Enso Ink Print,,,Living,Wall art & mirrors,145,,"The Enso is a single sumi-ink circle printed in large format on heavyweight washi paper, with the brush's dry edges and uneven ink load preserved from the original painting. It is mounted on a solid black-stained oak hanger bar at top and bottom, so it hangs like a scroll with no glass. It is quiet, graphic and gives a wall one thing to look at.","W 24 in x H 36 in | Archival pigment print on 120 gsm washi | Solid oak hanger bars, black stain, with cotton cord | No glass; keep out of direct sun and damp | Printed in Japan; bars made in Vietnam",japandi,washi paper | oak,black | white,ink | natural white,focal wall | calm space | gift,living room | bedroom | home office,,,,mid,ink | scroll | washi | minimal | calm,Black oak bars:yes | Natural oak bars:yes,http://localhost:3002/marlow/mw-liv-40.jpg,http://localhost:3002/marlow/p/enso-ink-print
mw-bed-01,Harbor Linen Duvet Set,,,Bedroom,Bedding,198,,"A duvet cover and two shams in 100% European flax linen, stonewashed so it arrives soft and gets softer with every wash. The weave is loose enough to breathe through warm nights and the natural slubs catch light the way a breezy, sun-filled room does. It drapes in a relaxed rumple that never needs ironing and suits anyone who wants their bed to look lived-in and calm.","100% European flax linen, 165 gsm, OEKO-TEX certified | Set includes duvet cover and two pillow shams (one for Twin) | Queen duvet cover: 90"" x 92""; King: 106"" x 92"" | Hidden button closure, interior corner ties | Machine wash cold, tumble dry low; expect light wrinkling | Woven and sewn in Portugal",coastal,linen,white | cool,white | sea salt | fog blue,hot sleepers | low-iron bedding | summer,bedroom,,,,mid,linen | breathable | stonewashed | oeko-tex | relaxed,Twin:yes:-40 | Full:yes:-20 | Queen:yes | King:yes:+40,http://localhost:3002/marlow/mw-bed-01.jpg,http://localhost:3002/marlow/p/harbor-linen-duvet-set
mw-bed-02,Fjell Percale Sheet Set,,,Bedroom,Bedding,129,,"A crisp 270-thread-count percale woven from long-staple cotton, finished with a clean 1-inch hem and nothing else. It sleeps cool and matte, with the fresh, hotel-sheet snap you get when you shake it out. In white, pale grey and a quiet mist green, it is the sort of bedding that disappears into a pale, uncluttered room.","100% long-staple cotton percale, 270 thread count | Set includes fitted sheet, flat sheet and two pillowcases (one for Twin) | Fitted sheet pocket depth 16"" with full elastic | Queen fitted: 60"" x 80""; Queen flat: 92"" x 102"" | Machine wash warm, tumble dry low; softens with washing | Woven in Portugal",scandi-minimal,cotton,white | neutral,white | stone grey | mist,hot sleepers | everyday | guest room,bedroom | kids room,,,,mid,percale | crisp | cooling | long-staple | essentials,Twin:yes:-30 | Full:yes:-10 | Queen:yes | King:yes:+30,http://localhost:3002/marlow/mw-bed-02.jpg,http://localhost:3002/marlow/p/fjell-percale-sheet-set
mw-bed-03,Sato Washed Cotton Sheet Set,,,Bedroom,Bedding,118,,"A garment-washed cotton with a soft, slightly crinkled hand and a low, matte finish that reads calm rather than crisp. We dye it in muted stoneware tones, charcoal, clay and an undyed natural, so the bed sits quietly under whatever you layer on top. It feels like a favorite worn-in shirt and suits a spare, low-slung room where texture does the talking.","100% cotton, garment washed, 200 thread count | Set includes fitted sheet, flat sheet and two pillowcases (one for Twin) | Fitted sheet pocket depth 15"" | Queen fitted: 60"" x 80""; Queen flat: 90"" x 100"" | Machine wash cold, line dry or tumble low; no ironing needed | Made in India",japandi,cotton,neutral | earth,natural | clay | charcoal,everyday | low-iron bedding | year-round,bedroom,,,,mid,washed cotton | wabi-sabi | matte | soft | low-maintenance,Twin:yes:-28 | Full:yes:-10 | Queen:yes | King:no:+30,http://localhost:3002/marlow/mw-bed-03.jpg,http://localhost:3002/marlow/p/sato-washed-cotton-sheet-set
mw-bed-04,Oriel Velvet Quilt,,,Bedroom,Bedding,238,,"A cotton velvet quilt stitched in a fluted channel pattern that catches lamplight in long, polished lines. The face is a dense, short-pile velvet in emerald, sapphire and a deep gold, backed with cotton sateen and filled with a light cotton batting so it layers over a duvet without weight. It brings a glossy, jewel-box richness to a bed and looks best with brass and dark wood nearby.","Face: 100% cotton velvet; back: cotton sateen; fill: 100% cotton batting | Channel quilting on 2"" repeat | Queen: 92"" x 96""; King: 108"" x 96"" | Spot clean or dry clean recommended | Shams sold separately | Made in India",art-deco-glam,cotton velvet | cotton,bold | warm,emerald | sapphire | antique gold,layering | statement bed | gift,bedroom,,,,premium,velvet | fluted | jewel tone | statement | layering,Full/Queen:yes | King:yes:+40,http://localhost:3002/marlow/mw-bed-04.jpg,http://localhost:3002/marlow/p/oriel-velvet-quilt
mw-bed-05,Meadowbrook Gingham Quilt Set,,,Bedroom,Bedding,168,215,"A yarn-dyed cotton gingham quilt in a small 1/4-inch check, hand-guided quilted in a simple diamond and bound in cream. It is lightweight enough for summer on its own and cozy folded at the foot of a wool-blanketed bed in winter. The checks come in a faded red, a soft sage and a sun-worn blue, and the whole set feels like a farmhouse guest room done right.","100% cotton yarn-dyed gingham face and back; cotton batting fill | Set includes quilt and two matching shams (one for Twin) | Twin: 68"" x 88""; Full/Queen: 90"" x 92""; King: 108"" x 92"" | Pre-washed for a lived-in, puckered texture | Machine wash cold, tumble dry low | Made in Portugal",cottage-rustic,cotton,warm | pastel,barn red | sage | chambray blue,guest room | summer | layering | kids room,bedroom | kids room,,,,mid,gingham | farmhouse | quilt | cozy | yarn-dyed,Twin:yes:-38 | Full/Queen:yes | King:yes:+40,http://localhost:3002/marlow/mw-bed-05.jpg,http://localhost:3002/marlow/p/meadowbrook-gingham-quilt-set
mw-bed-06,Casbah Block-Print Duvet Set,,,Bedroom,Bedding,178,,"A hand block-printed cotton duvet set made in Jaipur, where carved teak blocks are pressed one at a time so no two covers are quite the same. The pattern is a loose, repeating medallion in terracotta or indigo over a natural ground, and the cotton is a soft 200-thread-count voile that breathes. It layers happily with jute, rattan and a stack of mismatched cushions, and it only gets better as it fades.","100% cotton, 200 thread count, hand block-printed with azo-free dyes | Set includes duvet cover and two pillow shams (one for Twin) | Queen duvet cover: 90"" x 92""; King: 106"" x 92"" | Button closure, interior corner ties | Machine wash cold separately for first two washes; tumble low | Printed and sewn in Jaipur, India",boho-global,cotton,earth | bold,terracotta | indigo | natural,layering | collected look | year-round,bedroom,,,,mid,block print | handmade | pattern | artisan | layered,Twin:yes:-40 | Full:yes:-20 | Queen:yes | King:yes:+40,http://localhost:3002/marlow/mw-bed-06.jpg,http://localhost:3002/marlow/p/casbah-block-print-duvet-set
mw-bed-07,Tangier Sateen Sheet Set,,,Bedroom,Bedding,158,,"A 400-thread-count cotton sateen with a silky, lustrous face, dyed in colors most sheet brands are too timid to try: a saturated magenta, a mossy chartreuse and a deep peacock. The weave has a cool, slippery drape and takes dye richly, so the bed becomes the loudest and most pleasurable thing in the room. Clash it with a patterned quilt and a lacquered nightstand and let it be a bit much.","100% long-staple cotton sateen, 400 thread count | Set includes fitted sheet, flat sheet and two pillowcases (one for Twin) | Fitted sheet pocket depth 17"", all-around elastic | Queen fitted: 60"" x 80""; Queen flat: 94"" x 104"" | Machine wash cold with like colors, tumble dry low | Woven in Portugal",maximalist-eclectic,cotton sateen,bold,magenta | chartreuse | peacock,statement bed | color lovers | year-round,bedroom,,,,mid,sateen | saturated color | silky | bold | clashing,Twin:yes:-35 | Full:no:-15 | Queen:yes | King:yes:+35,http://localhost:3002/marlow/mw-bed-07.jpg,http://localhost:3002/marlow/p/tangier-sateen-sheet-set
mw-bed-08,Lull Down Alternative Pillow,,,Bedroom,Bedding,65,,"A plump, hypoallergenic pillow filled with fine-denier recycled polyester clusters that mimic the loft and give of down without the feathers. The shell is a smooth 300-thread-count cotton with a quiet piped edge, and it comes in three fills so side, back and stomach sleepers each get the right height. It is the unfussy, clean-lined pillow we put in every bed photo, and most people buy two.","Fill: recycled polyester microfiber clusters (GRS certified); shell: 100% cotton, 300 thread count | Standard: 20"" x 26""; King: 20"" x 36"" | Soft (approx. 22 oz), Medium (approx. 28 oz) and Firm (approx. 34 oz) fills in Standard | Machine washable, tumble dry low with dryer balls | Hypoallergenic; no feathers, no quills | Made in the USA",scandi-minimal | japandi,cotton | recycled polyester,white,white,allergy-friendly | side sleepers | guest room | everyday,bedroom | kids room,,,,budget,pillow | hypoallergenic | machine washable | essentials | recycled fill,Standard / Soft:yes | Standard / Medium:yes | Standard / Firm:yes | King / Medium:yes:+20,http://localhost:3002/marlow/mw-bed-08.jpg,http://localhost:3002/marlow/p/lull-down-alternative-pillow
mw-bed-09,Lowell Walnut Platform Bed,,,Bedroom,Bed frames,1295,,"A low, solid American black walnut platform bed with a gently curved headboard and slim tapered legs that lift the whole frame off the floor. The grain runs continuously across the headboard panels, finished with a hand-rubbed oil that deepens the chocolate tones over time. It has the quiet, organic confidence of a 1960s studio piece and pairs naturally with brass lamps and olive or mustard textiles.","Solid American black walnut with walnut veneer headboard panels | Queen: 64"" W x 86"" L x 36"" H; platform height 12""; headboard 36"" | No box spring needed; solid poplar slats spaced 2.5"" apart with center support leg | Weight capacity 800 lb | Hand-rubbed natural oil finish; wipe with a damp cloth, re-oil yearly | Assembles in about 45 minutes with included tools; made in Vietnam",mid-century,walnut | poplar,warm | earth,walnut,small bedroom | no box spring | long-term investment,bedroom,,,,premium,walnut | platform bed | solid wood | tapered legs | low profile,Twin:yes:-400 | Full:yes:-200 | Queen:yes | King:yes:+300,http://localhost:3002/marlow/mw-bed-09.jpg,http://localhost:3002/marlow/p/lowell-walnut-platform-bed
mw-bed-10,Foundry Steel Bed Frame,,,Bedroom,Bed frames,795,,"A welded square-tube steel frame in a matte blackened finish, with a headboard of reclaimed Douglas fir planks still showing old saw marks and nail holes. The hardware is left exposed on purpose, a row of hex bolts along each rail, and the whole thing feels like it was built for a converted loft. It is heavier than it looks, dead silent under movement, and suits a room with concrete, brick or a lot of windows.","Frame: 1.5"" square-tube steel, powder-coated matte black; headboard: reclaimed Douglas fir, clear matte sealant | Queen: 63"" W x 84"" L x 44"" H; rail height 14"" | Steel slat system included, no box spring needed | Weight capacity 1,000 lb | Exposed stainless hex-bolt hardware; adjustable leveling feet | Assembles in about 40 minutes; made in Mexico",industrial,steel | reclaimed wood,black | earth,matte black | reclaimed fir,loft | heavy-duty | no box spring,bedroom,,,,mid,steel | reclaimed wood | loft | exposed hardware | heavy-duty,Twin:yes:-250 | Full:yes:-120 | Queen:yes | King:no:+200,http://localhost:3002/marlow/mw-bed-10.jpg,http://localhost:3002/marlow/p/foundry-steel-bed-frame
mw-bed-11,Kumo Low Platform Bed,,,Bedroom,Bed frames,1095,,"A floor-hugging platform bed in solid white oak with a wide, flat surround that extends 8 inches past the mattress on each side, where a cup of tea or a stack of books can sit. The headboard is a single plain slab, no carving, no upholstery, finished in a matte water-based lacquer in natural oak or a smoky black stain that shows the grain. It makes a room feel lower, calmer and more deliberate.","Solid white oak frame and headboard; oak-veneered engineered side ledges | Queen: 80"" W x 92"" L x 28"" H; platform height 9""; ledge width 8"" each side | Solid oak slats spaced 2"" apart, no box spring needed | Weight capacity 750 lb | Matte water-based lacquer finish, low VOC | Assembles in about 60 minutes; made in Vietnam",japandi,white oak,neutral | black,natural oak | black oak,low profile | minimalist bedroom | no nightstands,bedroom,,,,premium,oak | low platform | ledge | minimal | solid wood,Full / Natural oak:yes:-150 | Queen / Natural oak:yes | Queen / Black oak:yes | King / Natural oak:yes:+250 | King / Black oak:yes:+250,http://localhost:3002/marlow/mw-bed-11.jpg,http://localhost:3002/marlow/p/kumo-low-platform-bed
mw-bed-12,Belair Bouclé Bed,,,Bedroom,Bed frames,1150,1395,"A fully upholstered bed with a tall, pillowy curved headboard and rounded rails, wrapped in a chunky looped bouclé that begs to be leaned against. The cream and oatmeal fabrics read soft and warm; the burnt orange is a full commitment to a 1970s mood. Low chrome-capped feet peek out from under the skirtless base, and the whole shape is groovy without being a costume.","Kiln-dried hardwood frame; high-resilience foam and polyester fiber padding | Upholstery: 65% polyester / 35% acrylic bouclé, 55,000 double rubs | Queen: 68"" W x 88"" L x 48"" H; headboard thickness 7"" | Metal slat system with center support, no box spring needed; weight capacity 700 lb | Spot clean with mild soap; vacuum with brush attachment | Assembles in about 30 minutes; made in Vietnam",retro-70s,bouclé | hardwood | chrome,neutral | warm,cream | oatmeal | burnt orange,reading in bed | soft headboard | statement bed,bedroom,,,,premium,bouclé | upholstered | curved | chunky | 70s,Full:yes:-150 | Queen:yes | King:yes:+250,http://localhost:3002/marlow/mw-bed-12.jpg,http://localhost:3002/marlow/p/belair-boucle-bed
mw-bed-13,Ashby Oak Nightstand,,,Bedroom,Nightstands,295,,"A pale, pared-back nightstand in solid white oak with a single soft-close drawer and an open shelf below, sized so a lamp, a glass of water and a book fit without crowding. The drawer front is a flush panel with a routed finger pull, so there is no hardware to catch the eye. It is light on its feet, easy to live with and quietly tidy.","Solid white oak with oak-veneered drawer bottom; matte lacquer finish | 20"" W x 16"" D x 24"" H; drawer interior 16"" x 12"" x 4"" | Soft-close undermount drawer slide | Open lower shelf, 7"" clearance | Wipe with a damp cloth | Arrives fully assembled; made in Lithuania",scandi-minimal,white oak,neutral,natural oak | white oak,small bedroom | bedside storage | pairs,bedroom | kids room,,,,mid,oak | soft-close | pale wood | minimal | fully assembled,Natural oak:yes | White-oiled oak:yes,http://localhost:3002/marlow/mw-bed-13.jpg,http://localhost:3002/marlow/p/ashby-oak-nightstand
mw-bed-14,Rook Rattan Nightstand,,,Bedroom,Nightstands,225,,"A mango wood nightstand with a hand-woven natural rattan cane drawer front and open cane side panels that let light and air through. The honey-toned wood is finished with a soft matte wax, and the woven texture keeps it from feeling heavy next to a bed layered with block prints and jute. It looks collected rather than bought, and it ages gracefully in a sunny room.","Solid mango wood frame; natural rattan cane webbing on drawer front and sides | 19"" W x 15"" D x 23"" H; one drawer, one open shelf | Matte wax finish; wood tone varies piece to piece | Keep away from direct heat; dust cane with a soft brush | Arrives fully assembled | Handmade in Indonesia",boho-global,mango wood | rattan,warm | earth,honey | natural rattan,bedside storage | light and airy | collected look,bedroom,,,,mid,rattan | cane | mango wood | handwoven | textured,Honey:yes | Dark walnut stain:no,http://localhost:3002/marlow/mw-bed-14.jpg,http://localhost:3002/marlow/p/rook-rattan-nightstand
mw-bed-15,Monarch Fluted Nightstand,,,Bedroom,Nightstands,395,,"A two-drawer nightstand with vertically fluted drawer fronts, a polished Carrara marble top and slim brushed-brass legs. The body comes in a deep forest green or a near-black lacquer, and the fluting throws fine shadows that shift through the day. It is polished, a little theatrical, and the right bedside for a velvet quilt and a brass lamp.","Engineered wood body with fluted solid-ash drawer fronts; lacquer finish | Top: 20 mm honed Carrara marble, sealed | 22"" W x 16"" D x 25"" H; two soft-close drawers | Brushed brass-plated steel legs and drawer pulls | Wipe marble with a damp cloth; avoid acidic cleaners | Legs attach in 10 minutes; made in Vietnam",art-deco-glam,marble | brass | ash,bold | black,forest green | ink black | brass,bedside storage | statement piece | hosting,bedroom,,,,premium,fluted | marble | brass | lacquer | glam,Forest green:yes | Ink black:yes,http://localhost:3002/marlow/mw-bed-15.jpg,http://localhost:3002/marlow/p/monarch-fluted-nightstand
mw-bed-16,Dalton Walnut Nightstand,,,Bedroom,Nightstands,329,389,"A compact walnut nightstand with a gently bowed drawer front, a slim brass lip pull and tapered legs splayed just enough to look like it is about to take a step. The top has a raised lip around the back edge so pens and phones stay put. It is a warm, low-slung companion to a platform bed and reads as period-correct without being a reproduction.","Solid walnut legs and frame; walnut veneer over engineered wood case | 18"" W x 15"" D x 22"" H; one drawer with brass pull | Open lower cubby, 8"" clearance | Hand-rubbed oil finish; re-oil yearly | Legs attach with four bolts; made in Vietnam",mid-century,walnut | brass,warm,walnut | brass,small bedroom | bedside storage | pairs,bedroom,,,,mid,walnut | tapered legs | brass pull | compact | mid-century,Walnut:yes | Walnut / White drawer:yes,http://localhost:3002/marlow/mw-bed-16.jpg,http://localhost:3002/marlow/p/dalton-walnut-nightstand
mw-bed-17,Nimbus Paper Table Lamp,,,Bedroom,Bedroom lighting,118,,"A bedside lamp with a soft, rounded shade of handmade washi paper stretched over a bent-ash ring, sitting on a short oak or black-stained ash base. The paper diffuses a warm 2700K glow with no hot spots, the kind of light that makes a room feel hushed. It is calm, spare and easy to reach for, and a dimmer on the cord lets you take it almost all the way down.","Shade: handmade washi paper on bent-ash ring; base: solid oak or black-stained ash | 11"" diameter x 14"" H | E26 socket, max 40W; includes 6W dimmable LED bulb, 2700K | In-line rotary dimmer on 6 ft fabric cord | Dust shade with a dry cloth; keep away from moisture | Made in Japan",japandi | scandi-minimal,washi paper | oak | ash,white | neutral,white | natural oak | black,bedside | reading | ambient light | small space,bedroom | living room,,,,mid,paper lamp | dimmable | warm light | handmade | calm,Oak:yes | Black ash:yes,http://localhost:3002/marlow/mw-bed-17.jpg,http://localhost:3002/marlow/p/nimbus-paper-table-lamp
mw-bed-18,Marigold Mushroom Lamp,,,Bedroom,Bedroom lighting,148,,"A squat mushroom lamp with a domed metal shade and a chunky stem in a glossy enamel, offered in burnt orange, chocolate brown and a creamy off-white. The shade throws light down in a warm pool and bounces a halo up the wall, which is exactly what you want from a 1970s bedside. It is a small, cheerful object with real weight to it, and the chrome rim and smoked-glass diffuser are the details people notice.","Spun steel shade and base, glossy powder-coat enamel; chrome-plated rim | 9"" diameter x 11"" H | Smoked glass diffuser disc under the shade | E12 socket, max 25W; includes 4W LED bulb, 2400K | Touch dimmer on base, three levels | Made in China",retro-70s,steel | chrome | smoked glass,warm | bold,burnt orange | chocolate | cream,bedside | ambient light | gift | small space,bedroom | living room | home office,,,,mid,mushroom lamp | 70s | chrome | touch dimmer | playful,Burnt orange:yes | Chocolate:yes | Cream:no,http://localhost:3002/marlow/mw-bed-18.jpg,http://localhost:3002/marlow/p/marigold-mushroom-lamp
mw-bed-19,Vesper Brass Wall Sconce,,,Bedroom,Bedroom lighting,215,,"A plug-in bedside sconce with a slim brass arm, a short fluted-glass shade and a backplate the size of a coaster, so it clears a nightstand entirely. The unlacquered brass starts bright and mellows to a soft, polished gold; the ribbed glass scatters light in fine lines across the wall. Hang a pair either side of the bed for a geometric, grown-up look that frees up bedside space.","Solid unlacquered brass arm and backplate; fluted clear or opal glass shade | Backplate 4"" diameter; projection 10""; shade 5"" diameter x 6"" H | Plug-in with 8 ft brass-sheathed cord and in-line switch; hardwire kit included | E12 socket, max 40W; dimmable LED bulb included, 2700K | Polish or leave to patina; wipe glass with a damp cloth | Assembled in the USA",art-deco-glam | mid-century,brass | glass,warm,unlacquered brass | clear glass | opal,bedside | reading | wall mounted | small nightstand,bedroom | living room | entryway,,,,premium,sconce | brass | fluted glass | plug-in | pairs,Clear fluted:yes | Opal fluted:yes,http://localhost:3002/marlow/mw-bed-19.jpg,http://localhost:3002/marlow/p/vesper-brass-wall-sconce
mw-bed-20,Crane Swing-Arm Reading Light,,,Bedroom,Bedroom lighting,169,,"A wall-mounted reading light with a double-jointed blackened steel arm that reaches 20 inches over the bed and folds flat against the wall when you are done. The cone shade is spun steel with exposed brass screws and a knurled brass switch, and the raw, utilitarian look suits a room with brick, concrete or an old factory window. It puts a tight, bright beam on the page and leaves the rest of the bed dark.","Blackened steel arm and spun-steel shade, matte powder coat; solid brass hardware | Arm reach 20"" fully extended; shade 5"" diameter x 6"" L; backplate 4.5"" square | Plug-in with 8 ft black fabric cord; hardwire-ready | E26 socket, max 60W; includes 8W dimmable LED bulb, 3000K | Knurled brass rotary switch on backplate | Made in India",industrial,steel | brass,black,matte black | brass,reading | bedside | wall mounted | task light,bedroom | home office | living room,,,,mid,swing arm | reading light | blackened steel | plug-in | task,Matte black:yes | Raw steel:yes,http://localhost:3002/marlow/mw-bed-20.jpg,http://localhost:3002/marlow/p/crane-swing-arm-reading-light
mw-kit-01,Harlan Enameled Cast Iron Dutch Oven,,,Kitchen & dining,Cookware,189,,"A 5.5-quart cast iron pot with a satin enamel glaze in farmhouse colors, built for slow braises, no-knead bread and Sunday soups. The heavy lid traps steam and the wide loop handles clear oven mitts with room to spare. It lives on the stovetop between meals and looks right doing so in a warm, cozy kitchen.","Capacity 5.5 qt / 5.2 L; 10.25 in diameter, 4.5 in deep | Cast iron with three-layer porcelain enamel; cream interior | Oven safe to 500°F; works on gas, electric and induction | Hand wash recommended; dishwasher safe but enamel will dull over time | Weight 12.4 lb with lid | Made in France",cottage-rustic | coastal,cast iron | porcelain enamel,warm | earth,oatmeal | sage | flame | sea salt,braising | bread baking | hosting | batch cooking,kitchen | dining room,,,,premium,cast iron | slow cooking | gift | heirloom | oven to table,Oatmeal:yes | Sage:yes | Flame:yes | Sea Salt:no,http://localhost:3002/marlow/mw-kit-01.jpg,http://localhost:3002/marlow/p/harlan-enameled-cast-iron-dutch-oven
mw-kit-02,Nakata Carbon Steel Skillet,,,Kitchen & dining,Cookware,78,,"A spun carbon steel pan with a riveted black steel handle and a blued-metal finish that darkens with every use. It heats fast, sears hard and gets more non-stick the longer you own it, like a cast iron pan that weighs half as much. Spare and utilitarian, it hangs on a rail and suits a calm, pared-back kitchen.","10 in diameter (8.25 in cooking surface), 1.75 in deep; 12 in size also available | 2 mm carbon steel; pre-seasoned with flaxseed oil | Induction, gas, electric and open-flame compatible; oven safe to 600°F | Hand wash only, dry immediately and oil lightly; never dishwasher | Weight 2.9 lb (10 in) | Made in Japan",japandi | industrial,carbon steel,black,blued steel | black,searing | everyday cooking | camping | small apartment,kitchen,,,,mid,carbon steel | pre-seasoned | lightweight | high heat | hangs on rail,10 in:yes | 12 in:yes:+20,http://localhost:3002/marlow/mw-kit-02.jpg,http://localhost:3002/marlow/p/nakata-carbon-steel-skillet
mw-kit-03,Lindqvist Stainless Saucepan,,,Kitchen & dining,Cookware,95,,"A 3-quart tri-ply saucepan with a brushed stainless body and a pale ash wood handle that stays cool on the stovetop. The straight sides and tight-fitting lid make it the pan for rice, grains, sauces and reheating soup, and the brushed finish hides water spots. Quiet and clean, it was designed to sit on open shelving without asking for attention.","Capacity 3 qt / 2.8 L; 7.5 in diameter, 4.25 in deep | Tri-ply 18/10 stainless steel with full aluminum core | Oiled ash handle on a stainless tang; lid in stainless with ash knob | Body is dishwasher safe; hand wash the handle to preserve the wood | Induction compatible; oven safe to 350°F | Made in Portugal",scandi-minimal,stainless steel | ash wood,neutral,brushed steel | pale ash,everyday cooking | grains and sauces | open shelving | small apartment,kitchen,,,,mid,tri-ply | wood handle | induction | minimal | open shelving,1.5 qt:yes:-25 | 3 qt:yes | 4 qt:yes:+20,http://localhost:3002/marlow/mw-kit-03.jpg,http://localhost:3002/marlow/p/lindqvist-stainless-saucepan
mw-kit-04,Orla Enameled Steel Stockpot,,,Kitchen & dining,Cookware,89,110,"An 8-quart enameled steel pot in burnt orange with a cream interior and a chunky cream-capped knob, lifted from the pots your grandmother boiled pasta in. It is light enough to carry full to the sink and the glossy glaze wipes clean of tomato sauce. Warm, a little groovy and happy to be left out on the back burner.","Capacity 8 qt / 7.6 L; 10 in diameter, 7.5 in deep | Carbon steel body with vitreous enamel inside and out | Lid included; phenolic knob rated to 400°F | Dishwasher safe; avoid metal utensils on the enamel | Weight 4.6 lb with lid | Made in Turkey",retro-70s,enameled steel,warm,burnt orange | cream | olive,pasta night | stock and soup | batch cooking | hosting,kitchen,,,,mid,enamel | retro | lightweight | big batch | colorful,Burnt Orange:yes | Cream:yes | Olive:yes,http://localhost:3002/marlow/mw-kit-04.jpg,http://localhost:3002/marlow/p/orla-enameled-steel-stockpot
mw-kit-05,Volta Ceramic Nonstick Fry Pan,,,Kitchen & dining,Cookware,55,,"A cast aluminum fry pan with a PFAS-free ceramic coating and an exterior that comes in cobalt, pomegranate and chartreuse, with a bakelite handle in a clashing second color. Eggs slide, cleanup is a rinse, and the pan weighs less than a bag of flour. It is the loud, playful piece on a stove full of grey.","10 in diameter, 2 in deep; 8 in size also available | Cast aluminum body with sol-gel ceramic nonstick interior; no PTFE or PFAS | Stay-cool bakelite handle; oven safe to 350°F | Dishwasher safe; hand washing extends the coating's life | Induction compatible via bonded stainless base | Weight 1.9 lb (10 in)",maximalist-eclectic,cast aluminum | ceramic coating,bold,cobalt | pomegranate | chartreuse,eggs and pancakes | everyday cooking | first apartment | quick cleanup,kitchen,,,,budget,nonstick | pfas-free | colorful | lightweight | easy clean,Cobalt:yes | Pomegranate:yes | Chartreuse:no,http://localhost:3002/marlow/mw-kit-05.jpg,http://localhost:3002/marlow/p/volta-ceramic-nonstick-fry-pan
mw-kit-06,Fenwick Copper Sauté Pan,,,Kitchen & dining,Cookware,185,,"A 3.5-quart sauté pan in polished copper with a brass handle and a tin-lined interior that responds to the flame the moment you touch the dial. It develops a soft rose patina if you let it and polishes back to a mirror if you don't. Glamorous enough to hang on the wall, serious enough to make a proper pan sauce.","Capacity 3.5 qt / 3.3 L; 11 in diameter, 2.5 in deep | 2 mm solid copper with hand-tinned interior; cast brass handle and lid knob | Not induction compatible; gas and electric only; oven safe to 450°F | Hand wash only; polish with copper cream to keep the shine | Weight 4.1 lb with lid | Made in Italy",art-deco-glam,copper | brass | tin,warm,polished copper | brass,pan sauces | hosting | display cookware | gift,kitchen,,,,premium,copper | brass | statement piece | gift | hand-tinned,Polished:yes | Hammered:yes:+25,http://localhost:3002/marlow/mw-kit-06.jpg,http://localhost:3002/marlow/p/fenwick-copper-saute-pan
mw-kit-07,Ridge Stoneware Dinner Plate (Set of 4),,,Kitchen & dining,Tableware & ceramics,68,,"Four wheel-thrown stoneware plates with a low lip and a speckled Oat glaze that pools slightly darker toward the center. The clay is a dark-firing stoneware, so each unglazed foot ring shows the iron underneath, and no two plates match exactly. Calm, matte and quietly imperfect, they make an ordinary weeknight look considered.","10.5 in diameter, 1 in rim height; set of 4 | Iron-rich stoneware clay, reduction-fired to cone 10 | Glazes: Oat (speckled cream), Ink (satin black), Ash (pale grey) | Dishwasher and microwave safe; oven safe to 400°F | Slight variation in glaze and form is part of the piece | Made in Portugal",japandi | scandi-minimal,stoneware,neutral | black,oat | ink | ash,everyday dining | hosting | wedding registry | open shelving,dining room | kitchen,,,,mid,hand-glazed | speckled | wabi-sabi | registry | set of 4,Oat:yes | Ink:yes | Ash:yes,http://localhost:3002/marlow/mw-kit-07.jpg,http://localhost:3002/marlow/p/ridge-stoneware-dinner-plate-set-of-4
mw-kit-08,Mabry Stoneware Cereal Bowl (Set of 4),,,Kitchen & dining,Tableware & ceramics,48,,"Four deep, generous bowls in a glossy cream glaze with a hand-painted stripe at the rim in cornflower blue or barn red. They take porridge, chili and a pint of ice cream equally well and stack without rattling. Homely, cheerful and heavy enough in the hand to feel like something that will outlast the kitchen.","6.25 in diameter, 3 in tall; holds 24 oz / 710 ml; set of 4 | Buff stoneware clay with a lead-free glossy cream glaze | Rim stripe hand-painted under the glaze, so it will not wear off | Dishwasher, microwave and freezer safe | Made in Portugal",cottage-rustic,stoneware,white | cool,cream | cornflower blue | barn red,breakfast | soup and chili | family kitchen | everyday dining,kitchen | dining room,,,,budget,farmhouse | hand-painted | stackable | family | set of 4,Cornflower Stripe:yes | Barn Red Stripe:yes,http://localhost:3002/marlow/mw-kit-08.jpg,http://localhost:3002/marlow/p/mabry-stoneware-cereal-bowl-set-of-4
mw-kit-09,Tide Porcelain Dinnerware Set (16-Piece),,,Kitchen & dining,Tableware & ceramics,168,198,"A four-place setting in thin, light porcelain with an organic coupe edge, glazed in a watery Seafoam that fades to white at the rim. It reads like beach glass on a linen tablecloth and is thin enough to feel refined without being precious. Airy and bright, it suits a dining room that gets a lot of morning light.","Includes 4 dinner plates (10.75 in), 4 salad plates (8.5 in), 4 bowls (7 in, 28 oz), 4 mugs (12 oz) | High-fired porcelain, chip-resistant and non-porous | Glazes: Seafoam, Sand, White | Dishwasher, microwave and oven safe to 350°F | Open stock available for replacements | Made in Portugal",coastal,porcelain,cool | pastel,seafoam | sand | white,wedding registry | hosting | everyday dining | beach house,dining room | kitchen,,,,premium,dinnerware set | porcelain | registry | coupe | open stock,Seafoam:yes | Sand:yes | White:yes,http://localhost:3002/marlow/mw-kit-09.jpg,http://localhost:3002/marlow/p/tide-porcelain-dinnerware-set-16-piece
mw-kit-10,Sunniva Pasta Bowl (Set of 4),,,Kitchen & dining,Tableware & ceramics,60,,"Four wide, shallow bowls in a matte white or pale grey glaze with a clean, unfussy rim and nothing else to look at. The shape holds a nest of pasta, a grain bowl or a Saturday salad and gives you room to get a fork under it. Soft, pale and restful, it disappears into a quiet table so the food can do the talking.","9 in diameter, 2 in deep; holds 32 oz / 950 ml; set of 4 | White stoneware clay with a satin-matte glaze | Glazes: Chalk (white), Fog (pale grey) | Dishwasher and microwave safe | Stackable to 1.5 in per bowl | Made in Portugal",scandi-minimal,stoneware,white | neutral,chalk | fog,pasta night | grain bowls | everyday dining | small apartment,dining room | kitchen,,,,mid,matte | minimal | stackable | pasta bowl | set of 4,Chalk:yes | Fog:yes,http://localhost:3002/marlow/mw-kit-10.jpg,http://localhost:3002/marlow/p/sunniva-pasta-bowl-set-of-4
mw-kit-11,Bellamy Terracotta Serving Platter,,,Kitchen & dining,Tableware & ceramics,58,,"A long oval platter in red terracotta clay with a hand-painted border of white dashes and dots, glazed only on the inside so the rough clay shows at the edge. It carries roasted vegetables, a whole fish or a spread of mezze from oven to the middle of the table. Earthy, textured and a little sun-faded, like something carried home from a market.","16 in long, 10 in wide, 1.75 in deep | Red terracotta clay, interior glazed in Bone white with hand-painted motif | Oven safe to 400°F; not microwave safe (unglazed exterior) | Hand wash; the unglazed rim will absorb water and dry naturally | Each piece painted by hand; motifs vary | Made in Tunisia",boho-global,terracotta,earth | warm,terracotta | bone,hosting | family style serving | mezze | oven to table,dining room | kitchen,,,,mid,terracotta | hand-painted | serving | global | oven to table,Dash:yes | Dot:yes,http://localhost:3002/marlow/mw-kit-11.jpg,http://localhost:3002/marlow/p/bellamy-terracotta-serving-platter
mw-kit-12,Juno Dessert Plate (Set of 4),,,Kitchen & dining,Tableware & ceramics,58,,"Four scalloped-edge dessert plates, each in a different high-gloss glaze: Emerald, Fuchsia, Saffron and Lapis, with a hand-painted gold squiggle across the center. They are for cake, for cheese, for a 4 pm biscuit, and for a table where nothing is expected to match. Bold, playful and more is more.","8 in diameter with 12-point scalloped rim; set of 4 (one of each color) | White earthenware with lead-free gloss glazes | 22k gold luster accent; hand wash only, not microwave safe | Stackable; slight glaze pooling at the scallops is normal | Made in Portugal",maximalist-eclectic,earthenware | gold luster,bold,emerald | fuchsia | saffron | lapis,dessert | cheese course | gift | mixed table,dining room,,,,mid,scalloped | gold accent | colorful | gift | set of 4,Mixed Set:yes,http://localhost:3002/marlow/mw-kit-12.jpg,http://localhost:3002/marlow/p/juno-dessert-plate-set-of-4
mw-kit-13,Atlas Reactive Glaze Mug (Set of 4),,,Kitchen & dining,Tableware & ceramics,40,,"Four tapered mugs with a squared-off handle and a reactive glaze that breaks from mustard to olive, or teal to walnut brown, where the clay is thinnest. The shape tips back toward the diner mugs of the 1960s, with a slightly flared lip that drinks well. Warm, retro and a little different each time you pull one from the cupboard.","Holds 12 oz / 355 ml; 3.75 in tall, 3.25 in diameter | Buff stoneware with a two-tone reactive glaze; set of 4 in one colorway | Colorways: Mustard/Olive, Teal/Walnut | Dishwasher and microwave safe | Reactive glaze means variation between mugs is expected | Made in Portugal",mid-century,stoneware,warm | earth,mustard | olive | teal | walnut brown,morning coffee | gift | everyday | open shelving,kitchen | dining room,,,,budget,reactive glaze | retro | mug | gift | set of 4,Mustard / Olive:yes | Teal / Walnut:yes,http://localhost:3002/marlow/mw-kit-13.jpg,http://localhost:3002/marlow/p/atlas-reactive-glaze-mug-set-of-4
mw-kit-14,Solenne Gilded Side Plate (Set of 4),,,Kitchen & dining,Tableware & ceramics,88,,"Four fine bone china side plates with a fluted rim and a hand-applied band of burnished gold, in Noir, Emerald or Ivory. The fluting catches candlelight in a way flat plates never do, and the china rings when you tap it. Polished, geometric and made for the dinner party you keep meaning to throw.","8.5 in diameter with 24 flutes; set of 4 | Bone china, translucent at the rim | 22k gold band applied by hand and fired a third time | Hand wash only; not microwave safe | Gift boxed | Made in Portugal",art-deco-glam,bone china | gold,black | bold,noir | emerald | ivory | gold,dinner party | gift | wedding registry | holiday table,dining room,,,,premium,fluted | gold rim | bone china | gift boxed | set of 4,Noir:yes | Emerald:no | Ivory:yes,http://localhost:3002/marlow/mw-kit-14.jpg,http://localhost:3002/marlow/p/solenne-gilded-side-plate-set-of-4
mw-kit-15,Foundry Stoneware Serving Bowl,,,Kitchen & dining,Tableware & ceramics,65,,"A deep, straight-sided serving bowl in a grey stoneware that looks like poured concrete, with a raw unglazed exterior and a slick charcoal glaze inside. The heft is real: this is a bowl for a family-size salad or a mound of roast potatoes, set down with a thud in the middle of a reclaimed-wood table. Raw, honest and built like something from a workshop.","11 in diameter, 4.5 in deep; holds 4 qt / 3.8 L | Grey stoneware with grog for texture; exterior left unglazed and sanded smooth | Interior satin charcoal glaze | Dishwasher safe; unglazed exterior may show water marks briefly | Weight 4.2 lb | Made in Portugal",industrial,stoneware,neutral | black,concrete grey | charcoal,family style serving | salad | hosting | loft kitchen,dining room | kitchen,,,,mid,unglazed | concrete look | serving bowl | heavy | loft,Concrete:yes | Rust:yes,http://localhost:3002/marlow/mw-kit-15.jpg,http://localhost:3002/marlow/p/foundry-stoneware-serving-bowl
mw-kit-16,Soren Stemless Wine Glass (Set of 4),,,Kitchen & dining,Glassware,48,,"Four stemless glasses in thin, seamless crystal with a gently tapered bowl that works for a Riesling at lunch and water with dinner. The walls are fine enough to feel light in the hand but the base is weighted so they do not tip on a linen cloth. Clear, quiet and easy to stack in a small cupboard.","Holds 15 oz / 445 ml; 4.5 in tall, 3.25 in widest diameter; set of 4 | Lead-free crystal glass, machine blown with a laser-cut rim | Dishwasher safe on the top rack | Weight 5.6 oz each | Made in Slovakia",scandi-minimal | japandi,crystal glass,neutral,clear,everyday wine | water glass | small apartment | hosting,dining room | kitchen,,,,mid,stemless | crystal | dishwasher safe | everyday | set of 4,Clear:yes | Smoke:yes:+5,http://localhost:3002/marlow/mw-kit-16.jpg,http://localhost:3002/marlow/p/soren-stemless-wine-glass-set-of-4
mw-kit-17,Ember Smoked Glass Tumbler (Set of 4),,,Kitchen & dining,Glassware,45,55,"Four chunky tumblers in smoked amber or bronze glass with a slightly bulged profile and a thick base, pulled straight from a 1970s sideboard bar. They turn an ordinary iced coffee or whisky soda the color of late afternoon. Warm, curved and heavy enough to feel like something.","Holds 11 oz / 325 ml; 3.75 in tall, 3.25 in diameter; set of 4 | Soda-lime glass, color through the body (not a coating) | Colors: Amber, Bronze, Olive | Dishwasher safe | Weight 9.5 oz each | Made in Turkey",retro-70s,glass,warm | earth,amber | bronze | olive,cocktails | iced coffee | bar cart | everyday,dining room | kitchen | living room,,,,budget,smoked glass | retro | bar cart | tumbler | set of 4,Amber:yes | Bronze:yes | Olive:no,http://localhost:3002/marlow/mw-kit-17.jpg,http://localhost:3002/marlow/p/ember-smoked-glass-tumbler-set-of-4
mw-kit-18,Marin Recycled Glass Tumbler (Set of 6),,,Kitchen & dining,Glassware,38,,"Six hand-blown tumblers made from 100% recycled bottles, with a faint sea-green tint and the tiny bubbles that come with it. They are tall enough for iced tea and sturdy enough to carry out to the porch in a stack. Light-filled, breezy and the kind of glass you stop worrying about.","Holds 13 oz / 385 ml; 4.75 in tall, 3 in diameter; set of 6 | 100% post-consumer recycled glass, hand blown; bubbles and slight size variation are normal | Tints: Sea Green, Clear, Sky | Dishwasher safe | Made in Mexico",coastal,recycled glass,cool | pastel,sea green | clear | sky,everyday | outdoor dining | iced drinks | beach house,kitchen | dining room | balcony,,,,budget,recycled | hand blown | casual | outdoor | set of 6,Sea Green:yes | Clear:yes | Sky:no,http://localhost:3002/marlow/mw-kit-18.jpg,http://localhost:3002/marlow/p/marin-recycled-glass-tumbler-set-of-6
mw-kit-19,Vesper Fluted Coupe (Set of 2),,,Kitchen & dining,Glassware,58,,"A pair of champagne coupes with a vertically fluted bowl, a faceted stem and an optional gilded rim, modeled on the glasses in a 1930s hotel bar. The ridges throw light around the table and the wide bowl is just as good for a gimlet as it is for fizz. Polished, geometric and a reason to open the good bottle.","Holds 7 oz / 210 ml; 6 in tall, 4 in diameter; set of 2 | Lead-free crystal, mouth blown and hand cut | Clear or with 24k gold rim | Hand wash only (gold rim); clear version is top-rack dishwasher safe | Gift boxed | Made in Czech Republic",art-deco-glam,crystal glass | gold,neutral | warm,clear | gold rim,cocktails | celebration | gift | bar cart,dining room | living room,,,,mid,fluted | coupe | gold rim | gift boxed | set of 2,Clear:yes | Gold Rim:yes:+12,http://localhost:3002/marlow/mw-kit-19.jpg,http://localhost:3002/marlow/p/vesper-fluted-coupe-set-of-2
mw-kit-20,Bastion Heavy-Base Rocks Glass (Set of 4),,,Kitchen & dining,Glassware,35,,"Four straight-sided rocks glasses with a thick, slightly off-level base that looks like it was cast rather than blown. The glass is clear and heavy, with a faint grey cast, and takes a large ice cube with room for two fingers of whatever. Utilitarian, unornamented and right at home on a steel bar cart.","Holds 10 oz / 295 ml; 3.5 in tall, 3.25 in diameter; set of 4 | Pressed soda-lime glass with a 1 in solid base | Dishwasher safe | Weight 14 oz each | Made in USA",industrial,glass,neutral,clear | smoke grey,whisky | cocktails | bar cart | everyday,kitchen | dining room | living room,,,,budget,rocks glass | heavy base | whisky | made in usa | set of 4,Clear:yes | Smoke Grey:yes,http://localhost:3002/marlow/mw-kit-20.jpg,http://localhost:3002/marlow/p/bastion-heavy-base-rocks-glass-set-of-4
mw-kit-21,Tamsin Walnut End-Grain Cutting Board,,,Kitchen & dining,Utensils & boards,120,,"A thick end-grain board in black walnut, with a checkered pattern that comes from how the blocks are glued up rather than any stain. End grain is kind to knives and heals its own cut marks, and the walnut deepens to a dark chocolate with oil. Low, warm and organic, it stays out on the counter as the thing people lean on while you cook.","16 x 12 x 1.75 in; 14 x 10 size also available | Solid black walnut, end-grain construction; rubber feet on the underside | Finished with food-grade mineral oil and beeswax | Hand wash and dry upright; re-oil monthly; never dishwasher or soaked | Weight 8.5 lb (16 x 12) | Made in USA",mid-century,walnut,earth | warm,walnut,everyday prep | serving | gift | wedding registry,kitchen,,,,premium,end grain | walnut | knife friendly | heirloom | gift,14 x 10 in:yes:-30 | 16 x 12 in:yes,http://localhost:3002/marlow/mw-kit-21.jpg,http://localhost:3002/marlow/p/tamsin-walnut-end-grain-cutting-board
mw-kit-22,Kiso Hinoki Cutting Board,,,Kitchen & dining,Utensils & boards,68,,"A single plank of pale Japanese cypress, planed smooth and left unfinished so the wood's faint lemon scent comes through when it gets wet. Hinoki is soft enough to be gentle on a sharp knife and naturally resists bacteria, which is why Japanese kitchens have used it for centuries. Spare, pale and calm, it is a board for someone who owns one good knife.","15 x 9.5 x 1 in | Solid hinoki (Japanese cypress), single plank, no glue or finish | Hand wash with cold water and dry on edge; never soak or dishwasher | Will lighten and mark with use; sand lightly to refresh | Weight 2.1 lb | Made in Japan",japandi,hinoki cypress,neutral | white,pale cypress,everyday prep | sushi and vegetables | small apartment | gift,kitchen,,,,mid,hinoki | japanese | single plank | knife friendly | unfinished wood,Standard:yes | Large:yes:+24,http://localhost:3002/marlow/mw-kit-22.jpg,http://localhost:3002/marlow/p/kiso-hinoki-cutting-board
mw-kit-23,Hearth Acacia Serving Board,,,Kitchen & dining,Utensils & boards,40,,"A long, live-edge board in acacia with a tan-and-walnut grain that runs like a map, finished with a hand-wrapped jute cord through the handle hole. It was made for a cheese spread, a loaf of bread or a row of tacos passed down a crowded table. Layered, textured and happy to sit on a stack of other boards.","20 x 8 in, 0.75 in thick, with a natural live edge on one side | Solid acacia with a food-safe oil finish; jute hanging cord | Hand wash and dry; re-oil every few months | Grain and edge vary piece to piece | Made in Indonesia",boho-global | cottage-rustic,acacia | jute,earth | warm,acacia | tan,cheese board | bread | hosting | gift,kitchen | dining room,,,,budget,live edge | acacia | serving board | cheese board | gift,Live Edge:yes | Straight Edge:yes,http://localhost:3002/marlow/mw-kit-23.jpg,http://localhost:3002/marlow/p/hearth-acacia-serving-board
mw-kit-24,Bergen Ash Utensil Set (Set of 5),,,Kitchen & dining,Utensils & boards,45,,"Five pale ash utensils turned from a single species of wood so they all age together: a spatula, a slotted turner, a spoon, a tasting spoon and a stirring paddle. The handles are slim, oval and sanded to a soft hand, and the whole set stands in the included crock. Clean, quiet and light in the hand, the way a wooden spoon should be.","Spatula 12.5 in, slotted turner 12 in, spoon 12 in, paddle 11 in, tasting spoon 7 in | Solid European ash with a food-safe linseed oil finish | Includes a matte white stoneware crock, 5.5 in tall | Hand wash and air dry; re-oil as needed; not dishwasher safe | Made in Lithuania",scandi-minimal,ash wood | stoneware,neutral | white,pale ash | white,everyday cooking | first apartment | gift | nonstick safe,kitchen,,,,mid,ash | utensil set | with crock | minimal | set of 5,Ash:yes | Smoked Ash:yes:+8,http://localhost:3002/marlow/mw-kit-24.jpg,http://localhost:3002/marlow/p/bergen-ash-utensil-set-set-of-5
mw-kit-25,Hollowell Beech Bread Board,,,Kitchen & dining,Utensils & boards,48,,"A paddle-shaped board in pale steamed beech with a long handle, a hanging hole and a shallow crumb groove routed around the edge. It is the right size for a sourdough loaf and the right look for hanging on a hook by the stove. Homely, cream-toned and a little old-fashioned, in the best way.","22 x 9 in including handle, 0.75 in thick | Solid steamed beech with a food-safe oil finish | Crumb groove on the cutting face; hanging hole in the handle | Hand wash and dry on edge; re-oil every few months | Weight 1.8 lb | Made in Romania",cottage-rustic,beech,neutral | warm,pale beech,bread | serving | hanging storage | gift,kitchen,,,,mid,bread board | beech | farmhouse | hangs on hook | crumb groove,Natural:yes | Dark Wax:no,http://localhost:3002/marlow/mw-kit-25.jpg,http://localhost:3002/marlow/p/hollowell-beech-bread-board
mw-kit-26,Lisle Washed Linen Napkin (Set of 4),,,Kitchen & dining,Table linens,38,,"Four generously sized napkins in stonewashed European flax, with a raw-edge hem that frays softly with washing. They come in sand, sea blue and white, the palette of a beach house in October, and get softer and more rumpled every time they go through the machine. Airy, breezy and fine to leave slightly creased.","20 x 20 in; set of 4 | 100% European flax linen, stonewashed; 185 gsm | Colors: Sand, Sea Blue, White, Oat Stripe | Machine wash cold, tumble dry low; no need to iron | Oeko-Tex certified | Made in Portugal",coastal | scandi-minimal,linen,neutral | cool,sand | sea blue | white | oat stripe,everyday table | hosting | beach house | gift,dining room | kitchen,,,,budget,linen | stonewashed | raw edge | napkins | set of 4,Sand:yes | Sea Blue:yes | White:yes | Oat Stripe:yes,http://localhost:3002/marlow/mw-kit-26.jpg,http://localhost:3002/marlow/p/lisle-washed-linen-napkin-set-of-4
mw-kit-27,Marigold Block-Print Tablecloth,,,Kitchen & dining,Table linens,78,95,"A heavy cotton tablecloth hand block-printed in Jaipur with a repeating marigold-and-vine motif in terracotta and indigo on a natural ground. The print is slightly uneven at the edges, which is how you know it was stamped by hand, and the cotton drapes with real weight. Collected, layered and warm, it turns a plain table into the center of the room.","Rectangle 60 x 90 in (seats 6) or 60 x 120 in (seats 8) | 100% cotton canvas, 220 gsm, hand block-printed with azo-free dyes | Colorways: Terracotta, Indigo | Machine wash cold on gentle, line dry; colors will soften with washing | Made in India",boho-global,cotton,earth | bold,terracotta | indigo | natural,hosting | holiday table | everyday table | gift,dining room,,,,mid,block print | hand printed | global | tablecloth | fair trade,"Terracotta, 60 x 90 in:yes | Terracotta, 60 x 120 in:yes:+22 | Indigo, 60 x 90 in:yes | Indigo, 60 x 120 in:no:+22",http://localhost:3002/marlow/mw-kit-27.jpg,http://localhost:3002/marlow/p/marigold-block-print-tablecloth
mw-kit-28,Thistle Gingham Table Runner,,,Kitchen & dining,Table linens,35,,"A yarn-dyed cotton runner in a half-inch gingham check, with a simple folded hem and a ticking stripe on the reverse so it can be flipped. It is the runner for a pine kitchen table, a jar of wildflowers and a pie cooling in the middle. Cozy, homely and already worn in.","14 x 72 in; 14 x 108 in also available | 100% cotton, yarn-dyed gingham front, ticking stripe back | Colors: Sage Check, Butter Check, Navy Check | Machine wash warm, tumble dry; iron on medium if you must | Made in Portugal",cottage-rustic,cotton,pastel | warm,sage | butter | navy | cream,everyday table | farmhouse kitchen | picnic | gift,dining room | kitchen,,,,budget,gingham | reversible | farmhouse | table runner | cotton,"Sage Check, 72 in:yes | Butter Check, 72 in:yes | Navy Check, 72 in:yes | Sage Check, 108 in:yes:+12",http://localhost:3002/marlow/mw-kit-28.jpg,http://localhost:3002/marlow/p/thistle-gingham-table-runner
mw-kit-29,Carnival Jacquard Napkin (Set of 4),,,Kitchen & dining,Table linens,45,,"Four cotton-linen napkins woven on a jacquard loom with an oversized leopard-and-stripe pattern in magenta, tangerine and plum, each one finished with a contrasting mitered border. They are built to be mixed with the florals, the gold flatware and whatever plates you fell in love with on vacation. Bold, playful and loud at the table in the best way.","18 x 18 in; set of 4 in one pattern | 55% linen, 45% cotton jacquard; 240 gsm | Patterns: Leopard (magenta/tangerine), Stripe (plum/tangerine) | Machine wash cold, tumble dry low; may be ironed on reverse | Made in Portugal",maximalist-eclectic,linen | cotton,bold,magenta | tangerine | plum,dinner party | mixed table | gift | holiday table,dining room,,,,mid,jacquard | leopard | colorful | napkins | set of 4,Leopard:yes | Stripe:yes,http://localhost:3002/marlow/mw-kit-29.jpg,http://localhost:3002/marlow/p/carnival-jacquard-napkin-set-of-4
mw-kit-30,Hask Striped Linen Placemat (Set of 4),,,Kitchen & dining,Table linens,38,,"Four heavyweight linen placemats woven with wide bands of burnt orange, chocolate and cream, in the proportions of a 1970s kitchen curtain. The linen is thick enough to lie flat under a plate and the stripes run lengthwise so they line up down a long table. Warm, chunky and groovy without trying too hard.","14 x 19 in; set of 4 | 100% European linen, yarn-dyed stripe; 320 gsm | Colorways: Sunset (orange/brown/cream), Moss (olive/brown/cream) | Machine wash cold, tumble dry low; iron on reverse for a crisp finish | Made in Lithuania",retro-70s,linen,warm | earth,burnt orange | chocolate | cream | olive,everyday table | hosting | small apartment | gift,dining room | kitchen,,,,budget,striped | linen | retro | placemats | set of 4,Sunset:yes | Moss:yes,http://localhost:3002/marlow/mw-kit-30.jpg,http://localhost:3002/marlow/p/hask-striped-linen-placemat-set-of-4
mw-kit-31,Halden Stoneware Pour-Over Dripper,,,Kitchen & dining,Coffee & tea,48,,"A cone-shaped pour-over in black stoneware with a thick wall that holds heat through the bloom and a single ridge inside for even drainage. It sits on any mug or carafe and takes a standard size 02 paper filter. Slow, low and spare, it belongs to a quiet morning rather than a rushed one.","Fits size 02 cone filters; brews 1 to 2 cups (up to 20 oz / 600 ml) | 4.5 in tall, 4.75 in diameter at the rim | Black stoneware with a matte Ink glaze inside and out; Oat also available | Dishwasher safe | Includes 20 unbleached paper filters | Made in Japan",japandi,stoneware,black | neutral,ink | oat,morning coffee | slow brewing | small apartment | gift,kitchen,,,,mid,pour over | stoneware | coffee | gift | slow mornings,Ink:yes | Oat:yes,http://localhost:3002/marlow/mw-kit-31.jpg,http://localhost:3002/marlow/p/halden-stoneware-pour-over-dripper
mw-kit-32,Elba Brass French Press,,,Kitchen & dining,Coffee & tea,95,,"A 34-ounce French press with a fluted brass-finish stainless housing, a polished black knob and a borosilicate glass beaker you can see the bloom through. The ridges run top to bottom like a column and the plunger has a satisfying weight. Polished and a little theatrical, it belongs on a tray next to the good cups.","Capacity 34 oz / 1 L (8 cups); 9.5 in tall, 4 in diameter | Stainless steel housing with PVD brass finish; borosilicate glass beaker | Double-mesh stainless filter; replacement beaker available | Beaker and filter are dishwasher safe; hand wash the housing | Also in 17 oz / 500 ml | Gift boxed",art-deco-glam,stainless steel | brass finish | borosilicate glass,warm | black,brass | black,morning coffee | hosting brunch | gift | bar cart,kitchen | dining room,,,,premium,french press | brass | fluted | gift boxed | coffee,34 oz:yes | 17 oz:yes:-20,http://localhost:3002/marlow/mw-kit-32.jpg,http://localhost:3002/marlow/p/elba-brass-french-press
mw-kit-33,Orbit Stoneware Teapot,,,Kitchen & dining,Coffee & tea,75,88,"A squat, round-bellied teapot in a glossy mustard or olive glaze, with a tapered spout, a bent walnut handle and a stainless infuser basket that lifts out with one finger. It pours clean and holds four cups, which is exactly enough for two people and a second round. Warm, curvy and a little bit 1962.","Holds 32 oz / 950 ml (4 cups); 5.5 in tall, 7.5 in spout to handle | Stoneware body with lead-free gloss glaze; removable stainless infuser | Bent solid walnut handle with brass fittings | Hand wash the pot to protect the handle; infuser is dishwasher safe | Glazes: Mustard, Olive, Teal | Made in Portugal",mid-century,stoneware | walnut | stainless steel,warm | earth,mustard | olive | teal | walnut,afternoon tea | loose leaf | gift | hosting,kitchen | dining room,,,,mid,teapot | walnut handle | infuser | retro | gift,Mustard:yes | Olive:yes | Teal:no,http://localhost:3002/marlow/mw-kit-33.jpg,http://localhost:3002/marlow/p/orbit-stoneware-teapot
mw-kit-34,Ferro Stovetop Kettle,,,Kitchen & dining,Coffee & tea,68,,"A 1.7-liter stovetop kettle in powder-coated black steel with exposed rivets, a walnut-wrapped handle and a gooseneck spout slow enough for pour-over. It whistles, it works on induction, and it looks like it came out of a machine shop. Raw, utilitarian and built to sit on the back burner for a decade.","Capacity 57 oz / 1.7 L; 9 in tall, 8.5 in spout to handle | 18/8 stainless steel body with matte black powder coat; walnut handle grip | Gooseneck spout; removable whistle cap | Works on gas, electric and induction; hand wash the exterior | Weight 2.4 lb | Finishes: Matte Black, Raw Steel",industrial,stainless steel | walnut,black | neutral,matte black | raw steel | walnut,pour over | tea | everyday | loft kitchen,kitchen,,,,mid,kettle | gooseneck | induction | matte black | stovetop,Matte Black:yes | Raw Steel:yes,http://localhost:3002/marlow/mw-kit-34.jpg,http://localhost:3002/marlow/p/ferro-stovetop-kettle
mw-kit-35,Zahra Hand-Painted Espresso Cup (Set of 4),,,Kitchen & dining,Coffee & tea,38,,"Four small handleless cups in red terracotta, each painted by hand with a different geometric pattern in cobalt, ochre and white over a cream slip. They hold a double shot or a pour of mint tea and stack into a short, cheerful tower on the counter. Collected, textured and a reminder of somewhere warmer.","Holds 3 oz / 90 ml; 2.5 in tall, 2.5 in diameter; set of 4 (patterns vary) | Terracotta clay with cream slip and hand-painted underglaze; clear gloss glaze | Dishwasher safe on the top rack; microwave safe | Patterns are painted freehand and no two cups are alike | Made in Morocco",boho-global,terracotta,earth | bold,terracotta | cobalt | ochre | cream,espresso | mint tea | gift | small apartment,kitchen | dining room,,,,budget,hand-painted | espresso | terracotta | global | set of 4,Mixed Patterns:yes | Cobalt Only:yes,http://localhost:3002/marlow/mw-kit-35.jpg,http://localhost:3002/marlow/p/zahra-hand-painted-espresso-cup-set-of-4
mw-lgt-01,Arlo Arc Floor Lamp,,,Lighting,Floor lamps,298,,"A long, low-slung arc in brushed brass that reaches over a sofa or reading chair from a weighted walnut-capped base. The smoked-glass dome throws a warm, pooled light rather than a glare, so it reads like a 1960s den after dark. Suits a mid-century living room that needs overhead light without the ceiling work.","Bulb: 1 x E26, max 60W (LED recommended), dimmable with a compatible bulb | Shade: smoked glass dome, 12 in diameter | Dimensions: 78 in H x 54 in reach x 12 in base diameter | Base: cast iron with walnut veneer cap, 28 lb | Cord: 8 ft fabric-wrapped cord with inline foot dimmer | Wipe with a dry cloth; assembled in Portugal",mid-century | retro-70s,brass | smoked glass | walnut | cast iron,warm | earth,brushed brass | smoke | walnut,over the sofa | reading corner | no ceiling fixture,living room | home office,,,,premium,arc lamp | statement piece | dimmable | reading light,Brass:yes | Black:yes | Nickel:no,http://localhost:3002/marlow/mw-lgt-01.jpg,http://localhost:3002/marlow/p/arlo-arc-floor-lamp
mw-lgt-02,Haldane Tripod Floor Lamp,,,Lighting,Floor lamps,129,,"Three tapered legs of pale solid ash hold a wide, soft-white linen drum at reading height. The light is quiet and diffuse, the kind that makes a pale, uncluttered room feel calm at night. Light enough to carry from the sofa to the bedroom, it suits small apartments and airy, light-filled rooms.","Bulb: 1 x E26, max 60W, dimmable with a compatible bulb | Shade: washed linen over a white polypropylene liner, 18 in diameter x 11 in H | Dimensions: 58 in H x 22 in W at the feet | Legs: solid ash with a clear matte lacquer, 9 lb total | Cord: 6 ft cord with inline rocker switch | Spot clean the shade; assembled in Vietnam",scandi-minimal | coastal,ash | linen,white | neutral,natural ash | white linen,small apartment | reading corner | soft ambient light,living room | bedroom,,,,budget,tripod | small space | linen shade | light wood,White linen:yes | Natural linen:yes | Soft grey:yes,http://localhost:3002/marlow/mw-lgt-02.jpg,http://localhost:3002/marlow/p/haldane-tripod-floor-lamp
mw-lgt-03,Foundry Floor Lamp,,,Lighting,Floor lamps,219,259,"A blackened-steel column on a block of reclaimed oak, topped with a swiveling spun-metal shade and visible knurled hardware. It has the raw, utilitarian look of a workshop task light and throws a focused beam wherever you aim it. Made for a loft, a studio desk, or anyone who likes their lighting exposed rather than dressed up.","Bulb: 1 x E26, max 75W, dimmable with a compatible bulb | Shade: spun steel with a matte black exterior and white interior, 10 in diameter, swivels 180 degrees | Dimensions: 64 in H x 14 in W x 12 in D | Base: reclaimed white oak block with exposed bolt heads, 16 lb | Cord: 7 ft black braided cord with inline rotary dimmer | Steel wiped with oil at the factory; made in India",industrial,blackened steel | reclaimed oak,black | earth,matte black | reclaimed oak,loft | task lighting | studio,living room | home office,,,,mid,loft | task light | reclaimed wood | sale,Black:yes | Aged brass:yes | Raw steel:yes,http://localhost:3002/marlow/mw-lgt-03.jpg,http://localhost:3002/marlow/p/foundry-floor-lamp
mw-lgt-04,Sable Paper Floor Lamp,,,Lighting,Floor lamps,178,,"A tall, narrow column of hand-folded washi paper on a slim black-stained oak frame, with the paper left slightly uneven so each one is a little different. It glows rather than shines, filling a corner with a soft, even light that makes a spare room feel settled. For a calm bedroom or a low, quiet living room with very little else in it.","Bulb: 2 x E26, max 40W each (LED recommended), dimmable with compatible bulbs | Shade: mulberry washi paper on a steel wire frame, fire-retardant treated | Dimensions: 60 in H x 11 in W x 11 in D | Frame: solid oak, black-stained or natural, 7 lb | Cord: 6 ft cord with inline step dimmer (3 levels) | Dust with a soft brush; keep away from damp; made in Japan",japandi,washi paper | oak | steel,white | black,natural paper | black oak,ambient light | calm bedroom | corner lamp,bedroom | living room,,,,mid,paper lantern | wabi-sabi | ambient | handmade,Black oak:yes | Natural oak:yes,http://localhost:3002/marlow/mw-lgt-04.jpg,http://localhost:3002/marlow/p/sable-paper-floor-lamp
mw-lgt-05,Castellan Fluted Floor Lamp,,,Lighting,Floor lamps,349,,"A fluted brass column rises from a disc of honed Carrara marble to a wide pleated shade in deep emerald velvet. Every detail is polished and geometric, and the shade turns the light a rich, flattering gold once evening sets in. A glamorous anchor for a formal living room or a bedroom that leans into jewel tones.","Bulb: 1 x E26, max 100W (LED recommended), dimmable with a compatible bulb | Shade: pleated cotton velvet over a gold-lined interior, 20 in diameter x 12 in H | Dimensions: 66 in H x 20 in W | Base: honed Carrara marble, 11 in diameter, 24 lb; fluted solid brass column | Cord: 8 ft gold fabric-wrapped cord with inline foot switch | Dust the shade with a lint brush; marble is sealed; assembled in Portugal",art-deco-glam,brass | marble | velvet,warm | bold,polished brass | emerald | white marble,formal living room | statement piece | hosting,living room | bedroom | dining room,,,,premium,fluted | marble base | velvet shade | glam,Brass / emerald:yes | Brass / sapphire:yes | Nickel / black:yes | Brass / blush:no,http://localhost:3002/marlow/mw-lgt-05.jpg,http://localhost:3002/marlow/p/castellan-fluted-floor-lamp
mw-lgt-06,Juniper Rattan Table Lamp,,,Lighting,Table lamps,118,,"A rounded terracotta stoneware base with a hand-woven rattan shade that scatters warm, dappled light across the wall at night. It looks like something picked up on a trip and lived with for years, relaxed and textured, and it pairs easily with jute, plants and layered cottons. For a sideboard, a bedside, or a sunny reading spot.","Bulb: 1 x E26, max 60W, dimmable with a compatible bulb | Shade: hand-woven natural rattan, open weave, 14 in diameter x 9 in H | Dimensions: 22 in H x 14 in W | Base: glazed stoneware, 6 lb; felt pad underneath | Cord: 6 ft natural cotton-braided cord with inline rocker switch | Dust the rattan with a soft brush; shade woven in Indonesia, base thrown in Portugal",boho-global,rattan | stoneware,earth | warm,terracotta | natural rattan,bedside | sideboard | warm ambient light,bedroom | living room | entryway,,,,budget,rattan | hand-woven | textured | gift,Terracotta:yes | Sand:yes | Olive:yes,http://localhost:3002/marlow/mw-lgt-06.jpg,http://localhost:3002/marlow/p/juniper-rattan-table-lamp
mw-lgt-07,Wren Stoneware Table Lamp,,,Lighting,Table lamps,139,,"A pot-bellied stoneware base in a creamy, speckled glaze under a gathered gingham cotton shade. It is homely and a little old-fashioned in the best way, the sort of lamp that makes a farmhouse kitchen corner or a guest bedroom feel cozy and cared for. Pairs well with pine, wool throws and a stack of well-read books.","Bulb: 1 x E26, max 60W, dimmable with a compatible bulb | Shade: gathered cotton gingham over a cotton liner, 13 in diameter x 9 in H | Dimensions: 20 in H x 13 in W | Base: hand-glazed reactive stoneware with a speckled cream finish, 5 lb | Cord: 6 ft cream fabric-wrapped cord with inline rocker switch | Shade spot clean only; each glaze varies slightly; base made in Portugal",cottage-rustic,stoneware | cotton,neutral | warm,cream | oatmeal gingham,guest bedroom | farmhouse kitchen | bedside,bedroom | kitchen | living room,,,,mid,hand-glazed | gingham | farmhouse | cozy,Oatmeal gingham:yes | Sage gingham:yes | Red gingham:yes,http://localhost:3002/marlow/mw-lgt-07.jpg,http://localhost:3002/marlow/p/wren-stoneware-table-lamp
mw-lgt-08,Zinnia Lacquer Table Lamp,,,Lighting,Table lamps,149,,"A chunky gourd-shaped base in high-gloss lacquer, in a color that refuses to blend in, topped with a scalloped-edge pleated shade. It is bold and playful and looks best when mixed with pattern, velvet and a few things from other decades. Buy one for a console, or two in clashing colors for a bedroom that is anything but quiet.","Bulb: 1 x E26, max 60W, dimmable with a compatible bulb | Shade: pleated cotton with a scalloped hem over a white liner, 14 in diameter x 9 in H | Dimensions: 23 in H x 14 in W | Base: resin with a hand-applied high-gloss lacquer, 6 lb | Cord: 6 ft cord with inline rocker switch | Wipe the base with a damp cloth; made in Vietnam",maximalist-eclectic,lacquer | resin | cotton,bold,cobalt | fuchsia | mustard | emerald,console lamp | color statement | bedside pair,living room | bedroom | entryway,,,,mid,lacquer | colorful | scalloped | statement piece,Cobalt:yes | Fuchsia:yes | Mustard:no | Emerald:yes,http://localhost:3002/marlow/mw-lgt-08.jpg,http://localhost:3002/marlow/p/zinnia-lacquer-table-lamp
mw-lgt-09,Orbit Mushroom Table Lamp,,,Lighting,Table lamps,229,,"A chunky mushroom lamp with a mirror-polished chrome stem and a hand-blown smoked-glass dome that glows a warm amber when lit. The curves are soft and unmistakably 1970s, and it takes a bedside or a bar cart from plain to groovy without trying too hard. Sits happily beside bouclé, walnut and a burnt-orange anything.","Bulb: 1 x E26, max 40W (LED recommended), dimmable with a compatible bulb | Shade: hand-blown smoked glass dome, 12 in diameter | Dimensions: 16 in H x 12 in W | Base: steel with a polished chrome plate, weighted, 8 lb | Cord: 6 ft clear cord with touch dimmer in the base (3 levels) | Glass varies slightly piece to piece; made in Poland",retro-70s | mid-century,chrome | smoked glass | steel,warm | neutral,chrome | smoke | amber,bedside | bar cart | mood lighting,bedroom | living room | dining room,,,,premium,mushroom lamp | smoked glass | touch dimmer | groovy,Chrome / smoke:yes | Brass / amber:yes | Black / smoke:yes,http://localhost:3002/marlow/mw-lgt-09.jpg,http://localhost:3002/marlow/p/orbit-mushroom-table-lamp
mw-lgt-10,Tove Oak Table Lamp,,,Lighting,Table lamps,89,,"A slim turned-oak stem on a flat disc base, with a short white linen drum that keeps the light low and even. Nothing is extra, and the pale wood and clean proportions make it almost disappear into a quiet bedroom or a tidy desk. The black-stained version reads a little more spare and calm, closer to a Japanese inn than a Scandinavian cabin.","Bulb: 1 x E26, max 40W, dimmable with a compatible bulb | Shade: white washed linen over a polypropylene liner, 10 in diameter x 7 in H | Dimensions: 17 in H x 10 in W | Base: solid white oak, turned and oiled, 3 lb | Cord: 6 ft white cord with inline rocker switch | Wipe the wood with a dry cloth; re-oil yearly; made in Lithuania",scandi-minimal | japandi,white oak | linen,white | neutral,white oak | white linen | black oak,bedside | desk lamp | small apartment,bedroom | home office | kids room,,,,budget,small space | light wood | minimal | bedside,White oak:yes | Black oak:yes,http://localhost:3002/marlow/mw-lgt-10.jpg,http://localhost:3002/marlow/p/tove-oak-table-lamp
mw-lgt-11,Marin Rope Pendant,,,Lighting,Pendants,168,,"A wide open dome wrapped in coils of natural jute rope, hung from a whitewashed oak canopy on a cotton-covered cord. In daylight it is pale, breezy and textured; at night the rope throws soft rings of light onto the ceiling. Hang it over a dining table in a beach house, or anywhere that wants to feel like one.","Bulb: 1 x E26, max 60W, dimmable with a compatible bulb and wall dimmer | Shade: hand-wrapped natural jute rope on a steel frame, 20 in diameter x 11 in H | Cord: 72 in natural cotton-covered cord, cut to length at install; hardwired | Canopy: whitewashed solid oak, 5 in diameter | Weight: 6 lb; suitable for 8 to 10 ft ceilings | Dust with a soft brush; shade wrapped in India",coastal | boho-global,jute | oak | cotton,neutral | earth,natural jute | whitewashed oak,over the dining table | beach house | kitchen island,dining room | kitchen | living room,,,,mid,rope | woven | airy | hardwired,Natural:yes | Bleached:yes,http://localhost:3002/marlow/mw-lgt-11.jpg,http://localhost:3002/marlow/p/marin-rope-pendant
mw-lgt-12,Ferrule Cage Pendant,,,Lighting,Pendants,125,,"An open wire cage of blackened steel with a knurled brass socket collar and a braided cord, built to show off a big filament bulb rather than hide it. It is raw and utilitarian, and it comes into its own hung in a row of three over a kitchen island or a workbench-style dining table. Made for lofts, exposed brick and anyone who prefers hardware to shades.","Bulb: 1 x E26, max 60W (vintage-style LED filament recommended, not included), dimmable with a compatible bulb and wall dimmer | Shade: powder-coated steel wire cage, 7 in diameter x 11 in H | Cord: 96 in black braided cord, adjustable at the canopy; hardwired | Canopy: 5 in steel disc with exposed screw heads, matched finish | Weight: 2 lb; suitable for 8 to 12 ft ceilings | Wipe with a dry cloth; made in India",industrial,blackened steel | brass,black,matte black | aged brass,kitchen island | loft | hang in a row,kitchen | dining room | home office,,,,budget,cage | loft | exposed bulb | hardwired,Black:yes | Aged brass:yes | Galvanized:no,http://localhost:3002/marlow/mw-lgt-12.jpg,http://localhost:3002/marlow/p/ferrule-cage-pendant
mw-lgt-13,Oona Fluted Glass Pendant,,,Lighting,Pendants,289,,"A hand-blown globe of deeply ribbed glass held in a polished brass collar, with a fluted brass stem and a matching domed canopy. Lit, the ribs break the light into bright, geometric bands across the ceiling, which is pure deco. Hang one over a round dining table or a pair above a bar, especially in a room with velvet, marble and a bit of nerve.","Bulb: 1 x E26, max 60W (globe LED recommended), dimmable with a compatible bulb and wall dimmer | Shade: hand-blown fluted glass globe, 12 in diameter | Stem: fluted solid brass, 3 ft rod, cuttable at install; hardwired | Canopy: 5 in domed brass canopy with fluted edge | Weight: 9 lb; suitable for 8 to 11 ft ceilings | Clean the glass with a microfiber cloth; made in Poland",art-deco-glam | maximalist-eclectic,glass | brass,warm | bold,polished brass | clear | smoke | amber,over the dining table | bar area | hosting,dining room | living room | entryway,,,,premium,fluted | hand-blown | glam | geometric,Brass / clear:yes | Brass / amber:yes | Black / smoke:yes | Nickel / opal:yes,http://localhost:3002/marlow/mw-lgt-13.jpg,http://localhost:3002/marlow/p/oona-fluted-glass-pendant
mw-lgt-14,Hearth Enamel Pendant,,,Lighting,Pendants,129,159,"A classic farmhouse dome in cream enameled steel with a contrasting black rim and a white interior that bounces a warm, generous light downward. It is homely and practical, the kind of fixture that belongs over a scrubbed pine table or a deep kitchen sink. Mixes easily with stoneware, gingham and wool.","Bulb: 1 x E26, max 75W, dimmable with a compatible bulb and wall dimmer | Shade: spun steel with a baked enamel finish, 14 in diameter x 8 in H | Cord: 72 in black cloth-covered cord, adjustable at the canopy; hardwired | Canopy: 5 in enameled steel disc, matched to the shade | Weight: 4 lb; suitable for 8 to 10 ft ceilings | Wipe with a damp cloth; made in Turkey",cottage-rustic,enameled steel,neutral | warm,cream | sage | black,over the kitchen table | farmhouse kitchen | over the sink,kitchen | dining room,,,,budget,farmhouse | enamel | kitchen | sale,Cream:yes | Sage:yes | Black:yes,http://localhost:3002/marlow/mw-lgt-14.jpg,http://localhost:3002/marlow/p/hearth-enamel-pendant
mw-lgt-15,Kaede Paper Pendant,,,Lighting,Pendants,198,,"A large, softly squashed sphere of hand-pleated washi paper suspended from a slim black-stained oak ring on a black cord. The light is milky and even, with no hot spot, and the slightly irregular pleats give it a quiet, handmade calm. For a low dining table, a bedroom, or a pale, spare living room that wants one gentle shape in the air.","Bulb: 1 x E26, max 60W (LED recommended), dimmable with a compatible bulb and wall dimmer | Shade: hand-pleated mulberry washi paper on a steel wire frame, fire-retardant treated, 20 in diameter x 16 in H | Cord: 80 in black cloth-covered cord, adjustable at the canopy; hardwired | Canopy and ring: solid oak, black-stained or natural, 5 in canopy | Weight: 3 lb; suitable for 8 to 10 ft ceilings | Dust with a soft brush; keep away from steam; shade made in Japan",japandi | scandi-minimal,washi paper | oak,white | black,natural paper | black oak,over the dining table | calm bedroom | soft ambient light,dining room | bedroom | living room,,,,mid,paper lantern | wabi-sabi | handmade | ambient,Black oak:yes | Natural oak:yes,http://localhost:3002/marlow/mw-lgt-15.jpg,http://localhost:3002/marlow/p/kaede-paper-pendant
mw-dec-01,"Orchard Candle — Fig, Cedar & Black Tea",,,Decor,Candles & scent,38,,"A soy and coconut wax candle poured into a matte oatmeal stoneware cup, with a scent that opens on green fig and settles into cedarwood and black tea. The throw is quiet rather than sweet, so it reads as calm and clean in a small room. The cup is made to be kept and reused for pens or a single stem once the wax is gone.","8 oz / 227 g, approx. 45 hours burn time | Soy and coconut wax blend with a cotton wick | Scent notes: green fig, cedarwood, black tea, a trace of smoke | Reusable matte stoneware vessel, dishwasher safe once cleaned out | Trim wick to 5 mm before each burn | Hand-poured in Portland, Oregon",japandi | scandi-minimal,soy wax | coconut wax | stoneware,neutral | earth,oatmeal | charcoal,gift | winding down | hosting,living room | bedroom,,,,mid,gift | hand-poured | soy wax | stoneware | calm,8 oz:yes | 14 oz:yes:+18,http://localhost:3002/marlow/mw-dec-01.jpg,http://localhost:3002/marlow/p/orchard-candle-fig-cedar-black-tea
mw-dec-02,"Tidewater Candle — Sea Salt, Driftwood & White Musk",,,Decor,Candles & scent,35,,"A frosted sea-glass tumbler filled with a clean, airy scent: sea salt and driftwood up front, white musk and a little pale citrus underneath. It smells like a window left open on a bright morning, which makes it an easy one to burn in a bathroom or by the bed. Light enough to run every day without taking over a room.","7 oz / 198 g, approx. 40 hours burn time | Soy wax with a cotton wick | Scent notes: sea salt, driftwood, white musk, pale grapefruit | Frosted glass tumbler with a bamboo lid | Keep away from drafts for an even burn | Hand-poured in Maine",coastal,soy wax | frosted glass | bamboo,cool | white,sea glass | white,gift | summer evenings | bathroom,bathroom | bedroom | living room,,,,mid,gift | beach house | soy wax | airy | hand-poured,Frosted glass:yes | Sand ceramic:yes:+6,http://localhost:3002/marlow/mw-dec-02.jpg,http://localhost:3002/marlow/p/tidewater-candle-sea-salt-driftwood
mw-dec-03,"Harlow Candle — Amber, Tobacco Leaf & Vetiver",,,Decor,Candles & scent,48,58,"A moody, grown-up candle in a fluted black glass vessel with a polished brass lid. Amber and tobacco leaf lead, with bergamot on top and a dry vetiver base that lingers after the flame is out. It sits well on a bar cart or a velvet-heavy living room, and the lid keeps the scent sealed between burns.","10 oz / 283 g, approx. 55 hours burn time | Coconut and apricot wax blend, double cotton wick | Scent notes: amber, tobacco leaf, bergamot, vetiver, a touch of clove | Fluted glass vessel with a weighted brass lid | Vessel can be cleaned and reused as a stash jar | Hand-poured in Brooklyn, New York",art-deco-glam | maximalist-eclectic,coconut wax | glass | brass,black | warm,black | brass,gift | hosting | evenings in,living room | dining room | bedroom,,,,premium,gift | moody | brass lid | fluted | statement scent,Black glass:yes | Emerald glass:no,http://localhost:3002/marlow/mw-dec-03.jpg,http://localhost:3002/marlow/p/harlow-candle-amber-tobacco-leaf-vetiver
mw-dec-04,"Hearth Candle — Woodsmoke, Clove & Dried Orange",,,Decor,Candles & scent,28,,"A travel-sized soy candle in a lidded enamel tin, scented like a farmhouse kitchen in December: woodsmoke, clove and dried orange peel over a soft pine base. The cream tin with its dark green rim looks at home on a windowsill or a stack of cookbooks. It is small and sturdy enough to toss into a weekend bag.","5 oz / 142 g, approx. 30 hours burn time | Soy wax with a cotton wick | Scent notes: woodsmoke, clove, dried orange peel, balsam pine | Enameled steel tin with a snap-fit lid | Do not burn for more than 3 hours at a time | Hand-poured in Vermont",cottage-rustic,soy wax | enameled steel,neutral | earth,cream | forest green,gift | winter | stocking stuffer,kitchen | living room | entryway,,,,budget,gift | farmhouse | tin candle | travel size | winter,Cream tin:yes | Forest green tin:yes,http://localhost:3002/marlow/mw-dec-04.jpg,http://localhost:3002/marlow/p/hearth-candle-woodsmoke-clove-dried-orange
mw-dec-05,"Ilse Reed Diffuser — Bergamot, Hinoki & White Tea",,,Decor,Candles & scent,40,,"A flame-free diffuser in a slim clear glass bottle with a pale oak collar and natural rattan reeds. The scent is spare and green: bergamot first, then the soft cedar-like warmth of hinoki wood and a clean white tea finish. It is the kind of scent that makes a hallway or bathroom feel freshly cleaned without smelling like soap.","100 ml bottle, lasts approx. 3 months with 6 reeds | Fragrance oil in a plant-based carrier, alcohol free | Scent notes: bergamot, hinoki cypress, white tea, a hint of yuzu | Clear glass bottle with a solid oak collar and 8 rattan reeds | Flip the reeds weekly to refresh the throw | Blended in Kyoto, bottled in California",japandi | scandi-minimal,glass | oak | rattan,neutral | white,clear | natural oak,gift | entryway | flame-free scent,entryway | bathroom | bedroom,,,,mid,gift | reed diffuser | flame-free | hinoki | calm,100 ml:yes | 200 ml:yes:+20,http://localhost:3002/marlow/mw-dec-05.jpg,http://localhost:3002/marlow/p/ilse-reed-diffuser-bergamot-hinoki-white-tea
mw-dec-06,Kasbah Incense Set with Terracotta Holder,,,Decor,Candles & scent,25,,"Hand-rolled incense sticks packed in a kraft box with a small hand-formed terracotta holder, the kind of thing that ends up on a stack of books next to a trailing plant. The sandalwood is creamy and slow, the palo santo sweet and resinous, and the cedar and sage blend dry and a little smoky. Each stick burns for about forty minutes and leaves a warm, collected feel in the room.","40 sticks per box, approx. 40 minutes burn time each | Bamboo core rolled in natural resin, wood powder and essential oils | Unglazed terracotta holder included, 9 cm diameter | Sampler box contains 15 sticks each of sandalwood, palo santo and cedar & sage | Burn on a heat-safe surface in a ventilated room | Rolled in Jaipur, India",boho-global,bamboo | natural resin | terracotta,earth,terracotta | natural,gift | ritual | winding down,living room | bedroom | balcony,,,,budget,gift | incense | hand-rolled | terracotta | collected,Sandalwood:yes | Palo santo:yes | Cedar & sage:yes | Sampler:yes:+4,http://localhost:3002/marlow/mw-dec-06.jpg,http://localhost:3002/marlow/p/kasbah-incense-set-with-terracotta-holder
mw-dec-07,Nord Ash Vase,,,Decor,Vases,45,,"A tall, narrow-necked stoneware vase in a soft matte glaze that catches light the way chalk does. The silhouette is clean and slightly tapered, made to hold a single eucalyptus branch or three stems of dried grass without fuss. It is pale and quiet enough to sit on a white oak shelf and disappear until you notice it.","Small: 18 cm H x 9 cm W; Large: 28 cm H x 12 cm W | Stoneware with a matte food-safe glaze, watertight | Opening 3.5 cm, suits single branches and slim bunches | Hand-wash only | Made in Portugal",scandi-minimal,stoneware,white | neutral,chalk white | fog grey,gift | dried stems | shelf styling,living room | dining room | home office,,,,mid,gift | matte glaze | single stem | quiet | shelf,"Chalk white, 18 cm:yes | Chalk white, 28 cm:yes:+25 | Fog grey, 18 cm:yes | Fog grey, 28 cm:yes:+25",http://localhost:3002/marlow/mw-dec-07.jpg,http://localhost:3002/marlow/p/nord-ash-vase
mw-dec-08,Juno Bud Vases (Set of 3),,,Decor,Vases,38,,"Three small glazed stoneware bud vases in mustard, olive and teal, each a slightly different organic shape so they read as a family rather than a matching set. They line up on a windowsill or a walnut sideboard and look lived-in with a single sprig in each. The glazes are glossy and a little pooled at the base, which is where the hand-dipped character shows.","Heights 9 cm, 11 cm and 13 cm; openings 1.5–2.5 cm | Stoneware, hand-dipped in glossy glaze | Watertight, suited to fresh single stems | Hand-wash only; glaze variation is expected | Set of 3, gift boxed | Made in Portugal",mid-century,glazed stoneware,warm | bold,mustard | olive | teal,gift | windowsill | hosting,dining room | kitchen | home office,,,,mid,gift | set of 3 | bud vase | hand-glazed | windowsill,Mustard / olive / teal:yes | Walnut brown / cream / rust:yes,http://localhost:3002/marlow/mw-dec-08.jpg,http://localhost:3002/marlow/p/juno-bud-vases-set-of-3
mw-dec-09,Sora Wabi Vase,,,Decor,Vases,68,,"A hand-thrown black stoneware vase with a low, wide belly and a raw unglazed band around the shoulder where the clay shows through. No two are quite alike; the throwing lines and the slight lean are left in rather than smoothed away. It holds one bare branch well and looks right on an oak console in a spare, calm entryway.","22 cm H x 16 cm W at the belly; opening 5 cm | Black stoneware with a matte glaze and an unglazed raw band | Hand-thrown; expect variation in height and surface | Watertight; hand-wash only | Made in a family workshop in Mashiko, Japan",japandi,black stoneware,black | earth,matte black | raw clay,gift | single branch | entryway styling,living room | entryway | bedroom,,,,premium,gift | hand-thrown | wabi-sabi | one of a kind | dried stems,Matte black:yes | Ash glaze:no,http://localhost:3002/marlow/mw-dec-09.jpg,http://localhost:3002/marlow/p/sora-wabi-vase
mw-dec-10,Odessa Fluted Vase,,,Decor,Vases,85,,"A tall ribbed glass vase in deep emerald with a polished brass band at the foot and the rim. The fluting runs vertically so it throws stripes of light across a table when a lamp is on nearby, and the weighted base keeps a full bunch of ranunculus steady. It is polished and a little theatrical, the piece you put at the center of a dinner table.","30 cm H x 14 cm W; opening 10 cm | Mouth-blown fluted glass with brass-plated steel bands | Weighted base, approx. 1.6 kg | Hand-wash only; wipe brass dry after cleaning | Made in Poland",art-deco-glam,glass | brass,bold | warm,emerald | brass,gift | hosting | centerpiece,dining room | living room,,,,premium,gift | fluted | brass | jewel tone | statement,Emerald:yes | Smoky topaz:yes | Clear:yes,http://localhost:3002/marlow/mw-dec-10.jpg,http://localhost:3002/marlow/p/odessa-fluted-vase
mw-dec-11,Solace Smoked Glass Vase,,,Decor,Vases,58,,"A chunky, bulbous vase in mouth-blown smoked glass that goes from amber at the rim to a deep tobacco brown at the base. The curve is round and heavy in the hand, with a short flared neck that suits a few stems of pampas or a loose bunch of dried wheat. It warms up a shelf next to a bouclé chair and looks straight out of a 1974 living room, in the good way.",20 cm H x 18 cm W; opening 7 cm | Mouth-blown smoked glass; small bubbles are part of the process | Approx. 1.1 kg | Watertight; hand-wash only | Made in Portugal,retro-70s,smoked glass,warm | earth,amber | smoke brown,gift | dried stems | shelf styling,living room | dining room,,,,mid,smoked glass | mouth-blown | curved | 70s | gift,Amber:yes | Smoke brown:yes,http://localhost:3002/marlow/mw-dec-11.jpg,http://localhost:3002/marlow/p/solace-smoked-glass-vase
mw-dec-12,Meadow Jug Vase,,,Decor,Vases,40,,"A pitcher-shaped stoneware vase in a cream glaze with a comfortable loop handle and a pulled spout. It looks like something off a farmhouse dresser and holds a big armful of wildflowers, cow parsley or a bundle of garden herbs by the sink. Homely and unfussy, and it works as an actual jug for water or lemonade too.",24 cm H x 15 cm W; holds 1.4 L | Stoneware with a food-safe glaze | Dishwasher and microwave safe | Speckled oat glaze has visible iron flecks | Made in Portugal,cottage-rustic,stoneware,neutral,cream | speckled oat,gift | wildflowers | kitchen table,kitchen | dining room | entryway,,,,mid,gift | farmhouse | pitcher | wildflowers | hand-glazed,Cream:yes | Speckled oat:yes,http://localhost:3002/marlow/mw-dec-12.jpg,http://localhost:3002/marlow/p/meadow-jug-vase
mw-dec-13,Tierra Terracotta Planter,,,Decor,Planters,28,,"A classic unglazed terracotta pot with a matching saucer, thicker-walled than the garden-center kind and with a slightly rolled rim. The clay breathes, so roots stay healthy, and it picks up a soft patina of mineral bloom over time that only makes it look more collected. Line up three sizes on a balcony or cluster them by a sunny window with trailing pothos.","15 cm, 20 cm and 28 cm diameters; saucer included | Unglazed terracotta, fired at high temperature | Drainage hole in the base | Frost resistant to -5°C; bring indoors in hard winters | Made in Tuscany, Italy",boho-global,terracotta,earth,terracotta,houseplants | balcony | gift,living room | balcony | kitchen,,,,budget,drainage hole | saucer included | houseplants | balcony | gift,15 cm:yes | 20 cm:yes:+10 | 28 cm:yes:+28,http://localhost:3002/marlow/mw-dec-13.jpg,http://localhost:3002/marlow/p/tierra-terracotta-planter
mw-dec-14,Foundry Concrete Planter,,,Decor,Planters,48,,"A straight-sided cylinder cast in fiber-reinforced concrete, left raw with the pour marks and tiny air pockets showing. It has a utilitarian, loft-floor look that suits a snake plant or a rubber tree beside a steel-framed shelf. Heavier than ceramic at the same size, which keeps tall plants from tipping.","20 cm: 20 cm dia x 19 cm H, 2.4 kg; 30 cm: 30 cm dia x 28 cm H, 5.8 kg | Fiber-reinforced concrete, sealed inside | Drainage hole with a rubber plug for indoor use | Suitable for covered outdoor spaces | Cast in Ohio, USA",industrial,fiber concrete,neutral | black,raw grey | charcoal,houseplants | indoor outdoor | loft apartment,living room | home office | balcony,,,,mid,concrete | loft | indoor outdoor | drainage hole | raw,"Raw grey, 20 cm:yes | Raw grey, 30 cm:yes:+30 | Charcoal, 20 cm:yes | Charcoal, 30 cm:no:+30",http://localhost:3002/marlow/mw-dec-14.jpg,http://localhost:3002/marlow/p/foundry-concrete-planter
mw-dec-15,Cove Hanging Rattan Planter,,,Decor,Planters,35,,"A loosely woven rattan basket on a thick twisted cotton rope, with a removable plastic liner so you can hang a real pot inside without drips. The weave is open and sun-bleached in the whitewash finish, breezy and textured in the natural. It makes a trailing string-of-hearts look like it belongs in a light-filled corner or a bathroom with a skylight.",Basket 22 cm dia x 16 cm H; hangs 70 cm from the hook | Hand-woven rattan with a cotton rope hanger and brass hook | Removable waterproof liner included; fits pots up to 18 cm | Holds up to 4 kg | Woven in Indonesia,boho-global | coastal,rattan | cotton rope | brass,neutral | white,natural | whitewash,trailing plants | small space | gift,living room | balcony | bathroom,,,,mid,hanging planter | trailing plants | rope | small space | gift,Natural:yes | Whitewash:yes,http://localhost:3002/marlow/mw-dec-15.jpg,http://localhost:3002/marlow/p/cove-hanging-rattan-planter
mw-dec-16,Linden Planter with Stand,,,Decor,Planters,89,110,"A glossy glazed ceramic pot set into a solid walnut stand with three gently tapered legs, lifting the plant about 20 cm off the floor. It gives a fiddle-leaf fig or a bird of paradise the low-slung, organic look of a 1960s living room, and the stand keeps the pot off cold floors. The white glaze is the quiet option; olive and mustard are for people who already own a teal sofa.","Pot 25 cm dia x 23 cm H; overall height 43 cm with stand | Solid walnut stand with an oiled finish | Glazed stoneware pot with a drainage hole and saucer | Stand holds up to 15 kg | Simple assembly, legs screw in | Stand made in North Carolina; pot made in Portugal",mid-century,walnut | glazed stoneware,warm | white,walnut | white,large houseplants | statement corner | gift,living room | home office | entryway,,,,premium,plant stand | tapered legs | walnut | fiddle leaf | statement,Walnut / white:yes | Walnut / olive:yes | Walnut / mustard:yes,http://localhost:3002/marlow/mw-dec-16.jpg,http://localhost:3002/marlow/p/linden-planter-with-stand
mw-dec-17,Bloom Glazed Planter,,,Decor,Planters,38,,"A squat stoneware planter with a wavy, scalloped rim and a high-gloss glaze in colors that do not apologize: cobalt, fuchsia or lime. It is playful and a bit loud on its own, and even better in a group of mismatched colors on a crowded shelf. Put a calathea in it and let the leaves clash.",17 cm dia x 15 cm H; fits a 14 cm nursery pot | Stoneware with a glossy glaze | Drainage hole with a matching saucer included | Hand-wash only | Made in Portugal,maximalist-eclectic,glazed stoneware,bold,cobalt | fuchsia | lime,houseplants | gift | small space,living room | kids room | kitchen,,,,mid,bold color | wavy rim | playful | gift | small space,Cobalt:yes | Fuchsia:yes | Lime:yes,http://localhost:3002/marlow/mw-dec-17.jpg,http://localhost:3002/marlow/p/bloom-glazed-planter
mw-dec-18,Tempo Wall Clock,,,Decor,Clocks,98,,"A round wall clock with a solid walnut case, a cream face with slim brass hour markers and tapered brass hands. The silent sweep movement means no ticking in a home office or a bedroom. It is low-key and warm, the sort of clock that looks right above a walnut credenza with a mustard lamp beside it.","30 cm diameter x 5 cm deep | Solid walnut case with an oiled finish, domed glass lens | Quartz silent sweep movement, runs on 1 AA battery (included) | Keyhole hanger on the back | Made in Vietnam",mid-century,walnut | brass | glass,warm,walnut | brass | cream,gift | home office | silent clock,living room | kitchen | home office,,,,mid,silent sweep | wall clock | brass hands | walnut | gift,Walnut:yes | Black ash:no,http://localhost:3002/marlow/mw-dec-18.jpg,http://localhost:3002/marlow/p/tempo-wall-clock
mw-dec-19,Gantry Wall Clock,,,Decor,Clocks,110,,"An oversized open-face wall clock made from a ring of blackened steel with the numerals cut out and the hands and movement left exposed, so the wall shows through. It reads from across a loft or a long kitchen and has the raw, workshop look of a factory clock without the weight. Rivets and finish marks are left visible.","40 cm or 60 cm diameter, 4 cm deep | Laser-cut steel with a blackened or raw waxed finish | Quartz silent sweep movement, 1 AA battery (included) | Wall mount with a single screw; hardware included | Made in Poland",industrial,blackened steel | steel,black | neutral,black | raw steel,loft apartment | kitchen | statement wall,kitchen | home office | living room,,,,mid,loft | oversized | exposed hardware | steel | statement,"Blackened steel, 40 cm:yes | Raw steel, 40 cm:yes | Blackened steel, 60 cm:yes:+40",http://localhost:3002/marlow/mw-dec-19.jpg,http://localhost:3002/marlow/p/gantry-wall-clock
mw-dec-20,Lumen Mantel Clock,,,Decor,Clocks,165,,"A small mantel clock with a fluted brass case standing on a slab of white marble, the face a deep black enamel with gold batons. It is geometric and polished, built to catch lamplight on a mantel or a nightstand, and it is heavier than it looks. The kind of gift that gets kept for decades.","18 cm H x 14 cm W x 7 cm D; approx. 1.9 kg | Brass-plated fluted zinc case on a solid marble base | Quartz silent sweep movement, 1 AA battery (included) | Marble veining varies; no two bases match | Gift boxed | Assembled in Portugal",art-deco-glam,brass | marble | enamel,warm | white,brass | white marble | black,gift | mantel | nightstand,living room | bedroom | entryway,,,,premium,gift | statement | mantel clock | marble | fluted,White marble / brass:yes | Black marble / brass:yes:+15,http://localhost:3002/marlow/mw-dec-20.jpg,http://localhost:3002/marlow/p/lumen-mantel-clock
mw-dec-21,Marrakech Seagrass Baskets (Set of 3),,,Decor,Baskets & storage,58,68,"Three nesting baskets handwoven from seagrass and palm leaf with sturdy wrapped handles, in natural tones with an optional black chevron woven through. They are soft-sided but hold their shape, and the biggest one takes a full load of laundry or a large floor plant. Stacked in a corner or scattered through a layered living room, they add the warm, collected texture that makes a space feel settled.","Large 40 cm dia x 36 cm H; medium 33 x 30 cm; small 26 x 24 cm | Handwoven seagrass and palm leaf, no dye in the natural version | Wrapped palm handles | Spot clean with a damp cloth; keep dry | Woven by a fair-trade cooperative in Morocco",boho-global,seagrass | palm leaf,neutral | earth,natural | black stripe,laundry | plant basket | blanket storage,living room | bedroom | entryway,,,,mid,set of 3 | handwoven | laundry | plant basket | fair trade,Natural:yes | Natural with black stripe:yes,http://localhost:3002/marlow/mw-dec-21.jpg,http://localhost:3002/marlow/p/marrakech-seagrass-baskets-set-of-3
mw-dec-22,Halden Felt Storage Bins (Set of 2),,,Decor,Baskets & storage,30,,"Two cube bins in thick pressed wool felt, pale grey with blind-stitched seams and a soft structure that stands up on its own but folds flat when empty. They slide into a shelving cube or sit on the floor of a nursery holding blocks, cables or spare bedding. Quiet, soft and easy to live with, in a way that plastic bins never are.","28 cm W x 28 cm D x 28 cm H each | 4 mm pressed wool-blend felt, 60% wool / 40% recycled polyester | Folds flat for storage | Spot clean only | Set of 2 | Made in Lithuania",scandi-minimal,wool felt,neutral,light grey | oatmeal | charcoal,shelf storage | nursery | small space,bedroom | kids room | home office,,,,budget,shelf storage | foldable | nursery | soft | small space,Light grey:yes | Oatmeal:yes | Charcoal:yes,http://localhost:3002/marlow/mw-dec-22.jpg,http://localhost:3002/marlow/p/halden-felt-storage-bins-set-of-2
mw-dec-23,Dockside Rope Basket,,,Decor,Baskets & storage,45,,"A wide, low basket coiled from thick cotton rope and stitched with a single soft blue stripe near the rim, with two generous rope handles. It is light and airy, holds a pile of throws by the sofa or towels in a bathroom, and takes being dragged around a beach house without complaint. Machine washable, which is rare for a basket this size.","45 cm dia x 30 cm H | 100% cotton rope, coiled and stitched | Two integrated rope handles | Machine wash cold, reshape while damp | Made in India",coastal,cotton rope,neutral | cool,natural | soft blue,blanket storage | towels | gift,living room | bathroom | bedroom,,,,mid,rope basket | blanket storage | handles | beach house | gift,Natural:yes | Natural with blue stripe:yes | Sand:no,http://localhost:3002/marlow/mw-dec-23.jpg,http://localhost:3002/marlow/p/dockside-rope-basket
mw-dec-24,Fenwick Wire Crate,,,Decor,Baskets & storage,65,,"A stackable storage crate in black powder-coated steel wire with a lid of reclaimed pine planks that doubles as a shelf for the crate above. The wire shows what is inside, so it works for pantry overflow, firewood kindling or boots by the door. Raw and practical, with the pine softening the steel just enough to sit in a farmhouse kitchen or a loft.","45 cm W x 30 cm D x 28 cm H | Powder-coated steel wire frame, 4 mm gauge | Reclaimed pine lid with a brushed wax finish | Stacks up to 3 high; holds up to 20 kg | Wipe clean | Made in Portugal",industrial | cottage-rustic,steel wire | reclaimed pine,black | warm,black | pine | galvanized,pantry | entryway | stackable storage,kitchen | entryway | home office,,,,mid,stackable | farmhouse | pantry | reclaimed wood | wire crate,Black / pine:yes | Galvanized / pine:yes,http://localhost:3002/marlow/mw-dec-24.jpg,http://localhost:3002/marlow/p/fenwick-wire-crate
mw-dec-25,Groove Storage Pouf,,,Decor,Baskets & storage,139,,"A round, chunky pouf upholstered in nubby bouclé with a lift-off lid and a deep hollow underneath for blankets, board games or the things you do not want on show. The curved shape and the burnt orange color are pure 1970s, warm and a little groovy, and it works as a footstool or an extra seat when people come over. Cream and chocolate are the quieter options.","45 cm dia x 40 cm H; storage cavity 38 cm dia x 28 cm deep | Bouclé upholstery, 70% polyester / 30% wool, over a pine frame | High-density foam seat, holds up to 120 kg | Lid lifts off; no hinge | Spot clean only | Upholstered in Portugal",retro-70s,bouclé | pine | foam,warm | neutral,burnt orange | cream | chocolate,hidden storage | extra seating | footstool,living room | bedroom,,,,premium,storage ottoman | bouclé | footstool | hidden storage | statement,Burnt orange:yes | Cream:yes | Chocolate:yes,http://localhost:3002/marlow/mw-dec-25.jpg,http://localhost:3002/marlow/p/groove-storage-pouf
mw-wrk-01,Fenwick Desk,,,Workspace,Desks,365,,"A pale white oak writing desk with a single slim drawer and straight, square-edged legs. The top is finished in a matte hardwax oil so it stays light and quiet rather than glossy, and the drawer front sits flush with no visible pull. It suits a small home office or a bedroom corner where you want the desk to disappear into the wall.","120 cm W x 60 cm D x 75 cm H | Solid white oak frame with oak-veneered engineered top | One push-to-open drawer, 50 cm W x 35 cm D x 8 cm H interior | Finished with plant-based hardwax oil; wipe with a damp cloth | Assembly in about 20 minutes with the included hex key | Made in Lithuania",scandi-minimal,white oak | engineered wood,neutral | white,white oak | natural,small apartment | working from home | study,home office | bedroom,,,,budget,small space | compact | solid wood | minimal,White oak:yes | White oak / white top:yes,http://localhost:3002/marlow/mw-wrk-01.jpg,http://localhost:3002/marlow/p/fenwick-desk
mw-wrk-02,Larkin Writing Desk,,,Workspace,Desks,650,,"A low-slung walnut writing desk with tapered, splayed legs and two drawers with slim brass pulls. The top has a gently bowed front edge and a warm, hand-rubbed finish that deepens as it ages. It brings a 1950s study feel to a home office and pairs easily with a leather or wool chair.","130 cm W x 62 cm D x 76 cm H | Solid American walnut legs and frame, walnut-veneered top | Two drawers on wooden runners, solid brass pulls | Cable grommet at rear center | Lacquer finish; dust with a soft cloth, avoid direct sun | Made in Vietnam",mid-century,walnut | brass,warm | earth,walnut | brass,working from home | writing | study,home office | living room,,,,premium,walnut | tapered legs | brass hardware | statement piece,Walnut:yes | Walnut / 150 cm:yes:+90,http://localhost:3002/marlow/mw-wrk-02.jpg,http://localhost:3002/marlow/p/larkin-writing-desk
mw-wrk-03,Kessler Sit-Stand Desk,,,Workspace,Desks,780,,"A reclaimed oak top on a blackened steel electric frame that lifts from sitting to standing with a quiet motor. The planks keep their saw marks and nail holes, and the exposed steel feet and crossbar give it a raw, loft-workshop look. It is built for long days at a screen and for people who like their furniture to show how it was made.","140 cm W x 70 cm D; height adjusts from 71 cm to 118 cm | Reclaimed European oak top, 30 mm thick, sealed with matte polyurethane | Powder-coated steel dual-motor frame, 100 kg lift capacity | Four memory presets on the control panel | Top planks vary in grain and color; each desk is unique | Frame made in Taiwan, top finished in Poland",industrial,reclaimed oak | blackened steel,earth | black,reclaimed oak | matte black,working from home | standing desk | long hours,home office,,,,premium,standing desk | reclaimed wood | loft | ergonomic,Black frame:yes | Raw steel frame:no | Black frame / 160 cm:yes:+120,http://localhost:3002/marlow/mw-wrk-03.jpg,http://localhost:3002/marlow/p/kessler-sit-stand-desk
mw-wrk-04,Soren Desk,,,Workspace,Desks,520,,"A spare oak desk with a thin black steel frame and a single open shelf beneath the top. The oak is brushed and oiled so you can feel the grain, and the proportions sit low and calm, with nothing to distract from the work in front of you. It suits a quiet home office or a corner of a Japandi bedroom.","120 cm W x 58 cm D x 73 cm H | Solid white oak top and shelf, 22 mm thick | Matte black powder-coated steel frame | Open shelf 110 cm W x 25 cm D for a notebook and tray | Oiled finish; re-oil once a year | Made in Portugal",japandi | scandi-minimal,oak | steel,neutral | black,oak | black,working from home | small apartment | study,home office | bedroom,,,,mid,low profile | oak | calm | open shelf,Oak / black:yes | Smoked oak / black:yes:+40,http://localhost:3002/marlow/mw-wrk-04.jpg,http://localhost:3002/marlow/p/soren-desk
mw-wrk-05,Juno Swivel Desk Chair,,,Workspace,Desk chairs,395,,"A rounded, chunky desk chair in cream bouclé on a polished chrome five-star base. The seat and back are one continuous curve, padded deep enough for an afternoon of calls, and the whole thing swivels and rolls with a soft, slightly groovy ease. It makes a home office feel less like an office and more like a 1970s den.",64 cm W x 62 cm D x 78–86 cm H; seat height 42–50 cm | Polyester bouclé upholstery over high-density foam | Chrome-plated steel base with gas lift and soft casters | Weight capacity 120 kg | Spot clean with a damp cloth; no bleach | Made in China,retro-70s,bouclé | chrome | foam,neutral | warm,cream | chrome,working from home | video calls | vanity seat,home office | bedroom,,,,mid,bouclé | swivel | curved | statement piece,Cream bouclé:yes | Burnt orange bouclé:yes | Cocoa bouclé:yes,http://localhost:3002/marlow/mw-wrk-05.jpg,http://localhost:3002/marlow/p/juno-swivel-desk-chair
mw-wrk-06,Hale Task Chair,,,Workspace,Desk chairs,280,340,"A no-nonsense task chair with a blackened steel frame, a breathable charcoal mesh back and a firm molded seat. The exposed bolts and matte finish give it a utilitarian workshop look without the bulk of a typical office chair. It is the one to pick if you spend serious hours at a desk and want support that does not fuss over styling.","60 cm W x 60 cm D x 92–102 cm H; seat height 44–54 cm | Powder-coated steel frame, recycled polyester mesh back | Adjustable lumbar, seat height and tilt tension | Weight capacity 135 kg | Hard-floor casters included | Made in Taiwan",industrial,steel | mesh | polypropylene,black,charcoal | matte black,working from home | long hours | ergonomic,home office,,,,budget,ergonomic | mesh | utilitarian | sale,Charcoal:yes | Olive:yes,http://localhost:3002/marlow/mw-wrk-06.jpg,http://localhost:3002/marlow/p/hale-task-chair
mw-wrk-07,Vesper Velvet Desk Chair,,,Workspace,Desk chairs,450,,"A channel-tufted desk chair in emerald velvet on a polished brass swivel base. The back has vertical fluting that catches the light, and the armrests are capped in brass to match. It is a polished, slightly glamorous seat for a home office that doubles as a dressing room.",62 cm W x 64 cm D x 84–92 cm H; seat height 43–51 cm | Cotton-blend velvet over high-resilience foam | Brass-finished steel five-star base with gas lift | Weight capacity 115 kg | Vacuum with upholstery brush; professional clean only | Made in China,art-deco-glam,velvet | brass | steel,bold | cool,emerald | brass,working from home | vanity seat | hosting,home office | bedroom,,,,premium,velvet | fluted | brass | jewel tone,Emerald:yes | Sapphire:yes | Blush:no,http://localhost:3002/marlow/mw-wrk-07.jpg,http://localhost:3002/marlow/p/vesper-velvet-desk-chair
mw-wrk-08,Tilde Desk Organizer,,,Workspace,Organizers,48,,"A low oak tray with a matte black steel divider that sorts pens, a phone, and a few cards into three open bays. The oak is left raw and oiled, and the steel sits just proud of the wood so the two materials read as separate pieces. It keeps a desk top spare and tidy without looking like office supply.","30 cm W x 12 cm D x 5 cm H | Solid white oak tray, powder-coated steel insert | Three compartments; the widest holds a phone upright | Oiled finish; wipe clean | Made in Portugal",japandi,oak | steel,neutral | black,oak | black,desk tidy | entryway catch-all | gift,home office | entryway,,,,mid,desk tidy | oak | gift | minimal,Oak / black:yes | Black oak / black:yes,http://localhost:3002/marlow/mw-wrk-08.jpg,http://localhost:3002/marlow/p/tilde-desk-organizer
mw-wrk-09,Sabi Woven Desk Trays (Set of 3),,,Workspace,Organizers,38,,"Three nesting trays hand-woven from natural seagrass with a terracotta cotton trim along the rim. They corral mail, chargers and notebooks with a relaxed, collected texture that softens a desk full of screens. Use them together as a stack or scatter them across a shelf.","Large 30 x 22 x 6 cm, medium 24 x 17 x 5 cm, small 18 x 12 x 4 cm | Hand-woven seagrass with cotton binding | Each tray varies slightly in weave and shade | Keep dry; dust with a soft brush | Made in Vietnam",boho-global,seagrass | cotton,earth | warm,natural | terracotta,desk tidy | mail sorting | small apartment,home office | entryway | living room,,,,budget,hand-woven | natural fiber | set | textured,Natural / terracotta:yes | Natural / black:yes,http://localhost:3002/marlow/mw-wrk-09.jpg,http://localhost:3002/marlow/p/sabi-woven-desk-trays-set-of-3
mw-wrk-10,Ledger Monitor Stand,,,Workspace,Organizers,95,,"A solid walnut monitor riser with tapered legs and a shallow drawer that slides out on either side for a keyboard or notebook. The edges are softly rounded and the grain runs the full length, so it looks like a small piece of furniture rather than an accessory. It lifts a screen to eye level and clears the desk beneath it.","56 cm W x 24 cm D x 11 cm H | Solid American walnut, oiled finish | Supports monitors up to 20 kg | Pull-through drawer 48 cm W x 20 cm D x 4 cm H | Made in Vietnam",mid-century,walnut,warm | earth,walnut,ergonomic | desk tidy | working from home,home office,,,,premium,walnut | monitor riser | tapered legs | ergonomic,Walnut:yes | Oak:yes,http://localhost:3002/marlow/mw-wrk-10.jpg,http://localhost:3002/marlow/p/ledger-monitor-stand
mw-wrk-11,Bramble Pine Pegboard,,,Workspace,Organizers,68,85,"A knotty pine pegboard with turned wooden pegs, two small shelves and a cream cotton pocket for post and pencils. It hangs above a desk or inside a cupboard door and has the homely, slightly scuffed charm of a farmhouse kitchen wall. Rearrange the pegs as your clutter changes.","60 cm W x 45 cm H x 2 cm D | Solid pine with a clear matte wax finish | Includes 10 pegs, 2 shelves and 1 cotton pocket | Keyhole hangers on the back; wall fixings included | Made in Poland",cottage-rustic,pine | cotton,warm | neutral,natural pine | cream,wall storage | small apartment | kids homework,home office | kitchen | kids room,,,,mid,pegboard | wall mounted | farmhouse | sale,Natural pine:yes | Whitewashed pine:yes,http://localhost:3002/marlow/mw-wrk-11.jpg,http://localhost:3002/marlow/p/bramble-pine-pegboard
mw-wrk-12,Linea Linen Notebooks (Set of 2),,,Workspace,Stationery,28,,"Two A5 notebooks bound in washed linen, one sand and one soft blue, with a sewn spine that lies flat. The paper is a creamy, slightly textured 100 gsm that takes fountain pen without bleeding, and the pages are dot-grid so they work for lists or sketches. They look like something found in a beach house study.","A5, 148 x 210 mm; 160 pages each | Washed linen over board, thread-sewn binding | 100 gsm FSC-certified dot-grid paper | Elastic closure and ribbon marker | Made in Portugal",coastal,linen | paper,pastel | neutral,sand | soft blue,journaling | gift | meeting notes,home office,,,,budget,notebook | linen | dot grid | gift,Sand / soft blue:yes | White / sage:yes,http://localhost:3002/marlow/mw-wrk-12.jpg,http://localhost:3002/marlow/p/linea-linen-notebooks-set-of-2
mw-wrk-13,Fête Patterned Notebook Set,,,Workspace,Stationery,34,,"Three A5 notebooks with bold, clashing covers: a magenta and tangerine wave, a cobalt leopard, and a lime-green check, each finished with a contrasting cloth spine. They are playful, loud and built to be stacked on a desk where more is more. The lined paper inside is heavy enough for markers.","A5, 148 x 210 mm; 128 pages each | Printed board covers with cloth tape spine | 120 gsm lined paper | Set of three; covers do not repeat | Made in Spain",maximalist-eclectic,paper | board,bold,magenta | cobalt | lime,journaling | gift | school,home office | kids room,,,,mid,bold pattern | notebook | set | gift,Set of 3:yes,http://localhost:3002/marlow/mw-wrk-13.jpg,http://localhost:3002/marlow/p/fete-patterned-notebook-set
mw-wrk-14,Aster Fluted Brass Pen,,,Workspace,Stationery,58,,"A weighty rollerball pen machined from solid brass with a fluted barrel and a polished cap. It has a geometric, slightly jewelry-like finish that patinas with handling, and the balance is heavy enough that writing feels deliberate. It comes in a black gift box, which is to say most people buy it for someone else.","140 mm long, 11 mm diameter; 42 g | Solid machined brass, unlacquered | Takes standard Schmidt-style rollerball refills; one black refill included | Brass darkens over time; polish with a soft cloth to restore shine | Made in Japan",art-deco-glam,brass,warm,brass | gold,gift | signing | everyday writing,home office,,,,premium,brass | fluted | gift | patina,Brass:yes | Black / brass:no,http://localhost:3002/marlow/mw-wrk-14.jpg,http://localhost:3002/marlow/p/aster-fluted-brass-pen
mw-wrk-15,Halden Wool Desk Pad,,,Workspace,Stationery,42,,"A thick, pale grey wool felt desk pad with a stitched edge that softens the sound of a keyboard and gives a mouse a quiet surface. It lies flat without curling and keeps a desk top looking clean and considered. Pair it with the Tilde organizer for a calm, two-tone setup.","70 cm W x 35 cm D x 4 mm thick | 100% merino wool felt, naturally stain-resistant | Stitched edge; non-slip backing | Spot clean with cold water; air dry flat | Made in Germany",scandi-minimal | japandi,wool felt,neutral,light grey | charcoal,working from home | desk protection | small apartment,home office,,,,mid,wool | desk mat | quiet | minimal,Light grey:yes | Charcoal:yes | Light grey / 90 cm:yes:+12,http://localhost:3002/marlow/mw-wrk-15.jpg,http://localhost:3002/marlow/p/halden-wool-desk-pad
mw-out-01,Tidewater Teak Lounge Chair,,,Outdoor,Seating,495,,"A low, wide lounge chair in grade-A teak with a slatted back and a sand-colored cushion in UV-stable, quick-drying fabric. The frame is left unfinished so it silvers to a soft driftwood grey over a season or two, and the loose rope detail on the arms keeps it breezy. It is the chair you sit in with coffee while the balcony is still in shade.","72 cm W x 84 cm D x 78 cm H; seat height 38 cm | Solid plantation teak, naturally oil-rich and rot resistant; weathers to silver-grey or keep golden with annual teak oil | Cushion in solution-dyed acrylic, fade and mildew resistant; cover zips off for washing | Marine-grade stainless steel fixings | Weight capacity 140 kg | Made in Indonesia",coastal,teak | solution-dyed acrylic | rope,neutral | pastel,teak | sand | soft blue,balcony lounging | morning coffee | small outdoor space,balcony | living room,,,,premium,teak | weather resistant | lounge chair | airy,Sand cushion:yes | Soft blue cushion:yes | No cushion:yes:-60,http://localhost:3002/marlow/mw-out-01.jpg,http://localhost:3002/marlow/p/tidewater-teak-lounge-chair
mw-out-02,Dune Bistro Set,,,Outdoor,Seating,360,,"A round table and two stacking chairs in olive powder-coated aluminum with tapered legs and gently curved seat shells. The set is light enough to carry through a door and sized to fit a narrow balcony, with a slatted table top that sheds rain. It has a low-slung, 1960s café look that works with a plant or two and not much else.","Table 60 cm diameter x 72 cm H; chairs 52 cm W x 55 cm D x 78 cm H | Powder-coated aluminum, rust-proof and UV stable; wipe clean | Chairs stack up to four high | Adjustable glides for uneven decking | Chair weight capacity 120 kg each | Made in Vietnam",mid-century,powder-coated aluminum,earth | warm,olive | mustard,small outdoor space | outdoor dining | two people,balcony,,,,mid,bistro set | stackable | small space | weather resistant,Olive:yes | Mustard:yes | Charcoal:no,http://localhost:3002/marlow/mw-out-02.jpg,http://localhost:3002/marlow/p/dune-bistro-set
mw-out-03,Nook Rope Lounge Chair,,,Outdoor,Seating,295,350,"A cocooning armchair hand-wrapped in terracotta all-weather rope over a matte black aluminum frame, with a woven jute-look cushion. The open weave lets air and light through and gives it a relaxed, collected-on-your-travels feel. It is wide enough to tuck your feet up in and light enough to move with the sun.","76 cm W x 78 cm D x 72 cm H; seat height 36 cm | Powder-coated aluminum frame, rust-proof | Polyolefin rope, UV stable and colorfast; hose down to clean | Cushion in UV-stable olefin fabric with quick-dry foam | Weight capacity 125 kg | Made in Indonesia",boho-global,polyolefin rope | powder-coated aluminum | olefin,earth | warm,terracotta | black | natural,balcony lounging | reading nook | small outdoor space,balcony,,,,budget,woven | rope | relaxed | sale,Terracotta:yes | Natural:yes,http://localhost:3002/marlow/mw-out-03.jpg,http://localhost:3002/marlow/p/nook-rope-lounge-chair
mw-out-04,Pier Teak Bench,,,Outdoor,Seating,480,,"A plain, beautifully joined teak bench with square legs and a slatted seat, no arms, no back, nothing extra. The pale honey wood and the clean proportions suit a spare balcony where a bench doubles as a plant stand or a low table. Leave it out year-round; teak looks after itself.",120 cm W x 38 cm D x 45 cm H | Solid plantation teak with mortise-and-tenon joints; left unfinished | Naturally weather resistant; weathers to silver-grey outdoors | Stainless steel hardware | Weight capacity 200 kg | Made in Indonesia,scandi-minimal | japandi,teak,neutral | warm,teak | honey,small outdoor space | plant stand | entryway seat,balcony | entryway,,,,premium,teak | bench | minimal | weather resistant,120 cm:yes | 150 cm:yes:+95,http://localhost:3002/marlow/mw-out-04.jpg,http://localhost:3002/marlow/p/pier-teak-bench
mw-out-05,Cove Fiberstone Planter,,,Outdoor,Planters,78,,"A tall, tapered planter cast in fiberstone with a mottled, stone-grey surface that looks like weathered concrete at a fraction of the weight. The matte finish and quiet silhouette sit well behind an olive or a grass and leave the plant to do the talking. It is frost-proof and UV stable, so it can stay on a balcony through winter.","35 cm diameter x 50 cm H; 6 kg | Fiberstone (fiberglass-reinforced stone composite), frost and UV resistant | Pre-drilled drainage hole with removable plug | Fits a 30 cm nursery pot | Made in Vietnam",japandi,fiberstone,neutral | black,stone grey | black,large plants | balcony garden | entryway,balcony | entryway,,,,mid,frost proof | lightweight | concrete look | calm,Stone grey:yes | Black:yes | Stone grey / 70 cm:yes:+42,http://localhost:3002/marlow/mw-out-05.jpg,http://localhost:3002/marlow/p/cove-fiberstone-planter
mw-out-06,Rialto Fluted Planter,,,Outdoor,Planters,95,,"A deep green glazed planter with vertical fluting and a brushed brass rim, shaped like a scaled-up cocktail glass. The high-gloss glaze catches afternoon light, and the geometric ribs make even a plain fern look dressed up. It is the planter for a balcony that leans toward polished rather than rustic.",32 cm diameter x 32 cm H; 5 kg | Frost-resistant glazed stoneware with powder-coated aluminum rim | Drainage hole and matching saucer included | Glaze is UV stable; wipe clean | Made in Portugal,art-deco-glam,glazed stoneware | powder-coated aluminum,bold | cool,emerald | brass,statement plant | balcony garden | gift,balcony | living room,,,,premium,fluted | glazed | jewel tone | brass,Emerald:yes | Navy:yes,http://localhost:3002/marlow/mw-out-06.jpg,http://localhost:3002/marlow/p/rialto-fluted-planter
mw-out-07,Mesa Terracotta Pots (Set of 3),,,Outdoor,Planters,42,,"Three hand-thrown terracotta pots in graduated sizes, each with a slightly flared rim and a raw, chalky surface that blooms with white mineral marks as the plant drinks. They look like a potting shed in the south of Spain, and they are fired hot enough to shrug off frost. Fill them with herbs and line them along a railing.","Large 22 cm, medium 17 cm, small 13 cm diameter; heights to match | High-fired terracotta, frost resistant to -10 °C | Drainage holes; saucers sold separately | Each pot varies in color and thickness | Made in Spain",cottage-rustic | boho-global,terracotta,earth | warm,terracotta,herb garden | balcony garden | gift,balcony | kitchen,,,,budget,terracotta | hand-thrown | set | herbs,Set of 3:yes | Set of 3 with saucers:yes:+12,http://localhost:3002/marlow/mw-out-07.jpg,http://localhost:3002/marlow/p/mesa-terracotta-pots-set-of-3
mw-out-08,Beacon Steel Lantern,,,Outdoor,Lanterns,68,,"A square lantern in blackened powder-coated steel with riveted corners, a hinged door and tempered glass panels. It holds a chunky pillar candle or a battery LED and throws a moody, caged light across a railing or a table. The raw, utilitarian build means it can sit out in rain without fuss.","18 cm W x 18 cm D x 36 cm H; 2.4 kg | Powder-coated steel, rust resistant; tempered glass panels | Fits pillar candles up to 10 cm diameter; candle not included | Carry handle on top; hang from a hook or set on a table | Wipe dry after heavy rain | Made in India",industrial,powder-coated steel | tempered glass,black,matte black,evening light | balcony dining | entryway,balcony | entryway,,,,mid,lantern | candle | moody | weather resistant,Matte black:yes | Matte black / 50 cm:yes:+30,http://localhost:3002/marlow/mw-out-08.jpg,http://localhost:3002/marlow/p/beacon-steel-lantern
mw-out-09,Shoal Rope Lantern,,,Outdoor,Lanterns,48,,"A whitewashed wood lantern with a thick rope handle and clear glass sides, sized for a tealight cluster or a small LED pillar. The pale, slightly chalky finish and the nautical rope give it the light, airy feel of a beach-house porch. Hang it from a hook or set a few along a balcony wall for a soft evening glow.","15 cm W x 15 cm D x 30 cm H | Acacia wood with a UV-stable whitewash sealant; tempered glass | Jute-look polyester rope handle, weatherproof | Fits tealights or pillars up to 8 cm diameter; candle not included | Bring inside in prolonged heavy rain | Made in Vietnam",coastal,acacia wood | rope | tempered glass,white | neutral,whitewash | natural rope,evening light | hosting | gift,balcony | living room,,,,budget,lantern | whitewashed | rope | airy,Whitewash:yes | Driftwood grey:no,http://localhost:3002/marlow/mw-out-09.jpg,http://localhost:3002/marlow/p/shoal-rope-lantern
mw-out-10,Solis Smoked Glass Solar Lantern,,,Outdoor,Lanterns,85,,"A globe lantern in smoked amber glass on a burnt-orange powder-coated aluminum base with a solar panel hidden in the lid. It charges through the day and glows a warm, low amber at dusk, like a 1970s hotel bar lamp that wandered outside. The chunky, rounded shape looks as good unlit on a table as it does glowing on a railing.","22 cm diameter x 28 cm H | Smoked tempered glass globe, UV stable; powder-coated aluminum base and lid | Integrated solar panel and 2700 K LED; up to 8 hours light on a full charge | IP44 weather rating; auto on at dusk | No candle needed; replaceable rechargeable battery | Made in China",retro-70s,smoked glass | powder-coated aluminum,warm | bold,amber | burnt orange,evening light | hosting | no power outlet,balcony,,,,premium,solar | smoked glass | groovy | weather resistant,Burnt orange:yes | Chocolate:yes,http://localhost:3002/marlow/mw-out-10.jpg,http://localhost:3002/marlow/p/solis-smoked-glass-solar-lantern
